"ENSG_id","beta","HR","CI","wald.test.test","HR.pvalue.pvalue","wald.test","HR.pvalue","Symbol"
"ENSG00000269416.4",-0.00053,1,"(0.867-1.15)","0","0.994",0,0.994,"LINC01224"
"ENSG00000275479.1",0.039,1,"(0.957-1.13)","0.85","0.357",0.85,0.357,"RP11-334C17.6"
"ENSG00000273055.1",0.14,1.1,"(0.972-1.36)","2.66","0.103",2.66,0.103,"CTB-13F3.1"
"ENSG00000269680.1",0.32,1.4,"(1.09-1.74)","7.2","0.00728",7.2,0.00728,"CTD-3128G10.6"
"ENSG00000271824.1",0.014,1,"(0.946-1.09)","0.16","0.691",0.16,0.691,"AC009014.3"
"ENSG00000237424.1",0.054,1.1,"(0.852-1.31)","0.24","0.622",0.24,0.622,"FOXD2-AS1"
"ENSG00000226824.5",0.2,1.2,"(0.979-1.53)","3.15","0.076",3.15,0.076,"RP4-756H11.3"
"ENSG00000255153.1",0.16,1.2,"(0.921-1.49)","1.66","0.197",1.66,0.197,"TOLLIP-AS1"
"ENSG00000261663.1",0.057,1.1,"(0.871-1.29)","0.33","0.566",0.33,0.566,"RP11-304L19.11"
"ENSG00000255774.1",-0.033,0.97,"(0.861-1.09)","0.31","0.575",0.31,0.575,"AP000439.3"
"ENSG00000239911.2",0.072,1.1,"(0.955-1.21)","1.44","0.23",1.44,0.23,"PRKAG2-AS1"
"ENSG00000272079.2",-0.042,0.96,"(0.826-1.11)","0.3","0.585",0.3,0.585,"LA16c-380H5.5"
"ENSG00000224870.5",0.019,1,"(0.708-1.47)","0.01","0.918",0.01,0.918,"RP4-758J18.2"
"ENSG00000270015.1",0.32,1.4,"(1.04-1.81)","5.08","0.0242",5.08,0.0242,"RP11-540B6.6"
"ENSG00000227719.1",0.13,1.1,"(0.961-1.35)","2.24","0.135",2.24,0.135,"AC006042.6"
"ENSG00000272335.1",0.056,1.1,"(0.837-1.34)","0.22","0.638",0.22,0.638,"RP11-53O19.3"
"ENSG00000256073.3",0.22,1.2,"(0.947-1.64)","2.48","0.116",2.48,0.116,"URB1-AS1"
"ENSG00000249042.4",-0.056,0.95,"(0.711-1.26)","0.15","0.702",0.15,0.702,"CTD-2015H6.3"
"ENSG00000245910.7",0.0099,1,"(0.764-1.34)","0","0.945",0,0.945,"SNHG6"
"ENSG00000215190.7",0.24,1.3,"(0.947-1.71)","2.57","0.109",2.57,0.109,"LINC00680"
"ENSG00000235280.2",0.13,1.1,"(0.949-1.36)","1.92","0.166",1.92,0.166,"MCF2L-AS1"
"ENSG00000273366.1",-0.069,0.93,"(0.781-1.12)","0.58","0.447",0.58,0.447,"CTA-989H11.1"
"ENSG00000273151.1",0.2,1.2,"(1.03-1.46)","5.25","0.022",5.25,0.022,"RP11-449P15.2"
"ENSG00000254166.1",0.012,1,"(0.88-1.16)","0.03","0.865",0.03,0.865,"CASC19"
"ENSG00000279207.1",-0.068,0.93,"(0.725-1.2)","0.27","0.601",0.27,0.601,"RP11-159D12.8"
"ENSG00000117242.7",-0.26,0.77,"(0.581-1.03)","3.16","0.0755",3.16,0.0755,"PINK1-AS"
"ENSG00000263335.1",-0.023,0.98,"(0.826-1.16)","0.07","0.787",0.07,0.787,"AF001548.5"
"ENSG00000272667.1",0.29,1.3,"(1-1.79)","3.97","0.0464",3.97,0.0464,"RP11-395A13.2"
"ENSG00000274213.1",0.016,1,"(0.874-1.18)","0.04","0.837",0.04,0.837,"RP11-670E13.6"
"ENSG00000237883.1",0.049,1.1,"(0.868-1.27)","0.25","0.614",0.25,0.614,"DGUOK-AS1"
"ENSG00000234072.1",0.19,1.2,"(0.92-1.58)","1.83","0.176",1.83,0.176,"AC074117.10"
"ENSG00000253716.4",0.14,1.2,"(0.917-1.44)","1.47","0.225",1.47,0.225,"RP13-582O9.5"
"ENSG00000272189.1",-0.096,0.91,"(0.707-1.17)","0.56","0.453",0.56,0.453,"RP3-325F22.5"
"ENSG00000238058.1",0.021,1,"(0.89-1.17)","0.09","0.761",0.09,0.761,"RP11-432J22.2"
"ENSG00000224152.1",-0.017,0.98,"(0.719-1.34)","0.01","0.916",0.01,0.916,"AC009506.1"
"ENSG00000267493.3",0.11,1.1,"(0.904-1.39)","1.07","0.3",1.07,0.3,"CIRBP-AS1"
"ENSG00000197180.2",0.089,1.1,"(0.861-1.39)","0.53","0.467",0.53,0.467,"CH17-340M24.3"
"ENSG00000254635.4",0.064,1.1,"(0.778-1.46)","0.16","0.691",0.16,0.691,"WAC-AS1"
"ENSG00000230061.2",-0.0088,0.99,"(0.92-1.07)","0.05","0.816",0.05,0.816,"TRPM2-AS"
"ENSG00000269640.4",0.094,1.1,"(0.937-1.29)","1.34","0.247",1.34,0.247,"CTD-2521M24.9"
"ENSG00000256537.3",0.1,1.1,"(0.711-1.73)","0.21","0.647",0.21,0.647,"RP11-785H5.1"
"ENSG00000240449.1",0.053,1.1,"(0.863-1.29)","0.27","0.603",0.27,0.603,"RP4-584D14.5"
"ENSG00000273014.1",-0.0068,0.99,"(0.867-1.14)","0.01","0.922",0.01,0.922,"RP11-225B17.2"
"ENSG00000224597.8",0.15,1.2,"(0.816-1.66)","0.71","0.4",0.71,0.4,"SVIL-AS1"
"ENSG00000273179.1",0.18,1.2,"(1.02-1.41)","4.81","0.0283",4.81,0.0283,"RP11-20I20.4"
"ENSG00000263004.1",-0.041,0.96,"(0.783-1.18)","0.16","0.689",0.16,0.689,"RP11-166P13.3"
"ENSG00000249395.2",0.1,1.1,"(1.01-1.22)","4.29","0.0384",4.29,0.0384,"CASC9"
"ENSG00000229334.1",-0.075,0.93,"(0.692-1.24)","0.25","0.616",0.25,0.616,"AC046143.3"
"ENSG00000260804.3",-0.13,0.87,"(0.695-1.1)","1.31","0.253",1.31,0.253,"PKI55"
"ENSG00000238123.1",-0.086,0.92,"(0.836-1.01)","3.24","0.072",3.24,0.072,"MID1IP1-AS1"
"ENSG00000196810.4",-0.22,0.8,"(0.528-1.22)","1.04","0.307",1.04,0.307,"CTBP1-AS2"
"ENSG00000253930.1",-0.075,0.93,"(0.824-1.04)","1.56","0.212",1.56,0.212,"RP11-1149O23.2"
"ENSG00000266962.2",0.19,1.2,"(0.862-1.69)","1.2","0.273",1.2,0.273,"RP11-400F19.6"
"ENSG00000271895.2",0.037,1,"(0.864-1.25)","0.15","0.694",0.15,0.694,"RP4-635E18.8"
"ENSG00000188185.10",0.13,1.1,"(0.914-1.41)","1.31","0.253",1.31,0.253,"LINC00265"
"ENSG00000267080.4",0.25,1.3,"(0.897-1.83)","1.85","0.173",1.85,0.173,"ASB16-AS1"
"ENSG00000260552.1",0.12,1.1,"(0.945-1.34)","1.75","0.186",1.75,0.186,"RP11-49I11.1"
"ENSG00000272644.1",-0.068,0.93,"(0.74-1.18)","0.33","0.565",0.33,0.565,"RP11-33O4.1"
"ENSG00000230082.1",0.0045,1,"(0.843-1.2)","0","0.96",0,0.96,"PRRT3-AS1"
"ENSG00000130600.14",0.077,1.1,"(0.996-1.17)","3.49","0.0616",3.49,0.0616,"H19"
"ENSG00000227070.1",-0.057,0.94,"(0.817-1.09)","0.6","0.44",0.6,0.44,"RP11-191G24.1"
"ENSG00000277662.1",0.024,1,"(0.903-1.16)","0.14","0.713",0.14,0.713,"RP11-74J13.9"
"ENSG00000254860.4",0.15,1.2,"(0.923-1.47)","1.64","0.201",1.64,0.201,"TMEM9B-AS1"
"ENSG00000273344.1",0.22,1.2,"(0.936-1.65)","2.26","0.133",2.26,0.133,"PAXIP1-AS1"
"ENSG00000251026.1",0.012,1,"(0.954-1.07)","0.15","0.698",0.15,0.698,"RP11-138J23.1"
"ENSG00000265688.1",0.0055,1,"(0.791-1.28)","0","0.964",0,0.964,"MAFG-AS1"
"ENSG00000238142.1",0.027,1,"(0.915-1.15)","0.21","0.647",0.21,0.647,"RP11-108M9.4"
"ENSG00000269910.1",0.013,1,"(0.881-1.17)","0.03","0.854",0.03,0.854,"RP11-73M18.10"
"ENSG00000204272.9",0.26,1.3,"(0.951-1.77)","2.69","0.101",2.69,0.101,"LINC01420"
"ENSG00000261685.2",0.029,1,"(0.931-1.14)","0.32","0.573",0.32,0.573,"RP11-401P9.4"
"ENSG00000226476.2",0.035,1,"(0.966-1.11)","0.98","0.321",0.98,0.321,"RP11-776H12.1"
"ENSG00000259943.1",0.044,1,"(0.807-1.35)","0.11","0.737",0.11,0.737,"RP1-39G22.7"
"ENSG00000278133.1",0.14,1.2,"(0.797-1.66)","0.56","0.455",0.56,0.455,"RP11-196G11.5"
"ENSG00000253187.2",-0.044,0.96,"(0.868-1.05)","0.79","0.374",0.79,0.374,"HOXA10-AS"
"ENSG00000272301.1",0.033,1,"(0.927-1.15)","0.35","0.554",0.35,0.554,"RP11-111M22.4"
"ENSG00000281406.1",0.044,1,"(0.925-1.18)","0.5","0.481",0.5,0.481,"BLACAT1"
"ENSG00000278978.1",-0.12,0.89,"(0.676-1.17)","0.67","0.413",0.67,0.413,"RP11-164P12.5"
"ENSG00000272556.1",0.11,1.1,"(0.983-1.27)","2.88","0.0895",2.88,0.0895,"RP11-638I8.1"
"ENSG00000230177.1",0.098,1.1,"(0.905-1.34)","0.95","0.33",0.95,0.33,"RP5-1112D6.4"
"ENSG00000275632.1",0.037,1,"(0.905-1.19)","0.27","0.6",0.27,0.6,"RP5-967N21.11"
"ENSG00000180861.8",0.072,1.1,"(0.941-1.23)","1.13","0.287",1.13,0.287,"LINC01559"
"ENSG00000261512.2",0.1,1.1,"(0.916-1.34)","1.1","0.293",1.1,0.293,"RP11-46D6.1"
"ENSG00000231025.1",0.17,1.2,"(0.852-1.65)","1.03","0.31",1.03,0.31,"RP11-175O19.4"
"ENSG00000241269.1",-0.052,0.95,"(0.846-1.06)","0.81","0.368",0.81,0.368,"AC093620.5"
"ENSG00000232442.1",0.14,1.2,"(0.945-1.41)","1.99","0.159",1.99,0.159,"CTD-3184A7.4"
"ENSG00000233461.4",-0.062,0.94,"(0.749-1.18)","0.29","0.591",0.29,0.591,"RP11-295G20.2"
"ENSG00000267100.1",0.18,1.2,"(0.895-1.61)","1.49","0.223",1.49,0.223,"ILF3-AS1"
"ENSG00000267082.1",0.12,1.1,"(0.963-1.31)","2.19","0.139",2.19,0.139,"CTC-510F12.2"
"ENSG00000236081.1",0.14,1.1,"(0.999-1.31)","3.81","0.051",3.81,0.051,"ELFN1-AS1"
"ENSG00000261188.1",-0.049,0.95,"(0.755-1.2)","0.17","0.677",0.17,0.677,"CTA-445C9.14"
"ENSG00000142396.9",0.012,1,"(0.699-1.47)","0","0.949",0,0.949,"ERVK3-1"
"ENSG00000242086.7",0.068,1.1,"(0.853-1.34)","0.34","0.558",0.34,0.558,"LINC00969"
"ENSG00000256185.1",-0.0027,1,"(0.933-1.07)","0.01","0.937",0.01,0.937,"RP11-612B6.2"
"ENSG00000274828.1",0.044,1,"(0.792-1.38)","0.09","0.758",0.09,0.758,"RP11-567M16.6"
"ENSG00000280798.1",0.23,1.3,"(0.876-1.82)","1.56","0.212",1.56,0.212,"LINC00294"
"ENSG00000275560.1",0.028,1,"(0.887-1.19)","0.14","0.713",0.14,0.713,"RP11-180M15.7"
"ENSG00000276529.1",0.27,1.3,"(1.04-1.65)","5.17","0.023",5.17,0.023,"AP001505.10"
"ENSG00000228109.1",0.27,1.3,"(1.05-1.64)","5.77","0.0163",5.77,0.0163,"MFI2-AS1"
"ENSG00000253738.1",-0.058,0.94,"(0.729-1.22)","0.19","0.659",0.19,0.659,"OTUD6B-AS1"
"ENSG00000250222.1",-0.13,0.88,"(0.767-1.01)","3.13","0.0769",3.13,0.0769,"CTC-338M12.5"
"ENSG00000237721.1",-0.012,0.99,"(0.922-1.06)","0.12","0.725",0.12,0.725,"AF064858.11"
"ENSG00000260418.1",-0.024,0.98,"(0.814-1.17)","0.07","0.797",0.07,0.797,"RP3-406A7.7"
"ENSG00000240990.8",-0.051,0.95,"(0.849-1.06)","0.78","0.378",0.78,0.378,"HOXA11-AS"
"ENSG00000261650.1",-0.029,0.97,"(0.93-1.01)","1.78","0.183",1.78,0.183,"RP11-474D1.4"
"ENSG00000215039.5",0.53,1.7,"(1.23-2.37)","10.1","0.00147",10.1,0.00147,"CD27-AS1"
"ENSG00000269936.3",0.12,1.1,"(0.98-1.29)","2.77","0.0958",2.77,0.0958,"RP11-394O4.5"
"ENSG00000275216.1",0.067,1.1,"(0.996-1.15)","3.4","0.0653",3.4,0.0653,"RP11-54H7.4"
"ENSG00000221990.4",0.15,1.2,"(0.906-1.49)","1.39","0.238",1.39,0.238,"EXOC3-AS1"
"ENSG00000272645.2",0.18,1.2,"(0.987-1.46)","3.35","0.0671",3.35,0.0671,"RP11-504P24.8"
"ENSG00000260114.2",0.11,1.1,"(0.866-1.45)","0.75","0.386",0.75,0.386,"CTD-2574D22.4"
"ENSG00000266208.1",0.22,1.2,"(0.964-1.6)","2.82","0.093",2.82,0.093,"CTD-2267D19.3"
"ENSG00000241388.4",-0.015,0.99,"(0.816-1.19)","0.02","0.877",0.02,0.877,"HNF1A-AS1"
"ENSG00000269609.4",0.3,1.4,"(0.994-1.85)","3.7","0.0544",3.7,0.0544,"RPARP-AS1"
"ENSG00000277283.1",-0.011,0.99,"(0.738-1.33)","0.01","0.942",0.01,0.942,"RP1-267D11.6"
"ENSG00000267045.1",0.17,1.2,"(1-1.39)","4.08","0.0435",4.08,0.0435,"AC006126.4"
"ENSG00000196756.10",0.13,1.1,"(0.917-1.41)","1.37","0.241",1.37,0.241,"SNHG17"
"ENSG00000222033.1",-0.033,0.97,"(0.873-1.07)","0.39","0.531",0.39,0.531,"LINC01124"
"ENSG00000222001.2",-0.049,0.95,"(0.851-1.07)","0.73","0.393",0.73,0.393,"AC106876.2"
"ENSG00000270223.1",0.039,1,"(0.873-1.24)","0.19","0.663",0.19,0.663,"RP13-36G14.4"
"ENSG00000214401.4",0.012,1,"(0.857-1.2)","0.02","0.887",0.02,0.887,"KANSL1-AS1"
"ENSG00000238279.1",0.2,1.2,"(1.04-1.44)","5.82","0.0159",5.82,0.0159,"BX470102.3"
"ENSG00000267896.1",0.15,1.2,"(0.981-1.37)","3.02","0.0824",3.02,0.0824,"AC018766.4"
"ENSG00000269386.4",0.051,1.1,"(0.747-1.48)","0.08","0.771",0.08,0.771,"RAB11B-AS1"
"ENSG00000227540.1",0.18,1.2,"(0.946-1.51)","2.24","0.134",2.24,0.134,"RP11-152N13.5"
"ENSG00000254343.2",-0.015,0.99,"(0.849-1.14)","0.04","0.844",0.04,0.844,"RP11-760H22.2"
"ENSG00000258837.1",0.043,1,"(0.976-1.12)","1.56","0.211",1.56,0.211,"CTD-2566J3.1"
"ENSG00000272449.1",0.22,1.2,"(1.01-1.52)","4.24","0.0396",4.24,0.0396,"RP3-395M20.12"
"ENSG00000267480.1",-0.14,0.87,"(0.751-1)","3.75","0.0527",3.75,0.0527,"RP11-703I16.1"
"ENSG00000260196.1",0.016,1,"(0.816-1.27)","0.02","0.887",0.02,0.887,"RP1-239B22.5"
"ENSG00000271147.6",-0.073,0.93,"(0.697-1.24)","0.25","0.62",0.25,0.62,"RP4-769N13.6"
"ENSG00000189223.12",-0.021,0.98,"(0.903-1.06)","0.26","0.607",0.26,0.607,"PAX8-AS1"
"ENSG00000257556.1",0.00025,1,"(0.859-1.16)","0","0.997",0,0.997,"RP11-44N21.1"
"ENSG00000236753.4",-0.064,0.94,"(0.782-1.13)","0.47","0.493",0.47,0.493,"MKLN1-AS"
"ENSG00000272010.1",-0.034,0.97,"(0.884-1.06)","0.55","0.459",0.55,0.459,"CTD-3025N20.3"
"ENSG00000274605.1",-0.095,0.91,"(0.713-1.16)","0.58","0.448",0.58,0.448,"RP11-12G12.7"
"ENSG00000270006.2",0.018,1,"(0.879-1.18)","0.06","0.81",0.06,0.81,"RP11-178L8.7"
"ENSG00000269293.2",0.14,1.2,"(0.878-1.51)","1.04","0.307",1.04,0.307,"ZSCAN16-AS1"
"ENSG00000233559.1",-0.14,0.87,"(0.78-0.975)","5.78","0.0162",5.78,0.0162,"AC016831.7"
"ENSG00000273314.1",0.19,1.2,"(0.893-1.63)","1.5","0.221",1.5,0.221,"RP5-1136G13.2"
"ENSG00000255284.1",0.41,1.5,"(1.19-1.92)","11.2","8e-04",11.2,8e-04,"AP006621.5"
"ENSG00000278192.1",0.18,1.2,"(0.997-1.43)","3.71","0.0541",3.71,0.0541,"RP5-1056H1.2"
"ENSG00000271737.1",-0.071,0.93,"(0.788-1.1)","0.69","0.405",0.69,0.405,"CTB-113I20.2"
"ENSG00000259065.1",0.26,1.3,"(1.09-1.54)","8.86","0.00292",8.86,0.00292,"RP5-1021I20.1"
"ENSG00000279088.1",0.12,1.1,"(0.849-1.51)","0.71","0.4",0.71,0.4,"RP11-574K11.24"
"ENSG00000279789.1",0.1,1.1,"(0.908-1.35)","1.01","0.315",1.01,0.315,"CTD-2574D22.3"
"ENSG00000177337.6",0.019,1,"(0.781-1.33)","0.02","0.889",0.02,0.889,"DLGAP1-AS1"
"ENSG00000177406.4",0.19,1.2,"(0.931-1.57)","2.03","0.154",2.03,0.154,"RP11-218M22.1"
"ENSG00000253522.3",-0.081,0.92,"(0.808-1.05)","1.42","0.233",1.42,0.233,"CTC-231O11.1"
"ENSG00000226179.4",0.17,1.2,"(1.01-1.37)","4.53","0.0332",4.53,0.0332,"LINC00685"
"ENSG00000223478.1",0.1,1.1,"(0.893-1.38)","0.87","0.351",0.87,0.351,"RP11-545E17.3"
"ENSG00000272660.1",-0.052,0.95,"(0.886-1.02)","2.17","0.141",2.17,0.141,"RP11-145M9.6"
"ENSG00000273437.1",0.18,1.2,"(0.964-1.47)","2.62","0.105",2.62,0.105,"RP11-434H6.7"
"ENSG00000116883.8",0.18,1.2,"(1.05-1.36)","7.36","0.00668",7.36,0.00668,"RP11-268J15.5"
"ENSG00000259933.5",-0.061,0.94,"(0.743-1.19)","0.26","0.61",0.26,0.61,"RP11-304L19.1"
"ENSG00000253508.1",-0.048,0.95,"(0.884-1.03)","1.59","0.207",1.59,0.207,"RP1-170O19.14"
"ENSG00000226067.5",0.11,1.1,"(0.916-1.35)","1.17","0.279",1.17,0.279,"CH17-118O6.2"
"ENSG00000218510.5",-0.13,0.88,"(0.637-1.22)","0.6","0.44",0.6,0.44,"LINC00339"
"ENSG00000234741.6",0.071,1.1,"(0.837-1.38)","0.32","0.574",0.32,0.574,"GAS5"
"ENSG00000206337.9",0.067,1.1,"(0.891-1.28)","0.52","0.472",0.52,0.472,"HCP5"
"ENSG00000228439.4",-0.037,0.96,"(0.801-1.16)","0.16","0.693",0.16,0.693,"TSTD3"
"ENSG00000270189.1",0.086,1.1,"(0.911-1.3)","0.88","0.347",0.88,0.347,"RP11-258C19.7"
"ENSG00000263731.1",-0.043,0.96,"(0.734-1.25)","0.1","0.754",0.1,0.754,"RP11-498C9.15"
"ENSG00000281332.1",0.12,1.1,"(0.887-1.44)","0.99","0.32",0.99,0.32,"LINC00997"
"ENSG00000259972.2",0.16,1.2,"(0.947-1.45)","2.12","0.145",2.12,0.145,"AC009120.6"
"ENSG00000254682.1",-0.12,0.89,"(0.745-1.06)","1.83","0.177",1.83,0.177,"RP11-660L16.2"
"ENSG00000267709.1",0.055,1.1,"(0.932-1.2)","0.74","0.391",0.74,0.391,"AC024592.9"
"ENSG00000172965.13",0.2,1.2,"(0.875-1.72)","1.41","0.235",1.41,0.235,"MIR4435-1HG"
"ENSG00000263072.4",0.14,1.1,"(0.831-1.59)","0.71","0.4",0.71,0.4,"ZNF213-AS1"
"ENSG00000239213.4",0.17,1.2,"(0.886-1.59)","1.31","0.253",1.31,0.253,"NCK1-AS1"
"ENSG00000228452.1",-0.035,0.97,"(0.845-1.1)","0.26","0.61",0.26,0.61,"RP5-994D16.9"
"ENSG00000224081.6",-0.13,0.88,"(0.68-1.13)","1.03","0.309",1.03,0.309,"LINC01057"
"ENSG00000272106.1",0.11,1.1,"(0.808-1.54)","0.44","0.506",0.44,0.506,"RP11-345P4.9"
"ENSG00000269893.5",0.03,1,"(0.756-1.4)","0.04","0.849",0.04,0.849,"SNHG8"
"ENSG00000231663.1",0.057,1.1,"(0.869-1.29)","0.32","0.569",0.32,0.569,"RP5-827C21.4"
"ENSG00000254911.3",-0.0026,1,"(0.893-1.11)","0","0.963",0,0.963,"SCARNA9"
"ENSG00000251022.5",0.042,1,"(0.819-1.33)","0.12","0.732",0.12,0.732,"THAP9-AS1"
"ENSG00000272913.1",0.071,1.1,"(0.983-1.17)","2.48","0.116",2.48,0.116,"RP11-440D17.3"
"ENSG00000263588.1",0.079,1.1,"(0.95-1.23)","1.41","0.235",1.41,0.235,"RP11-595B24.2"
"ENSG00000262188.1",-0.034,0.97,"(0.86-1.09)","0.32","0.574",0.32,0.574,"RP11-353N14.4"
"ENSG00000272087.1",0.023,1,"(0.87-1.2)","0.08","0.781",0.08,0.781,"RP11-379F4.7"
"ENSG00000279332.1",-0.0071,0.99,"(0.911-1.08)","0.03","0.871",0.03,0.871,"RP11-799B12.1"
"ENSG00000224975.1",0.11,1.1,"(0.915-1.35)","1.15","0.284",1.15,0.284,"INE1"
"ENSG00000268568.1",0.032,1,"(0.92-1.16)","0.29","0.587",0.29,0.587,"AC007228.9"
"ENSG00000244300.2",0.041,1,"(0.936-1.16)","0.56","0.456",0.56,0.456,"GATA2-AS1"
"ENSG00000279495.1",-0.039,0.96,"(0.741-1.25)","0.08","0.772",0.08,0.772,"RP11-521B24.4"
"ENSG00000255062.1",0.016,1,"(0.847-1.22)","0.03","0.867",0.03,0.867,"RP11-712L6.5"
"ENSG00000228801.5",-0.0015,1,"(0.762-1.31)","0","0.992",0,0.992,"RP11-110G21.1"
"ENSG00000266469.1",0.083,1.1,"(0.82-1.44)","0.33","0.565",0.33,0.565,"CTB-131K11.1"
"ENSG00000253982.1",-0.16,0.85,"(0.619-1.16)","1.04","0.309",1.04,0.309,"CTD-2336O2.1"
"ENSG00000179523.4",0.5,1.7,"(1.15-2.38)","7.3","0.0069",7.3,0.0069,"EIF3J-AS1"
"ENSG00000245849.5",0.23,1.3,"(0.988-1.59)","3.46","0.063",3.46,0.063,"RAD51-AS1"
"ENSG00000274272.1",0.41,1.5,"(1.17-1.96)","9.87","0.00168",9.87,0.00168,"RP11-44M6.7"
"ENSG00000278730.1",-0.16,0.85,"(0.635-1.14)","1.17","0.28",1.17,0.28,"RP11-147L13.11"
"ENSG00000272523.1",0.15,1.2,"(0.945-1.42)","2","0.157",2,0.157,"LINC01023"
"ENSG00000259456.3",0.092,1.1,"(0.894-1.34)","0.78","0.377",0.78,0.377,"ADNP-AS1"
"ENSG00000259366.1",-0.0044,1,"(0.87-1.14)","0","0.949",0,0.949,"CTD-2647L4.4"
"ENSG00000223482.6",-0.072,0.93,"(0.714-1.21)","0.28","0.596",0.28,0.596,"NUTM2A-AS1"
"ENSG00000226137.5",-0.035,0.97,"(0.74-1.26)","0.07","0.798",0.07,0.798,"BAIAP2-AS1"
"ENSG00000232533.1",0.21,1.2,"(0.952-1.61)","2.55","0.111",2.55,0.111,"AC093673.5"
"ENSG00000260032.1",-0.12,0.88,"(0.665-1.17)","0.74","0.391",0.74,0.391,"LINC00657"
"ENSG00000230555.2",-0.011,0.99,"(0.82-1.19)","0.01","0.907",0.01,0.907,"RP11-517P14.2"
"ENSG00000257303.1",-0.086,0.92,"(0.777-1.08)","1.01","0.315",1.01,0.315,"RP11-977G19.11"
"ENSG00000203993.4",0.56,1.8,"(1.2-2.58)","8.35","0.00385",8.35,0.00385,"ARRDC1-AS1"
"ENSG00000225377.4",0.053,1.1,"(0.832-1.34)","0.19","0.661",0.19,0.661,"NRSN2-AS1"
"ENSG00000203688.4",-0.037,0.96,"(0.864-1.07)","0.45","0.503",0.45,0.503,"RP11-351J23.1"
"ENSG00000259976.1",0.087,1.1,"(0.895-1.33)","0.74","0.389",0.74,0.389,"RP11-553L6.5"
"ENSG00000249007.1",0.056,1.1,"(0.912-1.23)","0.55","0.456",0.55,0.456,"RP11-510N19.5"
"ENSG00000261295.1",-0.016,0.98,"(0.891-1.09)","0.11","0.744",0.11,0.744,"RP11-524D16__A.3"
"ENSG00000263272.1",0.27,1.3,"(1.05-1.64)","5.5","0.019",5.5,0.019,"CTC-524C5.2"
"ENSG00000233016.5",0.33,1.4,"(1.08-1.8)","6.45","0.0111",6.45,0.0111,"SNHG7"
"ENSG00000261455.1",0.19,1.2,"(0.964-1.52)","2.72","0.0994",2.72,0.0994,"LINC01003"
"ENSG00000275764.1",0.019,1,"(0.818-1.27)","0.03","0.869",0.03,0.869,"RP11-582E3.6"
"ENSG00000272440.1",-0.008,0.99,"(0.929-1.06)","0.06","0.811",0.06,0.811,"RP11-379F4.6"
"ENSG00000278768.1",0.17,1.2,"(0.877-1.59)","1.2","0.273",1.2,0.273,"BACE1-AS"
"ENSG00000258634.3",0.18,1.2,"(0.911-1.58)","1.69","0.194",1.69,0.194,"RP4-773N10.4"
"ENSG00000265666.1",0.17,1.2,"(0.929-1.51)","1.87","0.172",1.87,0.172,"RARA-AS1"
"ENSG00000226328.5",-0.074,0.93,"(0.734-1.18)","0.38","0.54",0.38,0.54,"NUP50-AS1"
"ENSG00000260231.1",-0.023,0.98,"(0.766-1.25)","0.03","0.856",0.03,0.856,"JHDM1D-AS1"
"ENSG00000227946.1",0.013,1,"(0.854-1.2)","0.02","0.881",0.02,0.881,"AC007383.3"
"ENSG00000267221.1",0.086,1.1,"(0.925-1.28)","1.06","0.303",1.06,0.303,"CTD-2132N18.2"
"ENSG00000268858.2",0.22,1.2,"(0.948-1.64)","2.49","0.115",2.49,0.115,"RP4-591C20.9"
"ENSG00000233429.8",0.044,1,"(0.881-1.24)","0.25","0.615",0.25,0.615,"HOTAIRM1"
"ENSG00000272686.1",0.0085,1,"(0.77-1.32)","0","0.951",0,0.951,"RP11-390E23.6"
"ENSG00000267904.1",0.082,1.1,"(0.899-1.31)","0.73","0.394",0.73,0.394,"CTC-429P9.5"
"ENSG00000248771.4",-0.11,0.89,"(0.79-1.01)","3.33","0.068",3.33,0.068,"LINC01207"
"ENSG00000264577.1",0.12,1.1,"(0.892-1.43)","1.02","0.312",1.02,0.312,"AC010761.8"
"ENSG00000275202.1",-0.035,0.97,"(0.788-1.18)","0.11","0.736",0.11,0.736,"RP11-156K23.3"
"ENSG00000273162.1",0.09,1.1,"(0.892-1.34)","0.75","0.388",0.75,0.388,"RP11-108L7.15"
"ENSG00000260704.1",0.093,1.1,"(0.907-1.33)","0.92","0.338",0.92,0.338,"LINC00543"
"ENSG00000273373.1",0.11,1.1,"(0.945-1.32)","1.68","0.194",1.68,0.194,"RP5-1074L1.4"
"ENSG00000275494.1",0.037,1,"(0.865-1.24)","0.16","0.689",0.16,0.689,"RP11-266L9.8"
"ENSG00000259342.1",-0.0011,1,"(0.91-1.1)","0","0.981",0,0.981,"RP11-519G16.5"
"ENSG00000260766.1",-0.011,0.99,"(0.76-1.29)","0.01","0.934",0.01,0.934,"RP11-226L15.5"
"ENSG00000235029.1",0.045,1,"(0.923-1.19)","0.5","0.481",0.5,0.481,"MNX1-AS2"
"ENSG00000230844.2",0.21,1.2,"(0.951-1.62)","2.52","0.112",2.52,0.112,"ZNF674-AS1"
"ENSG00000269352.1",0.22,1.3,"(0.996-1.57)","3.71","0.0541",3.71,0.0541,"PTOV1-AS2"
"ENSG00000257621.6",0.16,1.2,"(0.884-1.56)","1.22","0.269",1.22,0.269,"PSMA3-AS1"
"ENSG00000261643.1",0.14,1.1,"(0.925-1.43)","1.57","0.209",1.57,0.209,"RP11-529E10.6"
"ENSG00000188206.6",0.076,1.1,"(0.917-1.27)","0.84","0.36",0.84,0.36,"HNRNPU-AS1"
"ENSG00000231365.4",0.12,1.1,"(0.847-1.51)","0.7","0.404",0.7,0.404,"RP11-418J17.1"
"ENSG00000225329.2",0.0075,1,"(0.931-1.09)","0.04","0.851",0.04,0.851,"LHFPL3-AS2"
"ENSG00000261123.1",-0.074,0.93,"(0.731-1.18)","0.36","0.548",0.36,0.548,"RP11-304L19.3"
"ENSG00000245694.7",0.059,1.1,"(0.933-1.21)","0.82","0.364",0.82,0.364,"CRNDE"
"ENSG00000237943.5",0.072,1.1,"(0.924-1.25)","0.87","0.351",0.87,0.351,"PRKCQ-AS1"
"ENSG00000212694.7",0.24,1.3,"(1.02-1.58)","4.42","0.0356",4.42,0.0356,"LINC01089"
"ENSG00000265800.1",0.11,1.1,"(0.952-1.31)","1.83","0.177",1.83,0.177,"RP11-649A18.5"
"ENSG00000278600.1",0.25,1.3,"(1.01-1.62)","4.33","0.0374",4.33,0.0374,"RP11-81A1.6"
"ENSG00000261474.1",0.26,1.3,"(1.03-1.65)","4.84","0.0279",4.84,0.0279,"RP11-452L6.1"
"ENSG00000204860.4",0.14,1.1,"(0.974-1.35)","2.72","0.0993",2.72,0.0993,"FAM201A"
"ENSG00000275964.1",0.13,1.1,"(0.923-1.4)","1.47","0.225",1.47,0.225,"RP11-61K9.3"
"ENSG00000274104.1",0.016,1,"(0.825-1.25)","0.02","0.88",0.02,0.88,"CTD-2553L13.10"
"ENSG00000248243.1",-0.027,0.97,"(0.835-1.14)","0.11","0.735",0.11,0.735,"RP11-93K22.13"
"ENSG00000225733.4",-0.35,0.7,"(0.485-1.02)","3.38","0.0658",3.38,0.0658,"FGD5-AS1"
"ENSG00000267751.4",0.036,1,"(0.881-1.22)","0.19","0.662",0.19,0.662,"AC009005.2"
"ENSG00000267523.1",0.18,1.2,"(1.02-1.41)","4.87","0.0273",4.87,0.0273,"CTD-2537I9.12"
"ENSG00000235823.1",0.22,1.2,"(0.95-1.63)","2.52","0.112",2.52,0.112,"OLMALINC"
"ENSG00000280120.1",0.024,1,"(0.814-1.29)","0.04","0.841",0.04,0.841,"RP11-546D6.3"
"ENSG00000257660.4",0.042,1,"(0.91-1.19)","0.37","0.545",0.37,0.545,"RP11-579D7.4"
"ENSG00000274993.1",-0.023,0.98,"(0.871-1.1)","0.15","0.699",0.15,0.699,"RP11-395B7.2"
"ENSG00000231412.2",0.018,1,"(0.959-1.08)","0.34","0.56",0.34,0.56,"CTC-490G23.2"
"ENSG00000219545.8",0.037,1,"(0.745-1.45)","0.05","0.827",0.05,0.827,"UMAD1"
"ENSG00000281398.1",-0.046,0.95,"(0.778-1.17)","0.2","0.656",0.2,0.656,"SNHG4"
"ENSG00000273893.1",-0.066,0.94,"(0.804-1.09)","0.72","0.396",0.72,0.396,"RP1-101A2.1"
"ENSG00000186594.11",0.067,1.1,"(0.851-1.34)","0.33","0.564",0.33,0.564,"MIR22HG"
"ENSG00000268516.2",-0.051,0.95,"(0.715-1.26)","0.12","0.728",0.12,0.728,"CTD-3138B18.5"
"ENSG00000264575.1",0.004,1,"(0.879-1.15)","0","0.953",0,0.953,"LINC00526"
"ENSG00000266402.3",-0.025,0.97,"(0.889-1.07)","0.29","0.588",0.29,0.588,"RP11-329L6.2"
"ENSG00000244649.3",-0.0063,0.99,"(0.886-1.11)","0.01","0.915",0.01,0.915,"CTD-2377D24.6"
"ENSG00000229152.2",0.057,1.1,"(0.932-1.2)","0.77","0.381",0.77,0.381,"ANKRD10-IT1"
"ENSG00000279672.1",0.19,1.2,"(0.995-1.46)","3.66","0.0557",3.66,0.0557,"CMB9-55F22.1"
"ENSG00000236017.6",0.16,1.2,"(1-1.36)","3.92","0.0476",3.92,0.0476,"ASMTL-AS1"
"ENSG00000263429.3",-0.032,0.97,"(0.873-1.07)","0.37","0.542",0.37,0.542,"LINC00675"
"ENSG00000271780.1",0.2,1.2,"(0.947-1.56)","2.36","0.125",2.36,0.125,"RP11-1017G21.5"
"ENSG00000253352.7",0.1,1.1,"(0.83-1.48)","0.48","0.487",0.48,0.487,"TUG1"
"ENSG00000255737.2",0.13,1.1,"(0.919-1.4)","1.36","0.243",1.36,0.243,"AGAP2-AS1"
"ENSG00000225138.6",0.054,1.1,"(0.934-1.19)","0.75","0.386",0.75,0.386,"CTD-2228K2.7"
"ENSG00000227053.1",0.031,1,"(0.901-1.18)","0.2","0.654",0.2,0.654,"RP11-395B7.4"
"ENSG00000250266.1",-0.01,0.99,"(0.94-1.04)","0.16","0.69",0.16,0.69,"RP11-789C1.1"
"ENSG00000196696.11",0.13,1.1,"(0.93-1.41)","1.62","0.203",1.62,0.203,"PDXDC2P"
"ENSG00000146521.8",0.018,1,"(0.906-1.14)","0.1","0.757",0.1,0.757,"LINC01558"
"ENSG00000253948.1",0.035,1,"(0.901-1.19)","0.24","0.621",0.24,0.621,"RP11-410L14.2"
"ENSG00000266036.1",0.058,1.1,"(0.927-1.21)","0.72","0.396",0.72,0.396,"RP11-452I5.2"
"ENSG00000205664.9",0.0078,1,"(0.768-1.32)","0","0.955",0,0.955,"RP11-706O15.1"
"ENSG00000250899.3",0.053,1.1,"(0.82-1.36)","0.17","0.678",0.17,0.678,"RP11-253E3.3"
"ENSG00000274383.1",0.12,1.1,"(0.995-1.28)","3.54","0.06",3.54,0.06,"CTD-2017F17.2"
"ENSG00000204282.4",0.37,1.4,"(1.14-1.82)","9.38","0.0022",9.38,0.0022,"TNRC6C-AS1"
"ENSG00000261068.2",0.063,1.1,"(0.911-1.24)","0.63","0.429",0.63,0.429,"RP11-7K24.3"
"ENSG00000235453.6",-0.027,0.97,"(0.708-1.34)","0.03","0.867",0.03,0.867,"TOPORS-AS1"
"ENSG00000273015.2",0.13,1.1,"(0.816-1.59)","0.59","0.443",0.59,0.443,"RP11-352M15.2"
"ENSG00000270039.1",-0.0097,0.99,"(0.852-1.15)","0.02","0.899",0.02,0.899,"RP11-571M6.17"
"ENSG00000236871.5",0.1,1.1,"(0.964-1.27)","2.05","0.152",2.05,0.152,"LINC00106"
"ENSG00000215256.3",0.076,1.1,"(0.807-1.44)","0.26","0.61",0.26,0.61,"DHRS4-AS1"
"ENSG00000260920.2",-0.22,0.8,"(0.64-0.997)","3.95","0.0469",3.95,0.0469,"RP1-228H13.5"
"ENSG00000271032.1",0.018,1,"(0.906-1.14)","0.09","0.768",0.09,0.768,"CTD-2527I21.14"
"ENSG00000204685.6",0.45,1.6,"(1.04-2.38)","4.56","0.0326",4.56,0.0326,"STARD7-AS1"
"ENSG00000247271.5",0.069,1.1,"(0.816-1.41)","0.25","0.618",0.25,0.618,"ZBED5-AS1"
"ENSG00000266651.1",0.089,1.1,"(0.942-1.27)","1.37","0.242",1.37,0.242,"RP11-138I1.3"
"ENSG00000178977.3",-0.12,0.88,"(0.702-1.11)","1.11","0.291",1.11,0.291,"LINC00324"
"ENSG00000247903.1",0.039,1,"(0.86-1.26)","0.16","0.688",0.16,0.688,"RP11-421F16.3"
"ENSG00000273226.1",0.042,1,"(0.868-1.25)","0.2","0.654",0.2,0.654,"RP11-513M16.8"
"ENSG00000268713.1",0.24,1.3,"(0.953-1.69)","2.66","0.103",2.66,0.103,"CTC-444N24.8"
"ENSG00000224961.1",0.037,1,"(0.956-1.13)","0.78","0.377",0.78,0.377,"RP1-278O22.1"
"ENSG00000271122.1",0.12,1.1,"(0.854-1.49)","0.71","0.399",0.71,0.399,"RP11-379H18.1"
"ENSG00000281649.1",0.025,1,"(0.724-1.45)","0.02","0.887",0.02,0.887,"EBLN3"
"ENSG00000244701.1",0.069,1.1,"(0.867-1.32)","0.41","0.522",0.41,0.522,"RP5-894A10.2"
"ENSG00000267296.2",-0.1,0.9,"(0.729-1.12)","0.86","0.355",0.86,0.355,"CEBPA-AS1"
"ENSG00000269958.1",0.078,1.1,"(0.769-1.52)","0.2","0.653",0.2,0.653,"RP11-73M18.8"
"ENSG00000244567.1",0.098,1.1,"(0.875-1.39)","0.69","0.405",0.69,0.405,"AC096772.6"
"ENSG00000260740.2",-0.0015,1,"(0.893-1.12)","0","0.979",0,0.979,"AC026471.6"
"ENSG00000267194.1",-0.15,0.86,"(0.73-1.01)","3.6","0.0577",3.6,0.0577,"RP1-193H18.2"
"ENSG00000247844.1",0.0059,1,"(0.865-1.17)","0.01","0.94",0.01,0.94,"CCAT1"
"ENSG00000235313.1",0.018,1,"(0.915-1.13)","0.11","0.745",0.11,0.745,"HM13-IT1"
"ENSG00000234286.1",0.02,1,"(0.957-1.09)","0.36","0.546",0.36,0.546,"AC006026.13"
"ENSG00000251562.6",0.049,1.1,"(0.932-1.19)","0.65","0.421",0.65,0.421,"MALAT1"
"ENSG00000276718.1",0.091,1.1,"(0.902-1.33)","0.85","0.357",0.85,0.357,"RP1-102E24.10"
"ENSG00000248092.6",-0.079,0.92,"(0.732-1.17)","0.44","0.507",0.44,0.507,"NNT-AS1"
"ENSG00000257084.1",0.18,1.2,"(0.962-1.48)","2.6","0.107",2.6,0.107,"U47924.27"
"ENSG00000260401.1",0.059,1.1,"(0.875-1.29)","0.36","0.546",0.36,0.546,"RP11-800A3.4"
"ENSG00000279806.1",-0.023,0.98,"(0.879-1.09)","0.17","0.679",0.17,0.679,"RP11-58O9.2"
"ENSG00000247095.2",0.34,1.4,"(1.18-1.68)","13.9","0.000194",13.9,0.000194,"MIR210HG"
"ENSG00000272894.4",-0.05,0.95,"(0.768-1.18)","0.21","0.646",0.21,0.646,"RP5-1159O4.1"
"ENSG00000234912.8",0.17,1.2,"(0.899-1.57)","1.47","0.226",1.47,0.226,"SNHG20"
"ENSG00000203497.2",0.1,1.1,"(0.807-1.52)","0.39","0.531",0.39,0.531,"PDCD4-AS1"
"ENSG00000174365.18",0.005,1,"(0.785-1.29)","0","0.968",0,0.968,"SNHG11"
"ENSG00000261061.1",-0.043,0.96,"(0.722-1.27)","0.09","0.769",0.09,0.769,"RP11-303E16.2"
"ENSG00000266010.1",0.081,1.1,"(0.906-1.3)","0.78","0.376",0.78,0.376,"GATA6-AS1"
"ENSG00000263753.5",-0.0029,1,"(0.838-1.19)","0","0.974",0,0.974,"LINC00667"
"ENSG00000280088.1",0.02,1,"(0.747-1.39)","0.02","0.902",0.02,0.902,"RP11-135F9.3"
"ENSG00000235499.1",0.02,1,"(0.926-1.12)","0.16","0.686",0.16,0.686,"AC073046.25"
"ENSG00000245970.2",0.069,1.1,"(0.849-1.35)","0.34","0.559",0.34,0.559,"KB-1208A12.3"
"ENSG00000258199.1",0.16,1.2,"(0.895-1.53)","1.33","0.249",1.33,0.249,"RP11-977G19.5"
"ENSG00000269176.2",-0.038,0.96,"(0.745-1.24)","0.09","0.77",0.09,0.77,"RP11-727F15.12"
"ENSG00000206573.7",0.084,1.1,"(0.866-1.37)","0.52","0.471",0.52,0.471,"THUMPD3-AS1"
"ENSG00000261572.1",-0.012,0.99,"(0.751-1.3)","0.01","0.931",0.01,0.931,"RP11-384L8.1"
"ENSG00000240731.1",0.19,1.2,"(0.965-1.53)","2.74","0.0981",2.74,0.0981,"RP5-890O3.9"
"ENSG00000224397.4",0.065,1.1,"(0.89-1.28)","0.49","0.483",0.49,0.483,"LINC01272"
"ENSG00000224138.1",0.0053,1,"(0.904-1.12)","0.01","0.923",0.01,0.923,"AC000123.4"
"ENSG00000229729.5",-0.083,0.92,"(0.711-1.19)","0.4","0.527",0.4,0.527,"RP11-159G9.5"
"ENSG00000214194.7",0.0054,1,"(0.783-1.29)","0","0.966",0,0.966,"LINC00998"
"ENSG00000265415.1",-0.17,0.84,"(0.669-1.06)","2.18","0.14",2.18,0.14,"CTD-2510F5.4"
"ENSG00000236305.1",0.024,1,"(0.874-1.2)","0.09","0.763",0.09,0.763,"RP11-126L15.4"
"ENSG00000261526.2",0.1,1.1,"(0.873-1.4)","0.7","0.403",0.7,0.403,"CTB-31O20.2"
"ENSG00000271643.1",-0.1,0.9,"(0.7-1.17)","0.61","0.435",0.61,0.435,"RP11-10C24.3"
"ENSG00000267049.1",0.00082,1,"(0.877-1.14)","0","0.99",0,0.99,"AC002398.13"
"ENSG00000269867.1",0.069,1.1,"(0.848-1.35)","0.34","0.561",0.34,0.561,"CTD-2583A14.8"
"ENSG00000254910.1",0.13,1.1,"(0.997-1.3)","3.67","0.0554",3.67,0.0554,"RP11-326C3.7"
"ENSG00000235576.1",-0.045,0.96,"(0.878-1.04)","1.1","0.295",1.1,0.295,"AC092580.4"
"ENSG00000280128.1",0.16,1.2,"(0.926-1.49)","1.76","0.184",1.76,0.184,"XXbac-BPG283O16.9"
"ENSG00000248663.5",0.014,1,"(0.934-1.1)","0.11","0.746",0.11,0.746,"LINC00992"
"ENSG00000272086.1",-0.0086,0.99,"(0.808-1.22)","0.01","0.935",0.01,0.935,"CTD-2186M15.3"
"ENSG00000242125.3",-0.032,0.97,"(0.751-1.25)","0.06","0.808",0.06,0.808,"SNHG3"
"ENSG00000176912.3",0.0027,1,"(0.861-1.17)","0","0.972",0,0.972,"TYMSOS"
"ENSG00000277639.1",0.015,1,"(0.916-1.13)","0.09","0.769",0.09,0.769,"RP11-295M3.4"
"ENSG00000248275.1",0.016,1,"(0.723-1.43)","0.01","0.927",0.01,0.927,"TRIM52-AS1"
"ENSG00000259250.1",0.13,1.1,"(0.938-1.37)","1.69","0.193",1.69,0.193,"RP11-50C13.1"
"ENSG00000204054.10",0.43,1.5,"(1.07-2.21)","5.45","0.0195",5.45,0.0195,"LINC00963"
"ENSG00000268205.1",0.099,1.1,"(0.842-1.45)","0.52","0.473",0.52,0.473,"CTC-444N24.11"
"ENSG00000255455.2",0.03,1,"(0.823-1.29)","0.07","0.794",0.07,0.794,"RP11-890B15.3"
"ENSG00000224739.2",-6.3e-05,1,"(0.887-1.13)","0","0.999",0,0.999,"AC016735.1"
"ENSG00000263050.1",0.002,1,"(0.841-1.19)","0","0.982",0,0.982,"RP11-667K14.3"
"ENSG00000278385.1",0.0089,1,"(0.785-1.3)","0","0.945",0,0.945,"RP11-89H19.2"
"ENSG00000182165.16",-0.091,0.91,"(0.739-1.13)","0.71","0.398",0.71,0.398,"TP53TG1"
"ENSG00000272288.4",0.022,1,"(0.788-1.33)","0.03","0.867",0.03,0.867,"RP11-140K17.3"
"ENSG00000246067.6",0.091,1.1,"(0.852-1.41)","0.51","0.476",0.51,0.476,"RAB30-AS1"
"ENSG00000214049.6",0.009,1,"(0.933-1.09)","0.05","0.823",0.05,0.823,"UCA1"
"ENSG00000244459.2",0.14,1.1,"(1-1.32)","3.83","0.0504",3.83,0.0504,"RP11-1398P2.1"
"ENSG00000279253.1",0.12,1.1,"(0.924-1.39)","1.44","0.23",1.44,0.23,"RP4-614O4.13"
"ENSG00000272599.2",0.11,1.1,"(0.91-1.38)","1.13","0.287",1.13,0.287,"RP11-152N13.16"
"ENSG00000279427.1",0.0076,1,"(0.9-1.13)","0.02","0.895",0.02,0.895,"RP11-132F7.2"
"ENSG00000277969.1",0.058,1.1,"(0.787-1.43)","0.15","0.701",0.15,0.701,"CTB-58E17.1"
"ENSG00000238045.8",0.35,1.4,"(1.02-1.97)","4.38","0.0364",4.38,0.0364,"AC009133.12"
"ENSG00000251169.2",-0.054,0.95,"(0.785-1.14)","0.31","0.575",0.31,0.575,"AC005355.2"
"ENSG00000271936.1",0.26,1.3,"(0.967-1.73)","3.01","0.083",3.01,0.083,"RP11-443B20.1"
"ENSG00000226453.1",0.15,1.2,"(1.05-1.29)","8.42","0.0037",8.42,0.0037,"RP11-379B8.1"
"ENSG00000203499.9",0.18,1.2,"(0.947-1.52)","2.28","0.131",2.28,0.131,"FAM83H-AS1"
"ENSG00000179743.3",0.15,1.2,"(0.853-1.57)","0.88","0.348",0.88,0.348,"FLJ37453"
"ENSG00000279741.1",-0.014,0.99,"(0.918-1.06)","0.15","0.697",0.15,0.697,"RP11-44F14.9"
"ENSG00000249859.6",0.16,1.2,"(0.915-1.51)","1.6","0.206",1.6,0.206,"PVT1"
"ENSG00000273142.1",0.21,1.2,"(1.02-1.5)","4.75","0.0294",4.75,0.0294,"RP11-458F8.4"
"ENSG00000272711.1",0.23,1.3,"(1-1.57)","3.86","0.0494",3.86,0.0494,"RP11-259N19.1"
"ENSG00000277879.1",-0.15,0.86,"(0.719-1.03)","2.57","0.109",2.57,0.109,"RP11-129M16.4"
"ENSG00000224032.5",0.035,1,"(0.79-1.36)","0.06","0.801",0.06,0.801,"EPB41L4A-AS1"
"ENSG00000175061.16",-0.02,0.98,"(0.752-1.28)","0.02","0.883",0.02,0.883,"LRRC75A-AS1"
"ENSG00000233483.2",-0.015,0.99,"(0.837-1.16)","0.03","0.857",0.03,0.857,"CTD-2020K17.4"
"ENSG00000261448.1",-0.014,0.99,"(0.912-1.07)","0.12","0.727",0.12,0.727,"CTD-2576D5.4"
"ENSG00000280027.1",-0.036,0.97,"(0.897-1.04)","0.91","0.34",0.91,0.34,"RP11-44F14.10"
"ENSG00000197989.12",0.074,1.1,"(0.821-1.41)","0.28","0.594",0.28,0.594,"SNHG12"
"ENSG00000279265.1",-0.013,0.99,"(0.879-1.11)","0.05","0.825",0.05,0.825,"AC000123.3"
"ENSG00000259485.1",0.032,1,"(0.978-1.09)","1.33","0.249",1.33,0.249,"CTD-2147F2.1"
"ENSG00000255026.1",0.074,1.1,"(0.981-1.18)","2.41","0.12",2.41,0.12,"RP11-326C3.2"
"ENSG00000256546.1",0.2,1.2,"(1.08-1.39)","10","0.00153",10,0.00153,"AC156455.1"
"ENSG00000228544.1",0.14,1.1,"(0.937-1.4)","1.76","0.185",1.76,0.185,"CCDC183-AS1"
"ENSG00000258682.1",0.17,1.2,"(0.993-1.42)","3.55","0.0595",3.55,0.0595,"CTD-2002H8.2"
"ENSG00000270060.1",0.016,1,"(0.9-1.15)","0.07","0.793",0.07,0.793,"RP11-390K5.6"
"ENSG00000258048.1",0.072,1.1,"(0.923-1.25)","0.86","0.355",0.86,0.355,"RP11-530C5.1"
"ENSG00000170846.14",-0.077,0.93,"(0.632-1.35)","0.16","0.691",0.16,0.691,"AC093323.3"
"ENSG00000215769.7",0.15,1.2,"(0.959-1.41)","2.34","0.126",2.34,0.126,"RP13-104F24.2"
"ENSG00000273271.1",0.05,1.1,"(0.885-1.25)","0.32","0.57",0.32,0.57,"AP000254.8"
"ENSG00000273568.1",0.057,1.1,"(0.859-1.31)","0.29","0.592",0.29,0.592,"RP11-417L19.6"
"ENSG00000233554.4",-0.21,0.81,"(0.673-0.975)","4.98","0.0256",4.98,0.0256,"B4GALT1-AS1"
"ENSG00000261353.1",-0.027,0.97,"(0.889-1.07)","0.34","0.563",0.34,0.563,"CTA-14H9.5"
"ENSG00000226465.1",-0.037,0.96,"(0.913-1.02)","1.84","0.176",1.84,0.176,"RP13-401N8.1"
"ENSG00000256806.3",0.12,1.1,"(0.873-1.47)","0.87","0.35",0.87,0.35,"C17orf100"
"ENSG00000248008.2",-0.16,0.86,"(0.539-1.36)","0.43","0.51",0.43,0.51,"DYNLL1-AS1"
"ENSG00000272221.1",-0.075,0.93,"(0.801-1.07)","1","0.317",1,0.317,"XXbac-BPG181B23.7"
"ENSG00000260136.4",0.17,1.2,"(0.864-1.63)","1.11","0.291",1.11,0.291,"CTD-2270L9.4"
"ENSG00000227695.4",-0.068,0.93,"(0.742-1.18)","0.33","0.564",0.33,0.564,"DNMBP-AS1"
"ENSG00000251603.1",-0.0017,1,"(0.923-1.08)","0","0.966",0,0.966,"RP11-164P12.4"
"ENSG00000259768.5",0.11,1.1,"(0.811-1.52)","0.43","0.51",0.43,0.51,"RP5-991G20.1"
"ENSG00000271976.1",-0.036,0.96,"(0.701-1.33)","0.05","0.824",0.05,0.824,"RP11-884K10.7"
"ENSG00000258404.1",-0.048,0.95,"(0.87-1.05)","1.02","0.312",1.02,0.312,"RP11-1029J19.5"
"ENSG00000260260.1",-0.0056,0.99,"(0.807-1.23)","0","0.958",0,0.958,"SNHG19"
"ENSG00000260563.3",0.28,1.3,"(1.05-1.67)","5.78","0.0162",5.78,0.0162,"RP13-516M14.1"
"ENSG00000231721.5",0.1,1.1,"(0.913-1.34)","1.08","0.299",1.08,0.299,"LINC-PINT"
"ENSG00000225470.5",-0.035,0.97,"(0.709-1.32)","0.05","0.826",0.05,0.826,"JPX"
"ENSG00000247092.5",0.16,1.2,"(0.896-1.53)","1.34","0.247",1.34,0.247,"SNHG10"
"ENSG00000259704.1",-0.073,0.93,"(0.843-1.02)","2.16","0.141",2.16,0.141,"CTD-3094K11.1"
"ENSG00000228265.4",0.089,1.1,"(0.842-1.42)","0.45","0.503",0.45,0.503,"RALY-AS1"
"ENSG00000262251.1",0.34,1.4,"(1.11-1.77)","7.95","0.00481",7.95,0.00481,"RP11-199F11.2"
"ENSG00000229539.1",0.15,1.2,"(0.964-1.39)","2.46","0.116",2.46,0.116,"RP11-119B16.2"
"ENSG00000273478.1",0.099,1.1,"(0.874-1.39)","0.69","0.407",0.69,0.407,"RP11-465N4.5"
"ENSG00000230163.1",0.33,1.4,"(1-1.94)","3.84","0.0499",3.84,0.0499,"RP5-997D16.2"
"ENSG00000257605.2",0.41,1.5,"(1.1-2.05)","6.61","0.0101",6.61,0.0101,"RP11-680A11.5"
"ENSG00000279528.1",-0.091,0.91,"(0.702-1.19)","0.45","0.5",0.45,0.5,"RP11-1148L6.8"
"ENSG00000234171.2",0.092,1.1,"(0.814-1.48)","0.37","0.544",0.37,0.544,"RNASEH1-AS1"
"ENSG00000179406.6",0.31,1.4,"(1.11-1.7)","8.26","0.00405",8.26,0.00405,"LINC00174"
"ENSG00000233903.2",0.044,1,"(0.775-1.41)","0.08","0.775",0.08,0.775,"Z83851.4"
"ENSG00000257270.1",0.12,1.1,"(0.986-1.29)","3.08","0.0794",3.08,0.0794,"RP11-521B24.5"
"ENSG00000242516.1",0.00076,1,"(0.928-1.08)","0","0.984",0,0.984,"LINC00960"
"ENSG00000270069.1",0.14,1.2,"(0.979-1.36)","2.93","0.0867",2.93,0.0867,"MIR222HG"
"ENSG00000232445.1",-0.04,0.96,"(0.863-1.07)","0.54","0.461",0.54,0.461,"RP11-132A1.4"
"ENSG00000258297.1",0.073,1.1,"(0.841-1.37)","0.34","0.562",0.34,0.562,"RP11-658F2.8"
"ENSG00000237361.2",-0.029,0.97,"(0.914-1.03)","0.9","0.343",0.9,0.343,"TUSC8"
"ENSG00000267475.1",0.038,1,"(0.859-1.26)","0.15","0.694",0.15,0.694,"CTD-2538C1.2"
"ENSG00000272763.1",-0.034,0.97,"(0.846-1.1)","0.25","0.618",0.25,0.618,"RP11-357H14.17"
"ENSG00000258474.1",-0.059,0.94,"(0.822-1.08)","0.73","0.393",0.73,0.393,"RP11-187E13.1"
"ENSG00000258919.1",0.028,1,"(0.909-1.16)","0.2","0.658",0.2,0.658,"RP11-1029J19.4"
"ENSG00000234155.1",-0.075,0.93,"(0.805-1.07)","1.05","0.304",1.05,0.304,"RP11-30P6.6"
"ENSG00000261804.1",-0.027,0.97,"(0.895-1.06)","0.41","0.523",0.41,0.523,"RP11-44F14.2"
"ENSG00000254560.4",0.051,1.1,"(0.968-1.14)","1.44","0.23",1.44,0.23,"BBOX1-AS1"
"ENSG00000270372.1",-0.0081,0.99,"(0.959-1.03)","0.22","0.636",0.22,0.636,"RP11-109M17.2"
"ENSG00000214039.7",-0.03,0.97,"(0.927-1.02)","1.68","0.196",1.68,0.196,"RP11-474D1.3"
"ENSG00000258738.1",0.062,1.1,"(0.84-1.35)","0.27","0.606",0.27,0.606,"RP11-73E17.2"
"ENSG00000281468.1",0.059,1.1,"(0.945-1.19)","1.01","0.315",1.01,0.315,"CTC-459F4.9"
"ENSG00000269899.1",-0.063,0.94,"(0.825-1.07)","0.9","0.342",0.9,0.342,"RP11-589N15.2"
"ENSG00000228393.3",0.068,1.1,"(0.916-1.25)","0.73","0.392",0.73,0.392,"LINC01004"
"ENSG00000278834.1",0.029,1,"(0.791-1.34)","0.05","0.828",0.05,0.828,"RP11-458J1.1"
"ENSG00000280206.1",-0.0058,0.99,"(0.726-1.36)","0","0.971",0,0.971,"CTB-193M12.5"
"ENSG00000237476.1",0.053,1.1,"(0.848-1.31)","0.23","0.633",0.23,0.633,"XXbac-B135H6.15"
"ENSG00000270010.1",0.016,1,"(0.881-1.17)","0.05","0.825",0.05,0.825,"CTD-2132N18.4"
"ENSG00000269888.1",-0.0074,0.99,"(0.889-1.11)","0.02","0.896",0.02,0.896,"RP11-3P17.5"
"ENSG00000267565.1",0.0016,1,"(0.902-1.11)","0","0.976",0,0.976,"CTC-559E9.8"
"ENSG00000203644.3",0.055,1.1,"(0.845-1.32)","0.23","0.632",0.23,0.632,"RP11-332M2.1"
"ENSG00000247240.6",-0.043,0.96,"(0.685-1.34)","0.06","0.804",0.06,0.804,"UBL7-AS1"
"ENSG00000231074.7",0.03,1,"(0.737-1.44)","0.03","0.862",0.03,0.862,"HCG18"
"ENSG00000232931.4",0.11,1.1,"(0.942-1.33)","1.65","0.199",1.65,0.199,"LINC00342"
"ENSG00000262692.1",0.078,1.1,"(0.962-1.22)","1.7","0.193",1.7,0.193,"CTD-3195I5.3"
"ENSG00000277496.1",-0.0022,1,"(0.826-1.21)","0","0.982",0,0.982,"RP11-93B14.9"
"ENSG00000276855.1",-0.036,0.96,"(0.87-1.07)","0.48","0.488",0.48,0.488,"CTD-3157E16.2"
"ENSG00000242207.1",-0.012,0.99,"(0.893-1.09)","0.05","0.821",0.05,0.821,"HOXB-AS4"
"ENSG00000259877.2",-0.12,0.89,"(0.724-1.1)","1.2","0.274",1.2,0.274,"RP11-46C24.7"
"ENSG00000223768.1",0.18,1.2,"(0.938-1.52)","2.08","0.149",2.08,0.149,"LINC00205"
"ENSG00000273137.1",0.22,1.2,"(1.03-1.5)","5.02","0.0251",5.02,0.0251,"RP3-402G11.28"
"ENSG00000245060.5",0.16,1.2,"(0.886-1.57)","1.27","0.259",1.27,0.259,"LINC00847"
"ENSG00000236935.1",-0.027,0.97,"(0.913-1.04)","0.72","0.395",0.72,0.395,"AP003774.1"
"ENSG00000275580.1",0.055,1.1,"(0.901-1.24)","0.46","0.498",0.46,0.498,"RP11-295H24.4"
"ENSG00000249673.5",0.13,1.1,"(0.784-1.67)","0.48","0.486",0.48,0.486,"NOP14-AS1"
"ENSG00000234160.1",0.074,1.1,"(0.843-1.38)","0.35","0.554",0.35,0.554,"RP11-613M10.6"
"ENSG00000225791.5",-0.12,0.88,"(0.661-1.18)","0.69","0.407",0.69,0.407,"TRAM2-AS1"
"ENSG00000265519.1",-0.0092,0.99,"(0.91-1.08)","0.04","0.833",0.04,0.833,"CTD-3157E16.1"
"ENSG00000230316.5",0.023,1,"(0.964-1.09)","0.57","0.448",0.57,0.448,"FEZF1-AS1"
"ENSG00000182648.10",0.13,1.1,"(0.954-1.37)","2.1","0.148",2.1,0.148,"LINC01006"
"ENSG00000260265.1",0.0056,1,"(0.86-1.18)","0","0.944",0,0.944,"RP11-44F21.5"
"ENSG00000234608.6",0.15,1.2,"(0.756-1.8)","0.48","0.487",0.48,0.487,"MAPKAPK5-AS1"
"ENSG00000264247.1",-0.097,0.91,"(0.639-1.29)","0.3","0.585",0.3,0.585,"LINC00909"
"ENSG00000225177.4",0.16,1.2,"(0.928-1.48)","1.79","0.181",1.79,0.181,"RP11-390P2.4"
"ENSG00000254290.1",-0.092,0.91,"(0.812-1.02)","2.38","0.123",2.38,0.123,"RP11-150O12.3"
"ENSG00000260442.4",-0.0039,1,"(0.863-1.15)","0","0.958",0,0.958,"ATP2A1-AS1"
"ENSG00000236850.4",0.15,1.2,"(0.874-1.55)","1.09","0.296",1.09,0.296,"BMS1P20"
"ENSG00000237310.1",0.21,1.2,"(1-1.52)","3.84","0.0502",3.84,0.0502,"GS1-124K5.4"
"ENSG00000255474.1",0.007,1,"(0.896-1.13)","0.01","0.907",0.01,0.907,"RP11-234B24.2"
"ENSG00000256940.1",0.091,1.1,"(0.903-1.33)","0.86","0.354",0.86,0.354,"RP11-783K16.5"
"ENSG00000242861.1",0.1,1.1,"(0.908-1.35)","1.01","0.315",1.01,0.315,"RP11-285F7.2"
"ENSG00000272720.1",0.15,1.2,"(0.97-1.4)","2.69","0.101",2.69,0.101,"CTA-228A9.3"
"ENSG00000228037.1",-0.018,0.98,"(0.842-1.15)","0.05","0.823",0.05,0.823,"RP3-395M20.9"
"ENSG00000233223.2",0.41,1.5,"(1.19-1.88)","12.1","0.000504",12.1,0.000504,"AC113189.5"
"ENSG00000250328.4",0.01,1,"(0.935-1.09)","0.07","0.79",0.07,0.79,"MGC32805"
"ENSG00000276317.1",-0.054,0.95,"(0.841-1.07)","0.78","0.378",0.78,0.378,"RP11-93B14.10"
"ENSG00000245648.1",-0.12,0.89,"(0.811-0.974)","6.42","0.0113",6.42,0.0113,"RP11-277P12.20"
"ENSG00000278266.1",-0.039,0.96,"(0.892-1.04)","1.06","0.304",1.06,0.304,"RP11-575F12.3"
"ENSG00000272579.1",-0.0031,1,"(0.849-1.17)","0","0.97",0,0.97,"RP11-101E13.5"
"ENSG00000250786.1",-0.071,0.93,"(0.817-1.06)","1.12","0.29",1.12,0.29,"SNHG18"
"ENSG00000249572.1",-0.049,0.95,"(0.872-1.04)","1.16","0.281",1.16,0.281,"CTD-2203K17.1"
"ENSG00000270460.1",0.012,1,"(0.899-1.14)","0.04","0.843",0.04,0.843,"RP11-796E10.1"
"ENSG00000262001.1",-0.041,0.96,"(0.783-1.18)","0.15","0.696",0.15,0.696,"DLGAP1-AS2"
"ENSG00000259291.2",0.02,1,"(0.816-1.27)","0.03","0.861",0.03,0.861,"RP11-617F23.1"
"ENSG00000259623.1",-0.15,0.86,"(0.661-1.11)","1.31","0.252",1.31,0.252,"RP11-156E6.1"
"ENSG00000262089.1",0.13,1.1,"(0.908-1.42)","1.25","0.263",1.25,0.263,"RP11-589P10.5"
"ENSG00000268006.1",0.033,1,"(0.675-1.58)","0.02","0.88",0.02,0.88,"PTOV1-AS1"
"ENSG00000236859.5",0.27,1.3,"(0.942-1.81)","2.56","0.11",2.56,0.11,"NIFK-AS1"
"ENSG00000226696.4",0.28,1.3,"(1.06-1.67)","5.96","0.0147",5.96,0.0147,"LENG8-AS1"
"ENSG00000230896.1",-0.042,0.96,"(0.699-1.31)","0.07","0.794",0.07,0.794,"RP11-767N6.7"
"ENSG00000245532.5",0.076,1.1,"(0.912-1.28)","0.78","0.378",0.78,0.378,"NEAT1"
"ENSG00000279382.1",0.044,1,"(0.895-1.22)","0.32","0.574",0.32,0.574,"RP11-449J21.3"
"ENSG00000246089.3",-0.071,0.93,"(0.696-1.25)","0.23","0.634",0.23,0.634,"RP11-115C21.2"
"ENSG00000259865.1",0.028,1,"(0.904-1.17)","0.18","0.669",0.18,0.669,"RP11-488L18.10"
"ENSG00000256262.1",-0.11,0.89,"(0.775-1.03)","2.52","0.112",2.52,0.112,"USP30-AS1"
"ENSG00000228350.1",-0.025,0.98,"(0.908-1.05)","0.45","0.503",0.45,0.503,"CELSR3-AS1"
"ENSG00000225855.5",0.15,1.2,"(0.944-1.42)","1.99","0.158",1.99,0.158,"RUSC1-AS1"
"ENSG00000258920.1",0.15,1.2,"(0.904-1.48)","1.33","0.249",1.33,0.249,"FOXN3-AS1"
"ENSG00000227036.5",-0.072,0.93,"(0.749-1.16)","0.42","0.516",0.42,0.516,"LINC00511"
"ENSG00000275234.1",-0.0054,0.99,"(0.742-1.33)","0","0.971",0,0.971,"CTD-2396E7.11"
"ENSG00000253210.1",-0.056,0.95,"(0.816-1.1)","0.55","0.459",0.55,0.459,"RP11-809O17.1"
"ENSG00000271020.1",-0.0087,0.99,"(0.875-1.12)","0.02","0.891",0.02,0.891,"RP11-10C24.1"
"ENSG00000255517.5",0.031,1,"(0.807-1.32)","0.06","0.803",0.06,0.803,"CTD-3074O7.5"
"ENSG00000225969.1",-0.053,0.95,"(0.822-1.09)","0.52","0.472",0.52,0.472,"ABHD11-AS1"
"ENSG00000273145.1",0.042,1,"(0.798-1.36)","0.09","0.758",0.09,0.758,"CITF22-92A6.1"
"ENSG00000262370.4",-0.013,0.99,"(0.907-1.07)","0.09","0.764",0.09,0.764,"RP11-473M20.9"
"ENSG00000272405.1",0.0074,1,"(0.835-1.22)","0.01","0.938",0.01,0.938,"RP11-284F21.10"
"ENSG00000262049.1",0.2,1.2,"(0.928-1.61)","2.05","0.152",2.05,0.152,"RP13-1032I1.7"
"ENSG00000267002.1",0.14,1.1,"(0.887-1.48)","1.08","0.299",1.08,0.299,"RP11-242D8.1"
"ENSG00000260267.1",0.23,1.3,"(0.919-1.71)","2.04","0.153",2.04,0.153,"RP11-452L6.5"
"ENSG00000205890.3",0.092,1.1,"(0.919-1.31)","1.04","0.309",1.04,0.309,"RP11-473M20.5"
"ENSG00000231806.2",0.071,1.1,"(0.893-1.29)","0.57","0.45",0.57,0.45,"PCAT7"
"ENSG00000232098.3",0.015,1,"(0.755-1.36)","0.01","0.921",0.01,0.921,"CTD-2619J13.14"
"ENSG00000260025.1",-0.023,0.98,"(0.83-1.15)","0.07","0.786",0.07,0.786,"RP11-490M8.1"
"ENSG00000279059.1",0.048,1,"(0.793-1.39)","0.11","0.736",0.11,0.736,"RP11-257O5.2"
"ENSG00000278876.1",0.057,1.1,"(0.941-1.19)","0.89","0.344",0.89,0.344,"RP11-498C9.4"
"ENSG00000228343.1",-0.077,0.93,"(0.792-1.08)","0.94","0.331",0.94,0.331,"RP11-1148L6.5"
"ENSG00000236452.1",-0.03,0.97,"(0.915-1.03)","1.01","0.315",1.01,0.315,"AC123023.1"
"ENSG00000278709.1",0.097,1.1,"(0.96-1.27)","1.9","0.168",1.9,0.168,"RP5-1059L7.1"
"ENSG00000255142.1",0.15,1.2,"(1.03-1.3)","6.44","0.0111",6.44,0.0111,"AP006621.6"
"ENSG00000260912.1",0.13,1.1,"(0.942-1.37)","1.79","0.181",1.79,0.181,"RP11-363E7.4"
"ENSG00000239467.4",-0.039,0.96,"(0.839-1.1)","0.3","0.581",0.3,0.581,"AC007405.6"
"ENSG00000226330.1",0.0069,1,"(0.841-1.21)","0.01","0.94",0.01,0.94,"RP11-739N20.2"
"ENSG00000228989.1",0.18,1.2,"(0.94-1.51)","2.11","0.147",2.11,0.147,"AC133528.2"
"ENSG00000272275.1",0.23,1.3,"(1.07-1.48)","7.78","0.00527",7.78,0.00527,"RP11-791G15.2"
"ENSG00000204876.4",-0.075,0.93,"(0.818-1.05)","1.35","0.245",1.35,0.245,"AC021218.2"
"ENSG00000261040.5",-0.082,0.92,"(0.831-1.02)","2.4","0.121",2.4,0.121,"WFDC21P"
"ENSG00000230733.2",0.22,1.2,"(0.951-1.62)","2.54","0.111",2.54,0.111,"AC092171.4"
"ENSG00000273619.1",0.084,1.1,"(0.907-1.3)","0.83","0.362",0.83,0.362,"RP5-908M14.9"
"ENSG00000228223.2",0.013,1,"(0.882-1.16)","0.03","0.854",0.03,0.854,"HCG11"
"ENSG00000272338.2",0.017,1,"(0.887-1.17)","0.06","0.811",0.06,0.811,"RP11-722E23.2"
"ENSG00000228705.1",-0.021,0.98,"(0.898-1.07)","0.23","0.631",0.23,0.631,"LINC00659"
"ENSG00000216895.7",0.14,1.2,"(0.889-1.5)","1.16","0.281",1.16,0.281,"AC009403.2"
"ENSG00000257702.3",0.32,1.4,"(1.02-1.88)","4.29","0.0383",4.29,0.0383,"LBX2-AS1"
"ENSG00000251580.1",-0.054,0.95,"(0.839-1.07)","0.75","0.387",0.75,0.387,"RP11-539L10.3"
"ENSG00000271430.1",0.051,1.1,"(0.896-1.24)","0.39","0.534",0.39,0.534,"RP3-368A4.5"
"ENSG00000231226.1",0.044,1,"(0.886-1.23)","0.28","0.6",0.28,0.6,"TRIM31-AS1"
"ENSG00000237857.2",0.16,1.2,"(0.918-1.49)","1.62","0.203",1.62,0.203,"RP11-435O5.2"
"ENSG00000280202.1",-0.013,0.99,"(0.855-1.14)","0.03","0.855",0.03,0.855,"RP5-1180D12.1"
"ENSG00000276952.1",-0.013,0.99,"(0.896-1.09)","0.07","0.792",0.07,0.792,"RP5-965G21.6"
"ENSG00000270157.1",0.044,1,"(0.885-1.23)","0.27","0.601",0.27,0.601,"RP5-894A10.6"
"ENSG00000229953.1",-0.03,0.97,"(0.806-1.17)","0.1","0.757",0.1,0.757,"RP11-284F21.7"
"ENSG00000268756.1",0.12,1.1,"(1.02-1.25)","5.13","0.0235",5.13,0.0235,"AC104534.2"
"ENSG00000234705.1",0.055,1.1,"(0.947-1.18)","0.97","0.324",0.97,0.324,"HMGA1P4"
"ENSG00000278974.1",-0.00095,1,"(0.907-1.1)","0","0.985",0,0.985,"RP11-756P10.6"
"ENSG00000232874.1",0.014,1,"(0.922-1.11)","0.08","0.778",0.08,0.778,"RP11-135A1.2"
"ENSG00000205559.3",0.12,1.1,"(0.936-1.34)","1.55","0.212",1.55,0.212,"CHKB-AS1"
"ENSG00000258914.1",0.023,1,"(0.95-1.1)","0.36","0.547",0.36,0.547,"CTD-2134A5.3"
"ENSG00000256751.4",-0.012,0.99,"(0.841-1.16)","0.02","0.888",0.02,0.888,"PLBD1-AS1"
"ENSG00000236144.5",0.11,1.1,"(0.883-1.41)","0.84","0.36",0.84,0.36,"TMEM147-AS1"
"ENSG00000214546.3",-0.0031,1,"(0.861-1.15)","0","0.967",0,0.967,"AC087491.2"
"ENSG00000272821.1",0.22,1.2,"(0.968-1.61)","2.94","0.0867",2.94,0.0867,"CTA-384D8.36"
"ENSG00000232803.1",0.063,1.1,"(0.962-1.18)","1.47","0.225",1.47,0.225,"SLCO4A1-AS1"
"ENSG00000265458.1",-0.073,0.93,"(0.776-1.11)","0.63","0.427",0.63,0.427,"RP13-20L14.6"
"ENSG00000204792.2",0.041,1,"(0.988-1.1)","2.32","0.127",2.32,0.127,"LINC01291"
"ENSG00000261116.1",0.081,1.1,"(0.856-1.37)","0.45","0.5",0.45,0.5,"RP3-523K23.2"
"ENSG00000258498.5",0.00016,1,"(0.909-1.1)","0","0.997",0,0.997,"DIO3OS"
"ENSG00000214293.7",0.28,1.3,"(0.936-1.89)","2.53","0.112",2.53,0.112,"APTR"
"ENSG00000254854.1",0.012,1,"(0.91-1.13)","0.05","0.832",0.05,0.832,"CTD-2523D13.2"
"ENSG00000245571.5",-0.2,0.82,"(0.552-1.22)","0.94","0.333",0.94,0.333,"AP001258.4"
"ENSG00000261716.1",0.31,1.4,"(1.08-1.72)","6.75","0.00937",6.75,0.00937,"RP11-196G18.22"
"ENSG00000243479.3",0.12,1.1,"(0.906-1.39)","1.13","0.287",1.13,0.287,"MNX1-AS1"
"ENSG00000230551.4",0.076,1.1,"(0.86-1.35)","0.43","0.511",0.43,0.511,"CTB-89H12.4"
"ENSG00000247516.4",-0.071,0.93,"(0.832-1.04)","1.5","0.221",1.5,0.221,"MIR4458HG"
"ENSG00000226051.5",-0.011,0.99,"(0.892-1.1)","0.04","0.843",0.04,0.843,"ZNF503-AS1"
"ENSG00000233184.5",-0.21,0.81,"(0.658-0.994)","4.05","0.0441",4.05,0.0441,"RP11-421L21.3"
"ENSG00000271971.1",0.011,1,"(0.85-1.2)","0.02","0.897",0.02,0.897,"CTD-2006H14.2"
"ENSG00000254837.2",-0.18,0.84,"(0.647-1.08)","1.83","0.176",1.83,0.176,"AP001372.2"
"ENSG00000263470.1",0.049,1.1,"(0.841-1.31)","0.19","0.665",0.19,0.665,"RP11-160O5.1"
"ENSG00000268471.4",0.086,1.1,"(0.835-1.42)","0.4","0.525",0.4,0.525,"DKFZP434I0714"
"ENSG00000260853.1",0.1,1.1,"(0.926-1.32)","1.24","0.266",1.24,0.266,"RP11-264B17.2"
"ENSG00000267249.1",-0.052,0.95,"(0.805-1.12)","0.39","0.532",0.39,0.532,"RP11-973H7.3"
"ENSG00000226332.2",0.28,1.3,"(1.08-1.63)","7.22","0.00721",7.22,0.00721,"RP11-157P1.4"
"ENSG00000273576.1",0.19,1.2,"(0.983-1.48)","3.22","0.0727",3.22,0.0727,"RP11-390P24.1"
"ENSG00000270933.1",0.05,1.1,"(0.915-1.21)","0.5","0.479",0.5,0.479,"CTD-2227E11.1"
"ENSG00000261373.1",0.14,1.1,"(0.944-1.39)","1.89","0.169",1.89,0.169,"VPS9D1-AS1"
"ENSG00000260219.2",0.15,1.2,"(0.896-1.5)","1.27","0.261",1.27,0.261,"RP11-347C12.10"
"ENSG00000259985.1",-0.3,0.74,"(0.586-0.945)","5.86","0.0155",5.86,0.0155,"RP11-549B18.1"
"ENSG00000254614.2",0.08,1.1,"(0.884-1.33)","0.6","0.44",0.6,0.44,"AP003068.23"
"ENSG00000241764.3",0.28,1.3,"(0.955-1.82)","2.82","0.0931",2.82,0.0931,"AC002467.7"
"ENSG00000153363.11",0.051,1.1,"(0.805-1.38)","0.14","0.708",0.14,0.708,"LINC00467"
"ENSG00000224093.4",-0.0021,1,"(0.763-1.3)","0","0.987",0,0.987,"RP5-1033H22.2"
"ENSG00000259974.2",-0.091,0.91,"(0.835-0.999)","3.94","0.0472",3.94,0.0472,"LINC00261"
"ENSG00000255135.3",0.14,1.2,"(0.891-1.49)","1.18","0.277",1.18,0.277,"RP11-111M22.3"
"ENSG00000224536.1",0.04,1,"(0.875-1.24)","0.2","0.653",0.2,0.653,"RP11-134G8.7"
"ENSG00000277978.1",0.11,1.1,"(0.913-1.37)","1.16","0.281",1.16,0.281,"RP11-403P17.6"
"ENSG00000269973.1",-0.15,0.86,"(0.615-1.22)","0.7","0.402",0.7,0.402,"RP11-95D17.1"
"ENSG00000233834.5",0.081,1.1,"(0.886-1.33)","0.61","0.434",0.61,0.434,"AC005083.1"
"ENSG00000275180.1",0.11,1.1,"(0.95-1.31)","1.78","0.182",1.78,0.182,"RP11-631N16.4"
"ENSG00000231113.2",0.25,1.3,"(0.956-1.74)","2.78","0.0952",2.78,0.0952,"RP3-475N16.1"
"ENSG00000231770.4",0.16,1.2,"(0.877-1.58)","1.19","0.275",1.19,0.275,"TMEM44-AS1"
"ENSG00000228288.5",0.33,1.4,"(1.11-1.75)","8.13","0.00434",8.13,0.00434,"PCAT6"
"ENSG00000224189.5",0.019,1,"(0.906-1.15)","0.1","0.749",0.1,0.749,"HAGLR"
"ENSG00000242588.5",0.061,1.1,"(0.949-1.19)","1.12","0.291",1.12,0.291,"RP11-274B21.14"
"ENSG00000226812.2",-0.048,0.95,"(0.858-1.06)","0.8","0.372",0.8,0.372,"RP5-881L22.5"
"ENSG00000236199.1",-0.035,0.97,"(0.795-1.17)","0.12","0.726",0.12,0.726,"RP11-264I13.2"
"ENSG00000214106.6",0.12,1.1,"(0.817-1.56)","0.54","0.461",0.54,0.461,"PAXIP1-AS2"
"ENSG00000267317.2",0.49,1.6,"(1.21-2.19)","10.6","0.00116",10.6,0.00116,"CTB-25B13.12"
"ENSG00000260708.1",0.1,1.1,"(0.869-1.41)","0.68","0.411",0.68,0.411,"CTA-29F11.1"
"ENSG00000260257.2",0.11,1.1,"(0.894-1.39)","0.92","0.337",0.92,0.337,"RP5-1085F17.3"
"ENSG00000225361.3",0.17,1.2,"(0.929-1.51)","1.88","0.171",1.88,0.171,"PPP1R26-AS1"
"ENSG00000253106.1",0.047,1,"(0.83-1.32)","0.16","0.691",0.16,0.691,"RP11-158K1.3"
"ENSG00000188242.4",-0.068,0.93,"(0.787-1.11)","0.61","0.435",0.61,0.435,"PP7080"
"ENSG00000280693.1",0.034,1,"(0.92-1.16)","0.32","0.572",0.32,0.572,"SH3PXD2A-AS1"
"ENSG00000232956.7",0.21,1.2,"(0.915-1.67)","1.9","0.168",1.9,0.168,"SNHG15"
"ENSG00000269051.4",-0.021,0.98,"(0.914-1.05)","0.36","0.549",0.36,0.549,"CTD-2245F17.3"
"ENSG00000260244.1",-0.0046,1,"(0.879-1.13)","0.01","0.942",0.01,0.942,"RP11-588K22.2"
"ENSG00000268388.4",-0.054,0.95,"(0.847-1.06)","0.91","0.341",0.91,0.341,"FENDRR"
"ENSG00000198788.8",-0.022,0.98,"(0.923-1.04)","0.57","0.449",0.57,0.449,"MUC2"
"ENSG00000228106.4",0.23,1.3,"(0.944-1.67)","2.44","0.118",2.44,0.118,"RP11-452F19.3"
"ENSG00000241990.4",0.079,1.1,"(0.841-1.39)","0.38","0.539",0.38,0.539,"PRR34-AS1"
"ENSG00000271133.4",-0.2,0.82,"(0.689-0.978)","4.89","0.0271",4.89,0.0271,"CTA-293F17.1"
"ENSG00000264112.1",0.018,1,"(0.863-1.2)","0.04","0.834",0.04,0.834,"RP11-159D12.2"
"ENSG00000222041.9",0.17,1.2,"(0.911-1.56)","1.63","0.201",1.63,0.201,"LINC00152"
"ENSG00000272990.1",0.036,1,"(0.911-1.18)","0.3","0.581",0.3,0.581,"RP11-305K5.1"
"ENSG00000267344.1",0.21,1.2,"(1.01-1.49)","4.41","0.0357",4.41,0.0357,"CTB-39G8.3"
"ENSG00000270673.1",0.06,1.1,"(0.878-1.29)","0.39","0.534",0.39,0.534,"YTHDF3-AS1"
"ENSG00000227359.1",-0.038,0.96,"(0.876-1.06)","0.64","0.423",0.64,0.423,"AC017074.2"
"ENSG00000255717.5",0.1,1.1,"(0.854-1.44)","0.59","0.441",0.59,0.441,"SNHG1"
"ENSG00000247498.8",0.058,1.1,"(0.807-1.39)","0.17","0.678",0.17,0.678,"RP11-392P7.6"
"ENSG00000254531.1",0.11,1.1,"(0.897-1.4)","1","0.318",1,0.318,"FLJ20021"
"ENSG00000263013.1",-0.15,0.86,"(0.733-1)","3.72","0.0538",3.72,0.0538,"RP11-876N24.5"
"ENSG00000273759.1",0.019,1,"(0.9-1.15)","0.09","0.769",0.09,0.769,"RP4-563E14.1"
"ENSG00000233101.9",0.0023,1,"(0.877-1.15)","0","0.973",0,0.973,"HOXB-AS3"
"ENSG00000247828.6",-0.01,0.99,"(0.76-1.29)","0.01","0.938",0.01,0.938,"TMEM161B-AS1"
"ENSG00000213793.4",0.004,1,"(0.862-1.17)","0","0.959",0,0.959,"ZNF888"
"ENSG00000226752.6",0.26,1.3,"(0.974-1.73)","3.16","0.0755",3.16,0.0755,"PSMD5-AS1"
"ENSG00000278922.1",0.2,1.2,"(0.933-1.59)","2.09","0.148",2.09,0.148,"AC002310.14"
"ENSG00000278238.1",0.04,1,"(0.902-1.2)","0.3","0.583",0.3,0.583,"RP11-245D16.4"
"ENSG00000226950.5",-0.14,0.87,"(0.668-1.13)","1.13","0.287",1.13,0.287,"DANCR"
"ENSG00000246582.2",-0.14,0.87,"(0.657-1.15)","0.97","0.324",0.97,0.324,"RP11-1149O23.3"
"ENSG00000272888.4",0.055,1.1,"(0.78-1.43)","0.13","0.722",0.13,0.722,"LINC01578"
"ENSG00000225762.1",-0.031,0.97,"(0.883-1.06)","0.43","0.512",0.43,0.512,"LINC01389"
"ENSG00000273084.1",0.058,1.1,"(0.872-1.29)","0.34","0.561",0.34,0.561,"RP11-1275H24.3"
"ENSG00000262468.4",0.071,1.1,"(0.843-1.37)","0.33","0.566",0.33,0.566,"LINC01569"
"ENSG00000280099.1",-0.037,0.96,"(0.78-1.19)","0.11","0.735",0.11,0.735,"RP11-33E12.2"
"ENSG00000261799.1",-0.086,0.92,"(0.71-1.18)","0.44","0.507",0.44,0.507,"RP11-283I3.6"
"ENSG00000232093.1",0.12,1.1,"(0.908-1.39)","1.14","0.285",1.14,0.285,"RP11-307C12.11"
"ENSG00000261087.1",0.079,1.1,"(0.877-1.33)","0.55","0.46",0.55,0.46,"KB-1460A1.5"
"ENSG00000253414.2",-0.1,0.9,"(0.816-1)","3.84","0.0502",3.84,0.0502,"RP11-150O12.6"
"ENSG00000266490.1",0.075,1.1,"(0.95-1.22)","1.35","0.244",1.35,0.244,"CTD-2349P21.9"
"ENSG00000269044.2",0.11,1.1,"(0.813-1.53)","0.45","0.504",0.45,0.504,"CTC-429P9.3"
"ENSG00000234771.3",0.21,1.2,"(0.975-1.56)","3.06","0.0803",3.06,0.0803,"SLC25A25-AS1"
"ENSG00000280734.1",0.037,1,"(0.831-1.3)","0.11","0.744",0.11,0.744,"LINC01232"
"ENSG00000163597.13",-0.43,0.65,"(0.443-0.95)","4.93","0.0263",4.93,0.0263,"SNHG16"
"ENSG00000273723.1",0.049,1,"(0.889-1.24)","0.33","0.566",0.33,0.566,"RP11-93H24.3"
"ENSG00000246263.2",-0.033,0.97,"(0.778-1.2)","0.09","0.764",0.09,0.764,"KB-431C1.4"
"ENSG00000229891.1",-0.11,0.9,"(0.766-1.05)","1.72","0.19",1.72,0.19,"LINC01315"
"ENSG00000272009.1",0.15,1.2,"(0.879-1.54)","1.12","0.29",1.12,0.29,"RP1-313I6.12"
"ENSG00000224272.2",-0.12,0.88,"(0.796-0.98)","5.45","0.0196",5.45,0.0196,"AC114730.3"
"ENSG00000262714.1",-0.043,0.96,"(0.886-1.04)","1.14","0.286",1.14,0.286,"RP11-44F14.8"
"ENSG00000233621.1",-0.057,0.94,"(0.711-1.25)","0.16","0.692",0.16,0.692,"LINC01137"
"ENSG00000255468.5",0.022,1,"(0.77-1.36)","0.02","0.877",0.02,0.877,"RP11-867G23.8"
"ENSG00000241224.5",-0.011,0.99,"(0.917-1.07)","0.08","0.778",0.08,0.778,"FLJ22763"
"ENSG00000184068.2",-0.035,0.97,"(0.713-1.31)","0.05","0.821",0.05,0.821,"RP5-821D11.7"
"ENSG00000262823.1",-0.0059,0.99,"(0.838-1.18)","0","0.946",0,0.946,"RP13-580F15.2"
"ENSG00000238164.5",0.23,1.3,"(1.02-1.56)","4.49","0.034",4.49,0.034,"RP3-395M20.8"
"ENSG00000235501.4",-0.017,0.98,"(0.834-1.16)","0.04","0.837",0.04,0.837,"RP4-639F20.1"
"ENSG00000273132.1",0.03,1,"(0.936-1.14)","0.37","0.54",0.37,0.54,"RP11-350J20.12"
"ENSG00000251322.6",0.29,1.3,"(1.08-1.65)","7.04","0.00796",7.04,0.00796,"SHANK3"
"ENSG00000272518.1",-0.011,0.99,"(0.827-1.18)","0.02","0.901",0.02,0.901,"RP11-26J3.3"
"ENSG00000254827.4",0.029,1,"(0.837-1.27)","0.08","0.782",0.08,0.782,"SLC22A18AS"
"ENSG00000270696.1",-0.016,0.98,"(0.745-1.3)","0.01","0.912",0.01,0.912,"RP11-342K6.1"
"ENSG00000271533.1",0.014,1,"(0.878-1.17)","0.03","0.853",0.03,0.853,"RP3-368A4.6"
"ENSG00000272849.1",0.2,1.2,"(1.01-1.48)","4.32","0.0378",4.32,0.0378,"RP11-347I19.8"
"ENSG00000258655.2",0.094,1.1,"(0.87-1.39)","0.63","0.429",0.63,0.429,"ARHGAP5-AS1"
"ENSG00000255857.4",0.29,1.3,"(0.945-1.87)","2.67","0.102",2.67,0.102,"PXN-AS1"
"ENSG00000269186.1",-0.029,0.97,"(0.911-1.04)","0.81","0.368",0.81,0.368,"LINC01082"
"ENSG00000272842.1",0.02,1,"(0.921-1.13)","0.15","0.702",0.15,0.702,"RP11-513M16.7"
"ENSG00000243766.6",-0.032,0.97,"(0.906-1.04)","0.88","0.35",0.88,0.35,"HOTTIP"
"ENSG00000267510.1",0.056,1.1,"(0.941-1.19)","0.89","0.346",0.89,0.346,"CTC-325H20.4"
"ENSG00000260877.1",0.068,1.1,"(0.985-1.16)","2.54","0.111",2.54,0.111,"RP11-211G23.2"
"ENSG00000237523.1",0.12,1.1,"(0.902-1.4)","1.09","0.296",1.09,0.296,"LINC00857"
"ENSG00000275888.1",0.22,1.3,"(1.04-1.5)","5.63","0.0176",5.63,0.0176,"RP13-516M14.10"
"ENSG00000247400.3",-0.018,0.98,"(0.806-1.2)","0.03","0.86",0.03,0.86,"DNAJC3-AS1"
"ENSG00000272455.1",0.13,1.1,"(0.882-1.46)","0.98","0.323",0.98,0.323,"RP4-758J18.13"
"ENSG00000277782.1",0.13,1.1,"(0.949-1.36)","1.92","0.166",1.92,0.166,"RP11-775C24.5"
"ENSG00000258534.1",0.15,1.2,"(0.955-1.42)","2.27","0.132",2.27,0.132,"CTD-2134A5.4"
"ENSG00000232640.1",0.021,1,"(0.838-1.24)","0.04","0.836",0.04,0.836,"RP1-266L20.2"
"ENSG00000245556.2",0.14,1.2,"(0.854-1.56)","0.87","0.351",0.87,0.351,"SCAMP1-AS1"
"ENSG00000260917.1",0.0078,1,"(0.793-1.28)","0","0.949",0,0.949,"RP11-57H14.4"
"ENSG00000268087.1",-0.037,0.96,"(0.805-1.15)","0.16","0.692",0.16,0.692,"CTC-429P9.2"
"ENSG00000223400.1",-0.026,0.97,"(0.911-1.04)","0.55","0.457",0.55,0.457,"AP006748.1"
"ENSG00000273456.1",0.22,1.2,"(0.995-1.56)","3.66","0.0557",3.66,0.0557,"RP11-686O6.2"
"ENSG00000272899.2",0.12,1.1,"(0.946-1.34)","1.77","0.183",1.77,0.183,"RP11-309L24.4"
"ENSG00000253929.1",-0.041,0.96,"(0.897-1.03)","1.37","0.242",1.37,0.242,"CASC21"
"ENSG00000278784.1",0.19,1.2,"(0.891-1.65)","1.49","0.222",1.49,0.222,"RP11-468E2.11"
"ENSG00000241359.1",-0.08,0.92,"(0.849-1)","3.61","0.0575",3.61,0.0575,"SYNPR-AS1"
"ENSG00000247679.2",0.045,1,"(0.84-1.3)","0.16","0.685",0.16,0.685,"RP11-1277A3.1"
"ENSG00000272172.1",0.09,1.1,"(0.914-1.31)","0.97","0.325",0.97,0.325,"RP13-582O9.7"
"ENSG00000278912.1",0.055,1.1,"(0.931-1.2)","0.74","0.391",0.74,0.391,"CTD-2196E14.8"
"ENSG00000268970.1",0.1,1.1,"(0.955-1.28)","1.83","0.176",1.83,0.176,"CTD-3099C6.11"
"ENSG00000260121.1",0.16,1.2,"(0.958-1.44)","2.39","0.123",2.39,0.123,"RP5-1142A6.9"
"ENSG00000223813.2",0.056,1.1,"(0.873-1.28)","0.32","0.569",0.32,0.569,"AC007255.8"
"ENSG00000272068.1",0.13,1.1,"(0.986-1.31)","3.15","0.0761",3.15,0.0761,"RP11-284F21.9"
"ENSG00000258122.1",0.03,1,"(0.941-1.13)","0.42","0.515",0.42,0.515,"RP11-61A14.1"
"ENSG00000182873.5",0.21,1.2,"(0.995-1.52)","3.66","0.0556",3.66,0.0556,"RP11-181G12.2"
"ENSG00000271869.1",-0.05,0.95,"(0.838-1.08)","0.6","0.438",0.6,0.438,"RP11-51J9.5"
"ENSG00000258512.1",0.085,1.1,"(0.927-1.28)","1.07","0.301",1.07,0.301,"LINC00239"
"ENSG00000256643.1",-0.0021,1,"(0.943-1.06)","0.01","0.943",0.01,0.943,"RP11-349K16.1"
"ENSG00000255198.4",0.039,1,"(0.867-1.25)","0.18","0.673",0.18,0.673,"SNHG9"
"ENSG00000229043.2",0.16,1.2,"(0.925-1.49)","1.73","0.188",1.73,0.188,"AC091729.9"
"ENSG00000246898.1",-0.069,0.93,"(0.844-1.03)","1.79","0.181",1.79,0.181,"LINC00920"
"ENSG00000224259.4",0.094,1.1,"(0.928-1.3)","1.19","0.275",1.19,0.275,"LINC01133"
"ENSG00000235245.1",0.26,1.3,"(1.07-1.56)","6.79","0.00917",6.79,0.00917,"RP11-122K13.12"
"ENSG00000245937.6",0.059,1.1,"(0.753-1.49)","0.11","0.737",0.11,0.737,"LINC01184"
"ENSG00000272153.1",0.12,1.1,"(0.932-1.37)","1.53","0.216",1.53,0.216,"RP1-286D6.5"
"ENSG00000279117.1",-0.15,0.86,"(0.678-1.09)","1.6","0.206",1.6,0.206,"CTD-2562J17.6"
"ENSG00000177410.11",-0.16,0.85,"(0.668-1.08)","1.81","0.178",1.81,0.178,"ZFAS1"
"ENSG00000234753.4",0.0083,1,"(0.847-1.2)","0.01","0.926",0.01,0.926,"FOXP4-AS1"
"ENSG00000236618.2",0.14,1.2,"(0.917-1.45)","1.48","0.223",1.48,0.223,"PITPNA-AS1"
"ENSG00000126005.14",-0.12,0.89,"(0.691-1.14)","0.85","0.357",0.85,0.357,"MMP24-AS1"
"ENSG00000260018.1",0.035,1,"(0.877-1.22)","0.17","0.679",0.17,0.679,"RP11-505K9.1"
"ENSG00000196741.5",0.013,1,"(0.831-1.24)","0.02","0.895",0.02,0.895,"LINC01560"
"ENSG00000274173.1",0.025,1,"(0.87-1.21)","0.09","0.765",0.09,0.765,"RP4-568C11.4"
"ENSG00000262050.1",0.075,1.1,"(0.927-1.25)","0.96","0.328",0.96,0.328,"RP11-74E22.3"
"ENSG00000223891.4",0.0065,1,"(0.844-1.2)","0.01","0.942",0.01,0.942,"OSER1-AS1"
"ENSG00000281404.1",0.11,1.1,"(0.952-1.3)","1.77","0.183",1.77,0.183,"LINC01176"
"ENSG00000247556.5",0.14,1.1,"(0.841-1.57)","0.76","0.383",0.76,0.383,"OIP5-AS1"
"ENSG00000229167.1",0.015,1,"(0.9-1.15)","0.06","0.806",0.06,0.806,"RP11-73M7.1"
"ENSG00000267152.1",0.041,1,"(0.878-1.24)","0.22","0.639",0.22,0.639,"CTD-2528L19.6"
"ENSG00000233695.2",0.07,1.1,"(0.952-1.21)","1.32","0.25",1.32,0.25,"GAS6-AS1"
"ENSG00000255224.1",-0.0097,0.99,"(0.771-1.27)","0.01","0.94",0.01,0.94,"CTD-3065J16.9"
"ENSG00000225953.2",-0.022,0.98,"(0.897-1.07)","0.26","0.611",0.26,0.611,"SATB2-AS1"
"ENSG00000272760.1",-0.0036,1,"(0.821-1.21)","0","0.971",0,0.971,"RP11-5C23.1"
"ENSG00000246451.2",0.14,1.2,"(0.948-1.4)","2.02","0.155",2.02,0.155,"RP11-894P9.1"
"ENSG00000239569.3",0.32,1.4,"(1.07-1.76)","6.24","0.0125",6.24,0.0125,"KMT2E-AS1"
"ENSG00000237643.1",-0.015,0.99,"(0.941-1.03)","0.4","0.527",0.4,0.527,"RP11-462G2.1"
"ENSG00000261183.4",0.26,1.3,"(0.953-1.75)","2.72","0.0989",2.72,0.0989,"RP11-532F12.5"
"ENSG00000259330.1",0.15,1.2,"(0.89-1.5)","1.18","0.276",1.18,0.276,"INAFM2"
"ENSG00000179859.7",0.13,1.1,"(0.856-1.52)","0.81","0.367",0.81,0.367,"AC025335.1"
"ENSG00000234694.1",0.11,1.1,"(0.939-1.33)","1.56","0.212",1.56,0.212,"RP1-92O14.3"
"ENSG00000167117.7",-0.015,0.99,"(0.863-1.12)","0.05","0.824",0.05,0.824,"LINC00483"
"ENSG00000270871.1",0.044,1,"(0.926-1.18)","0.51","0.477",0.51,0.477,"AC015849.19"
"ENSG00000253161.4",-0.025,0.98,"(0.835-1.14)","0.1","0.758",0.1,0.758,"RP11-150O12.1"
"ENSG00000278970.1",0.28,1.3,"(0.897-1.95)","1.99","0.158",1.99,0.158,"HEIH"
"ENSG00000225489.5",0.073,1.1,"(0.936-1.24)","1.05","0.304",1.05,0.304,"RP11-390F4.3"
"ENSG00000256001.1",-0.021,0.98,"(0.923-1.04)","0.48","0.488",0.48,0.488,"RP11-575F12.2"
"ENSG00000229719.3",0.063,1.1,"(0.881-1.29)","0.42","0.516",0.42,0.516,"AP001187.9"
"ENSG00000223552.1",-0.061,0.94,"(0.791-1.12)","0.48","0.49",0.48,0.49,"RP11-24F11.2"
"ENSG00000279095.1",0.049,1.1,"(0.784-1.41)","0.11","0.742",0.11,0.742,"AC092066.1"
"ENSG00000273058.2",0.12,1.1,"(0.887-1.43)","0.95","0.33",0.95,0.33,"RP11-385F5.5"
"ENSG00000235919.4",0.22,1.2,"(0.937-1.65)","2.27","0.132",2.27,0.132,"ASH1L-AS1"
"ENSG00000204261.7",-0.014,0.99,"(0.754-1.29)","0.01","0.92",0.01,0.92,"PSMB8-AS1"
"ENSG00000268836.1",0.085,1.1,"(0.941-1.26)","1.31","0.252",1.31,0.252,"LA16c-OS12.2"
"ENSG00000235106.7",-0.045,0.96,"(0.675-1.36)","0.06","0.801",0.06,0.801,"LINC00094"
"ENSG00000204620.3",0.096,1.1,"(0.885-1.37)","0.74","0.388",0.74,0.388,"RP11-1148L6.9"
"ENSG00000226287.6",0.14,1.1,"(0.943-1.39)","1.88","0.17",1.88,0.17,"TMEM191A"
"ENSG00000268001.1",-0.17,0.84,"(0.669-1.05)","2.29","0.13",2.29,0.13,"CARD8-AS1"
"ENSG00000279453.1",0.1,1.1,"(0.879-1.4)","0.77","0.38",0.77,0.38,"RP3-425C14.4"
"ENSG00000272502.1",0.091,1.1,"(0.95-1.26)","1.56","0.211",1.56,0.211,"RP11-713M15.2"
"ENSG00000224167.1",0.043,1,"(0.939-1.16)","0.63","0.428",0.63,0.428,"RP3-522D1.1"
"ENSG00000229180.5",0.23,1.3,"(0.99-1.6)","3.52","0.0607",3.52,0.0607,"GS1-124K5.11"
"ENSG00000259953.1",0.27,1.3,"(0.992-1.73)","3.61","0.0573",3.61,0.0573,"RP11-4O1.2"
"ENSG00000234678.1",0.15,1.2,"(0.885-1.53)","1.17","0.279",1.17,0.279,"RP11-465N4.4"
"ENSG00000203875.9",-0.074,0.93,"(0.78-1.11)","0.69","0.406",0.69,0.406,"SNHG5"
"ENSG00000270170.1",0.15,1.2,"(0.836-1.61)","0.78","0.377",0.78,0.377,"NCBP2-AS2"
"ENSG00000272669.1",0.19,1.2,"(0.991-1.47)","3.49","0.0618",3.49,0.0618,"RP3-508I15.21"
"ENSG00000272141.1",0.08,1.1,"(0.918-1.28)","0.9","0.342",0.9,0.342,"RP11-465B22.8"
"ENSG00000215908.6",0.018,1,"(0.773-1.34)","0.02","0.899",0.02,0.899,"CROCCP2"
"ENSG00000229931.1",0.055,1.1,"(0.906-1.23)","0.49","0.483",0.49,0.483,"RP1-151F17.1"
"ENSG00000267519.3",0.13,1.1,"(0.934-1.4)","1.68","0.195",1.68,0.195,"CTD-3252C9.4"
"ENSG00000265933.4",0.027,1,"(0.943-1.12)","0.37","0.543",0.37,0.543,"LINC00668"
"ENSG00000229155.1",0.025,1,"(0.875-1.2)","0.1","0.756",0.1,0.756,"RP11-528A4.2"
"ENSG00000261437.1",0.049,1.1,"(0.853-1.29)","0.22","0.642",0.22,0.642,"RP11-22C11.2"
"ENSG00000259153.1",0.11,1.1,"(0.911-1.37)","1.14","0.287",1.14,0.287,"RP6-65G23.3"
"ENSG00000269131.1",0.22,1.2,"(0.948-1.63)","2.47","0.116",2.47,0.116,"AC004447.2"
"ENSG00000271870.1",0.14,1.1,"(0.926-1.42)","1.59","0.208",1.59,0.208,"RP11-97C16.1"
"ENSG00000272933.1",0.15,1.2,"(0.965-1.41)","2.54","0.111",2.54,0.111,"RP11-47A8.5"
"ENSG00000235437.6",0.22,1.3,"(0.955-1.64)","2.64","0.104",2.64,0.104,"LINC01278"
"ENSG00000248367.1",0.13,1.1,"(0.965-1.35)","2.4","0.122",2.4,0.122,"CTB-129O4.1"
"ENSG00000120055.7",0.038,1,"(0.828-1.3)","0.11","0.74",0.11,0.74,"C10orf95"
"ENSG00000225302.2",0.013,1,"(0.783-1.31)","0.01","0.921",0.01,0.921,"RP11-539I5.1"
"ENSG00000257086.1",0.22,1.2,"(0.969-1.6)","2.93","0.0868",2.93,0.0868,"RP11-783K16.13"
"ENSG00000267321.1",0.033,1,"(0.801-1.33)","0.06","0.801",0.06,0.801,"RP11-1094M14.11"
"ENSG00000275557.1",0.047,1,"(0.939-1.17)","0.72","0.398",0.72,0.398,"RP11-353N4.6"
"ENSG00000258056.2",0.48,1.6,"(1.14-2.29)","7.31","0.00686",7.31,0.00686,"RP11-644F5.11"
"ENSG00000260822.1",-0.16,0.85,"(0.659-1.09)","1.59","0.207",1.59,0.207,"GS1-358P8.4"
"ENSG00000267481.1",0.0017,1,"(0.845-1.19)","0","0.984",0,0.984,"CTC-559E9.5"
"ENSG00000255320.1",-0.054,0.95,"(0.812-1.11)","0.47","0.494",0.47,0.494,"RP11-755F10.1"
"ENSG00000258424.1",0.03,1,"(0.95-1.12)","0.52","0.471",0.52,0.471,"RP11-471B22.2"
"ENSG00000274561.1",0.027,1,"(0.893-1.18)","0.14","0.706",0.14,0.706,"RP11-147L13.12"
"ENSG00000227403.1",-0.044,0.96,"(0.841-1.09)","0.44","0.506",0.44,0.506,"AC009299.3"
"ENSG00000248866.1",-0.049,0.95,"(0.779-1.16)","0.23","0.633",0.23,0.633,"USP46-AS1"
"ENSG00000270761.1",0.04,1,"(0.848-1.28)","0.15","0.701",0.15,0.701,"RP11-385F7.1"
"ENSG00000269940.1",0.02,1,"(0.928-1.12)","0.17","0.679",0.17,0.679,"RP11-73M18.7"
"ENSG00000223745.6",0.093,1.1,"(0.899-1.34)","0.83","0.361",0.83,0.361,"RP4-717I23.3"
