"ENSG_id","logFC","adj.P.Val","logrank.pvalue","beta","HR","CI","wald.test.test","HR.pvalue.pvalue","wald.test","HR.pvalue","Symbol"
"ENSG00000116883.8",-0.408562365797969,0.000553384176891799,0.00377454770815146,0.18,1.2,"(1.05-1.36)","7.36","0.00668",7.36,0.00668,"RP11-268J15.5"
"ENSG00000117242.7",0.631552676596858,2.48693983649506e-15,0.100823635982323,-0.26,0.77,"(0.581-1.03)","3.16","0.0755",3.16,0.0755,"PINK1-AS"
"ENSG00000176912.3",1.6972004771728,1.99196148838483e-24,0.680935835119018,0.0027,1,"(0.861-1.17)","0","0.972",0,0.972,"TYMSOS"
"ENSG00000177406.4",0.0326843207751095,0.736409848718575,0.164985908204784,0.19,1.2,"(0.931-1.57)","2.03","0.154",2.03,0.154,"RP11-218M22.1"
"ENSG00000179406.6",-1.0163552759813,4.32242404922545e-20,0.0515970570633847,0.31,1.4,"(1.11-1.7)","8.26","0.00405",8.26,0.00405,"LINC00174"
"ENSG00000179523.4",-0.387347253322946,2.66459241517232e-05,0.0821890864714849,0.5,1.7,"(1.15-2.38)","7.3","0.0069",7.3,0.0069,"EIF3J-AS1"
"ENSG00000179859.7",-0.0558919100086813,0.526083220671389,0.378288669597486,0.13,1.1,"(0.856-1.52)","0.81","0.367",0.81,0.367,"AC025335.1"
"ENSG00000182873.5",-1.32919903813122,2.41245964070907e-34,0.256012280851134,0.21,1.2,"(0.995-1.52)","3.66","0.0556",3.66,0.0556,"RP11-181G12.2"
"ENSG00000188206.6",-1.7190414951829,5.0929332969535e-39,0.469309287035342,0.076,1.1,"(0.917-1.27)","0.84","0.36",0.84,0.36,"HNRNPU-AS1"
"ENSG00000188242.4",0.0627393049559704,0.71829422541256,0.697591546001834,-0.068,0.93,"(0.787-1.11)","0.61","0.435",0.61,0.435,"PP7080"
"ENSG00000196741.5",0.247640238045723,0.00406979681093152,0.776325982235919,0.013,1,"(0.831-1.24)","0.02","0.895",0.02,0.895,"LINC01560"
"ENSG00000196810.4",0.544475382859816,6.17448251370902e-10,0.128035440173677,-0.22,0.8,"(0.528-1.22)","1.04","0.307",1.04,0.307,"CTBP1-AS2"
"ENSG00000197180.2",0.247251996359985,0.00904944722673054,0.0945903929212305,0.089,1.1,"(0.861-1.39)","0.53","0.467",0.53,0.467,"CH17-340M24.3"
"ENSG00000198788.8",1.38893951756824,0.000199495192907793,0.383920770690002,-0.022,0.98,"(0.923-1.04)","0.57","0.449",0.57,0.449,"MUC2"
"ENSG00000203497.2",-0.538350973983015,1.41479222730722e-08,0.533543862545932,0.1,1.1,"(0.807-1.52)","0.39","0.531",0.39,0.531,"PDCD4-AS1"
"ENSG00000203644.3",0.764477590955705,1.44778618135104e-17,0.289948129113887,0.055,1.1,"(0.845-1.32)","0.23","0.632",0.23,0.632,"RP11-332M2.1"
"ENSG00000203993.4",-0.743671106320102,1.49463371748186e-14,0.0108877535754541,0.56,1.8,"(1.2-2.58)","8.35","0.00385",8.35,0.00385,"ARRDC1-AS1"
"ENSG00000204282.4",-0.139981919749081,0.212928875729492,0.00575630877028642,0.37,1.4,"(1.14-1.82)","9.38","0.0022",9.38,0.0022,"TNRC6C-AS1"
"ENSG00000204685.6",-0.41713961961274,4.48903258223559e-07,0.381990904605515,0.45,1.6,"(1.04-2.38)","4.56","0.0326",4.56,0.0326,"STARD7-AS1"
"ENSG00000204860.4",2.50825431894427,3.13977592871058e-43,0.559370903717768,0.14,1.1,"(0.974-1.35)","2.72","0.0993",2.72,0.0993,"FAM201A"
"ENSG00000204876.4",8.28123395386412,2.75351140681266e-129,0.153302956317955,-0.075,0.93,"(0.818-1.05)","1.35","0.245",1.35,0.245,"AC021218.2"
"ENSG00000214049.6",6.81106387619824,5.03573738835894e-97,0.706498618871503,0.009,1,"(0.933-1.09)","0.05","0.823",0.05,0.823,"UCA1"
"ENSG00000214401.4",-0.617154625413028,2.82598555510398e-07,0.81994949047822,0.012,1,"(0.857-1.2)","0.02","0.887",0.02,0.887,"KANSL1-AS1"
"ENSG00000215256.3",0.756847305166959,3.58369793979274e-15,0.52327592238137,0.076,1.1,"(0.807-1.44)","0.26","0.61",0.26,0.61,"DHRS4-AS1"
"ENSG00000218510.5",0.00381290435990156,0.970099663248112,0.682862461297384,-0.13,0.88,"(0.637-1.22)","0.6","0.44",0.6,0.44,"LINC00339"
"ENSG00000221990.4",-0.26136874432555,0.00362522220661453,0.954385147547673,0.15,1.2,"(0.906-1.49)","1.39","0.238",1.39,0.238,"EXOC3-AS1"
"ENSG00000222001.2",5.67387367517629,2.57038330605064e-50,0.231405548326789,-0.049,0.95,"(0.851-1.07)","0.73","0.393",0.73,0.393,"AC106876.2"
"ENSG00000223478.1",0.816635065630241,3.95091028980565e-14,0.101202327072907,0.1,1.1,"(0.893-1.38)","0.87","0.351",0.87,0.351,"RP11-545E17.3"
"ENSG00000223768.1",-0.832462842727498,2.2541194533607e-17,0.159428843455053,0.18,1.2,"(0.938-1.52)","2.08","0.149",2.08,0.149,"LINC00205"
"ENSG00000223813.2",2.09623609733026,2.39983563566494e-27,0.758517520677272,0.056,1.1,"(0.873-1.28)","0.32","0.569",0.32,0.569,"AC007255.8"
"ENSG00000224138.1",-0.34593754206707,0.000567920421370129,0.662775811343112,0.0053,1,"(0.904-1.12)","0.01","0.923",0.01,0.923,"AC000123.4"
"ENSG00000224152.1",-0.522885581656678,9.77520432075522e-10,0.591909833843832,-0.017,0.98,"(0.719-1.34)","0.01","0.916",0.01,0.916,"AC009506.1"
"ENSG00000224272.2",1.68807506073908,6.52013484014016e-13,0.107518120395753,-0.12,0.88,"(0.796-0.98)","5.45","0.0196",5.45,0.0196,"AC114730.3"
"ENSG00000224961.1",0.594950963155319,0.0724242424277674,0.487239490194629,0.037,1,"(0.956-1.13)","0.78","0.377",0.78,0.377,"RP1-278O22.1"
"ENSG00000224975.1",-0.977044968124976,2.0427091008378e-19,0.818401609957078,0.11,1.1,"(0.915-1.35)","1.15","0.284",1.15,0.284,"INE1"
"ENSG00000225361.3",0.811809123891735,3.11514671701975e-12,0.230712868368513,0.17,1.2,"(0.929-1.51)","1.88","0.171",1.88,0.171,"PPP1R26-AS1"
"ENSG00000225953.2",1.43897277093563,4.75549900598352e-05,0.91898023112126,-0.022,0.98,"(0.897-1.07)","0.26","0.611",0.26,0.611,"SATB2-AS1"
"ENSG00000225969.1",2.84069742662515,2.06683955115379e-23,0.122419039977089,-0.053,0.95,"(0.822-1.09)","0.52","0.472",0.52,0.472,"ABHD11-AS1"
"ENSG00000226137.5",0.434395518259663,1.89829573739787e-06,0.879225764656853,-0.035,0.97,"(0.74-1.26)","0.07","0.798",0.07,0.798,"BAIAP2-AS1"
"ENSG00000226332.2",-1.9957730936977,9.48895541232508e-43,0.00614366998448294,0.28,1.3,"(1.08-1.63)","7.22","0.00721",7.22,0.00721,"RP11-157P1.4"
"ENSG00000226465.1",0.464739688547624,0.0785626826208928,0.625084748545187,-0.037,0.96,"(0.913-1.02)","1.84","0.176",1.84,0.176,"RP13-401N8.1"
"ENSG00000226812.2",5.65432475927099,1.39863633559483e-50,0.776244521165737,-0.048,0.95,"(0.858-1.06)","0.8","0.372",0.8,0.372,"RP5-881L22.5"
"ENSG00000227053.1",1.94517481743126,5.11519195458212e-22,0.584611074513209,0.031,1,"(0.901-1.18)","0.2","0.654",0.2,0.654,"RP11-395B7.4"
"ENSG00000227359.1",2.30306346921089,1.76989017230887e-23,0.429657044855747,-0.038,0.96,"(0.876-1.06)","0.64","0.423",0.64,0.423,"AC017074.2"
"ENSG00000227403.1",4.27480357261795,1.00857618890567e-52,0.597214940918434,-0.044,0.96,"(0.841-1.09)","0.44","0.506",0.44,0.506,"AC009299.3"
"ENSG00000227540.1",0.00866217161930671,0.930142314291527,0.47315667413351,0.18,1.2,"(0.946-1.51)","2.24","0.134",2.24,0.134,"RP11-152N13.5"
"ENSG00000227946.1",-0.260199057414543,0.00531254552761634,0.327467090717033,0.013,1,"(0.854-1.2)","0.02","0.881",0.02,0.881,"AC007383.3"
"ENSG00000228037.1",0.689532602270219,0.00011686605435889,0.910160261007953,-0.018,0.98,"(0.842-1.15)","0.05","0.823",0.05,0.823,"RP3-395M20.9"
"ENSG00000228109.1",-0.436538403748642,0.000101392122586086,0.0425143154873879,0.27,1.3,"(1.05-1.64)","5.77","0.0163",5.77,0.0163,"MFI2-AS1"
"ENSG00000228223.2",-0.67147785712408,2.49736876392113e-08,0.498072089618729,0.013,1,"(0.882-1.16)","0.03","0.854",0.03,0.854,"HCG11"
"ENSG00000228343.1",0.269706880006015,0.00217484678626466,0.00836771170818949,-0.077,0.93,"(0.792-1.08)","0.94","0.331",0.94,0.331,"RP11-1148L6.5"
"ENSG00000228393.3",-0.983890836639115,4.77990454863517e-16,0.619544911438622,0.068,1.1,"(0.916-1.25)","0.73","0.392",0.73,0.392,"LINC01004"
"ENSG00000228439.4",-0.213441554574118,0.00719366949305135,0.454631905090916,-0.037,0.96,"(0.801-1.16)","0.16","0.693",0.16,0.693,"TSTD3"
"ENSG00000228801.5",0.754359543060113,1.34502733337546e-17,0.170215277524546,-0.0015,1,"(0.762-1.31)","0","0.992",0,0.992,"RP11-110G21.1"
"ENSG00000228989.1",0.113700815908357,0.271091957902627,0.398752133694719,0.18,1.2,"(0.94-1.51)","2.11","0.147",2.11,0.147,"AC133528.2"
"ENSG00000229043.2",0.380228505473099,0.000275947632656336,0.0868157347417725,0.16,1.2,"(0.925-1.49)","1.73","0.188",1.73,0.188,"AC091729.9"
"ENSG00000229152.2",-0.580248714645514,6.13497813866329e-07,0.304594621567951,0.057,1.1,"(0.932-1.2)","0.77","0.381",0.77,0.381,"ANKRD10-IT1"
"ENSG00000229167.1",1.73903402290895,8.9704028786202e-22,0.57371087994463,0.015,1,"(0.9-1.15)","0.06","0.806",0.06,0.806,"RP11-73M7.1"
"ENSG00000229180.5",-1.54749092275241,1.24491089907634e-45,0.0971357988768801,0.23,1.3,"(0.99-1.6)","3.52","0.0607",3.52,0.0607,"GS1-124K5.11"
"ENSG00000229334.1",0.729592584374505,5.86488678982098e-12,0.669087197516083,-0.075,0.93,"(0.692-1.24)","0.25","0.616",0.25,0.616,"AC046143.3"
"ENSG00000229719.3",1.97998057851679,2.31868769126125e-12,0.725640960163009,0.063,1.1,"(0.881-1.29)","0.42","0.516",0.42,0.516,"AP001187.9"
"ENSG00000229891.1",1.03640483147317,7.52566794718748e-20,0.600903630130392,-0.11,0.9,"(0.766-1.05)","1.72","0.19",1.72,0.19,"LINC01315"
"ENSG00000229931.1",-0.380062399254903,0.00112990670215533,0.404787461546576,0.055,1.1,"(0.906-1.23)","0.49","0.483",0.49,0.483,"RP1-151F17.1"
"ENSG00000229953.1",4.88016600365385,3.05814510819494e-66,0.161804043266465,-0.03,0.97,"(0.806-1.17)","0.1","0.757",0.1,0.757,"RP11-284F21.7"
"ENSG00000230082.1",1.1295791665767,1.22658382203695e-22,0.940150933665374,0.0045,1,"(0.843-1.2)","0","0.96",0,0.96,"PRRT3-AS1"
"ENSG00000230163.1",-0.674967013004384,1.38500124091705e-14,0.288280594246217,0.33,1.4,"(1-1.94)","3.84","0.0499",3.84,0.0499,"RP5-997D16.2"
"ENSG00000230177.1",-0.190585964538367,0.0930953894343185,0.516400697193563,0.098,1.1,"(0.905-1.34)","0.95","0.33",0.95,0.33,"RP5-1112D6.4"
"ENSG00000230551.4",-1.13382677313342,3.2872025872756e-24,0.886948879172594,0.076,1.1,"(0.86-1.35)","0.43","0.511",0.43,0.511,"CTB-89H12.4"
"ENSG00000230733.2",0.607198240849248,1.40222029829168e-12,0.74211177857093,0.22,1.2,"(0.951-1.62)","2.54","0.111",2.54,0.111,"AC092171.4"
"ENSG00000230844.2",-0.341181646978331,0.000138997213879933,0.189782594249818,0.21,1.2,"(0.951-1.62)","2.52","0.112",2.52,0.112,"ZNF674-AS1"
"ENSG00000230896.1",0.139136319323648,0.0988185369114918,0.457961618539689,-0.042,0.96,"(0.699-1.31)","0.07","0.794",0.07,0.794,"RP11-767N6.7"
"ENSG00000231025.1",0.411507632594766,2.07520163008303e-06,0.755799463882316,0.17,1.2,"(0.852-1.65)","1.03","0.31",1.03,0.31,"RP11-175O19.4"
"ENSG00000231663.1",-0.719251098962012,3.79574353533485e-12,0.625518094245119,0.057,1.1,"(0.869-1.29)","0.32","0.569",0.32,0.569,"RP5-827C21.4"
"ENSG00000232093.1",1.23429852312674,1.65530752162476e-16,0.559597203757741,0.12,1.1,"(0.908-1.39)","1.14","0.285",1.14,0.285,"RP11-307C12.11"
"ENSG00000232098.3",-0.0820095707284989,0.394279964980024,0.591582548831076,0.015,1,"(0.755-1.36)","0.01","0.921",0.01,0.921,"CTD-2619J13.14"
"ENSG00000232442.1",-0.156520032758693,0.173401196220144,0.0485357550536958,0.14,1.2,"(0.945-1.41)","1.99","0.159",1.99,0.159,"CTD-3184A7.4"
"ENSG00000232445.1",4.88205874000737,3.40477920984808e-81,0.54321022374499,-0.04,0.96,"(0.863-1.07)","0.54","0.461",0.54,0.461,"RP11-132A1.4"
"ENSG00000232533.1",0.262047122495327,0.0238588303272407,0.14919179788581,0.21,1.2,"(0.952-1.61)","2.55","0.111",2.55,0.111,"AC093673.5"
"ENSG00000232803.1",3.33003107641782,3.05280031865352e-81,0.270535061035645,0.063,1.1,"(0.962-1.18)","1.47","0.225",1.47,0.225,"SLCO4A1-AS1"
"ENSG00000233223.2",-0.734337324998846,7.94232115896868e-12,0.14818077325414,0.41,1.5,"(1.19-1.88)","12.1","0.000504",12.1,0.000504,"AC113189.5"
"ENSG00000233483.2",2.35366018366681,2.54565985459367e-24,0.764007289637886,-0.015,0.99,"(0.837-1.16)","0.03","0.857",0.03,0.857,"CTD-2020K17.4"
"ENSG00000233621.1",0.778609160824167,1.3205578640156e-16,0.584206672705345,-0.057,0.94,"(0.711-1.25)","0.16","0.692",0.16,0.692,"LINC01137"
"ENSG00000234072.1",0.0561152639606077,0.574206198931385,0.211029174489948,0.19,1.2,"(0.92-1.58)","1.83","0.176",1.83,0.176,"AC074117.10"
"ENSG00000234155.1",3.89200975563056,1.95711583473342e-42,0.378710087735061,-0.075,0.93,"(0.805-1.07)","1.05","0.304",1.05,0.304,"RP11-30P6.6"
"ENSG00000234160.1",0.54020816486113,0.000287780121418579,0.795851962650645,0.074,1.1,"(0.843-1.38)","0.35","0.554",0.35,0.554,"RP11-613M10.6"
"ENSG00000234171.2",0.743211581659024,8.60313321695906e-16,0.437668495466987,0.092,1.1,"(0.814-1.48)","0.37","0.544",0.37,0.544,"RNASEH1-AS1"
"ENSG00000234678.1",2.77298780160126,5.24690649361925e-67,0.252674261355021,0.15,1.2,"(0.885-1.53)","1.17","0.279",1.17,0.279,"RP11-465N4.4"
"ENSG00000234771.3",-0.123612025318034,0.315859432679176,0.0194630161119558,0.21,1.2,"(0.975-1.56)","3.06","0.0803",3.06,0.0803,"SLC25A25-AS1"
"ENSG00000235245.1",-1.7180245991693,1.19737011657531e-42,0.135849475309113,0.26,1.3,"(1.07-1.56)","6.79","0.00917",6.79,0.00917,"RP11-122K13.12"
"ENSG00000235280.2",3.42444641430983,5.18820075210548e-47,0.152150718249502,0.13,1.1,"(0.949-1.36)","1.92","0.166",1.92,0.166,"MCF2L-AS1"
"ENSG00000235499.1",2.75083919186602,6.13367395192586e-27,0.321562195322902,0.02,1,"(0.926-1.12)","0.16","0.686",0.16,0.686,"AC073046.25"
"ENSG00000235576.1",1.2234503735491,0.000199779046807665,0.306748101883785,-0.045,0.96,"(0.878-1.04)","1.1","0.295",1.1,0.295,"AC092580.4"
"ENSG00000235823.1",0.0781559612847522,0.463574885576462,0.177992550203015,0.22,1.2,"(0.95-1.63)","2.52","0.112",2.52,0.112,"OLMALINC"
"ENSG00000235919.4",0.0661371349783558,0.463589835257445,0.478788794347581,0.22,1.2,"(0.937-1.65)","2.27","0.132",2.27,0.132,"ASH1L-AS1"
"ENSG00000236081.1",8.44563465160793,2.0974121556373e-143,0.0200293364487156,0.14,1.1,"(0.999-1.31)","3.81","0.051",3.81,0.051,"ELFN1-AS1"
"ENSG00000236618.2",0.494685370781817,4.57573452120986e-07,0.230170128780363,0.14,1.2,"(0.917-1.45)","1.48","0.223",1.48,0.223,"PITPNA-AS1"
"ENSG00000236850.4",-0.375276904701486,1.20108488360975e-05,0.597705339353286,0.15,1.2,"(0.874-1.55)","1.09","0.296",1.09,0.296,"BMS1P20"
"ENSG00000236935.1",3.87998737489949,2.59767148216378e-28,0.529110017778655,-0.027,0.97,"(0.913-1.04)","0.72","0.395",0.72,0.395,"AP003774.1"
"ENSG00000237310.1",0.515226429267197,4.00582893896488e-07,0.242793520950306,0.21,1.2,"(1-1.52)","3.84","0.0502",3.84,0.0502,"GS1-124K5.4"
"ENSG00000237361.2",4.98370988416765,1.08386333330247e-45,0.991539815215588,-0.029,0.97,"(0.914-1.03)","0.9","0.343",0.9,0.343,"TUSC8"
"ENSG00000237424.1",1.47866679517821,4.40269540646001e-21,0.62855276451519,0.054,1.1,"(0.852-1.31)","0.24","0.622",0.24,0.622,"FOXD2-AS1"
"ENSG00000237476.1",0.138647418245724,0.308879797517533,0.631816965428738,0.053,1.1,"(0.848-1.31)","0.23","0.633",0.23,0.633,"XXbac-B135H6.15"
"ENSG00000237523.1",1.02131480861969,2.69859426980185e-25,0.466565731959556,0.12,1.1,"(0.902-1.4)","1.09","0.296",1.09,0.296,"LINC00857"
"ENSG00000237883.1",0.935277323659641,7.9793298716135e-15,0.544225042788143,0.049,1.1,"(0.868-1.27)","0.25","0.614",0.25,0.614,"DGUOK-AS1"
"ENSG00000238142.1",-0.49816262760301,0.00022836225834812,0.745832271239167,0.027,1,"(0.915-1.15)","0.21","0.647",0.21,0.647,"RP11-108M9.4"
"ENSG00000238279.1",0.494888703495333,1.54486176663819e-05,0.222626442813869,0.2,1.2,"(1.04-1.44)","5.82","0.0159",5.82,0.0159,"BX470102.3"
"ENSG00000239569.3",-0.685921750997017,3.66987529865645e-12,0.0849570057527384,0.32,1.4,"(1.07-1.76)","6.24","0.0125",6.24,0.0125,"KMT2E-AS1"
"ENSG00000239911.2",-1.39168617910258,8.19131267738196e-25,0.802560713275197,0.072,1.1,"(0.955-1.21)","1.44","0.23",1.44,0.23,"PRKAG2-AS1"
"ENSG00000240731.1",-1.62157525800402,1.59230491670178e-41,0.00910119370295455,0.19,1.2,"(0.965-1.53)","2.74","0.0981",2.74,0.0981,"RP5-890O3.9"
"ENSG00000241388.4",4.18828512769101,6.54008737821439e-34,0.765450131834243,-0.015,0.99,"(0.816-1.19)","0.02","0.877",0.02,0.877,"HNF1A-AS1"
"ENSG00000241764.3",0.578042578163318,9.3819710006915e-10,0.366011385004942,0.28,1.3,"(0.955-1.82)","2.82","0.0931",2.82,0.0931,"AC002467.7"
"ENSG00000242125.3",0.309100866296893,0.00561278079284275,0.808613416173002,-0.032,0.97,"(0.751-1.25)","0.06","0.808",0.06,0.808,"SNHG3"
"ENSG00000242207.1",4.77974798062013,2.64678047886694e-40,0.18246532761967,-0.012,0.99,"(0.893-1.09)","0.05","0.821",0.05,0.821,"HOXB-AS4"
"ENSG00000242516.1",0.642146143605623,0.000738123175089932,0.362539861846951,0.00076,1,"(0.928-1.08)","0","0.984",0,0.984,"LINC00960"
"ENSG00000242588.5",-0.782095973383958,8.52484282934414e-12,0.794886817479009,0.061,1.1,"(0.949-1.19)","1.12","0.291",1.12,0.291,"RP11-274B21.14"
"ENSG00000242861.1",-0.414414379233048,0.000313550305819164,0.411707973302984,0.1,1.1,"(0.908-1.35)","1.01","0.315",1.01,0.315,"RP11-285F7.2"
"ENSG00000243479.3",6.59542283697225,6.5661736714395e-91,0.75934241468964,0.12,1.1,"(0.906-1.39)","1.13","0.287",1.13,0.287,"MNX1-AS1"
"ENSG00000244459.2",0.0419526707973852,0.720130918254394,0.386068421890638,0.14,1.1,"(1-1.32)","3.83","0.0504",3.83,0.0504,"RP11-1398P2.1"
"ENSG00000244567.1",-0.954375506859203,6.75897656482175e-24,0.421575699830209,0.098,1.1,"(0.875-1.39)","0.69","0.405",0.69,0.405,"AC096772.6"
"ENSG00000244701.1",-1.08626874839364,2.82528834491837e-24,0.0942984644048866,0.069,1.1,"(0.867-1.32)","0.41","0.522",0.41,0.522,"RP5-894A10.2"
"ENSG00000245532.5",-2.1854403539479,1.61132644140943e-38,0.102226014550666,0.076,1.1,"(0.912-1.28)","0.78","0.378",0.78,0.378,"NEAT1"
"ENSG00000245556.2",0.0611086676278392,0.509659027126469,0.148925408489847,0.14,1.2,"(0.854-1.56)","0.87","0.351",0.87,0.351,"SCAMP1-AS1"
"ENSG00000245970.2",-0.54912637718272,8.88625127764667e-08,0.157669301550235,0.069,1.1,"(0.849-1.35)","0.34","0.559",0.34,0.559,"KB-1208A12.3"
"ENSG00000246089.3",0.832838231267354,8.2404704430863e-20,0.709456645945891,-0.071,0.93,"(0.696-1.25)","0.23","0.634",0.23,0.634,"RP11-115C21.2"
"ENSG00000246263.2",0.00578117990352012,0.952440190084902,0.548508574387512,-0.033,0.97,"(0.778-1.2)","0.09","0.764",0.09,0.764,"KB-431C1.4"
"ENSG00000246451.2",-1.73910403562318,1.46275604881594e-41,0.551265782110333,0.14,1.2,"(0.948-1.4)","2.02","0.155",2.02,0.155,"RP11-894P9.1"
"ENSG00000246582.2",2.86264628481792,5.97638010358551e-68,0.297922444925473,-0.14,0.87,"(0.657-1.15)","0.97","0.324",0.97,0.324,"RP11-1149O23.3"
"ENSG00000247095.2",0.12882964987187,0.352347567670692,0.00301387225966694,0.34,1.4,"(1.18-1.68)","13.9","0.000194",13.9,0.000194,"MIR210HG"
"ENSG00000247400.3",0.677870507178687,1.52592803716238e-13,0.483213340656467,-0.018,0.98,"(0.806-1.2)","0.03","0.86",0.03,0.86,"DNAJC3-AS1"
"ENSG00000247516.4",-0.958671553627345,3.21708762804976e-14,0.488893333361046,-0.071,0.93,"(0.832-1.04)","1.5","0.221",1.5,0.221,"MIR4458HG"
"ENSG00000247679.2",-0.78125105130225,6.85569467924721e-17,0.915647268398379,0.045,1,"(0.84-1.3)","0.16","0.685",0.16,0.685,"RP11-1277A3.1"
"ENSG00000247844.1",8.34765892754176,3.48676458104341e-169,0.756887424070732,0.0059,1,"(0.865-1.17)","0.01","0.94",0.01,0.94,"CCAT1"
"ENSG00000247903.1",0.350129986078928,0.000129318886501459,0.525727609773582,0.039,1,"(0.86-1.26)","0.16","0.688",0.16,0.688,"RP11-421F16.3"
"ENSG00000248008.2",1.15781337514144,8.9791704110701e-42,0.53230606135027,-0.16,0.86,"(0.539-1.36)","0.43","0.51",0.43,0.51,"DYNLL1-AS1"
"ENSG00000248275.1",-0.833970423316432,1.15343622796649e-15,0.612534858916318,0.016,1,"(0.723-1.43)","0.01","0.927",0.01,0.927,"TRIM52-AS1"
"ENSG00000248866.1",-0.0859426815124795,0.313314713418419,0.682083946985641,-0.049,0.95,"(0.779-1.16)","0.23","0.633",0.23,0.633,"USP46-AS1"
"ENSG00000249007.1",2.68615472119846,2.13938638561674e-16,0.538902942973538,0.056,1.1,"(0.912-1.23)","0.55","0.456",0.55,0.456,"RP11-510N19.5"
"ENSG00000249395.2",5.04669729115268,9.45106705663475e-53,0.397255946689467,0.1,1.1,"(1.01-1.22)","4.29","0.0384",4.29,0.0384,"CASC9"
"ENSG00000250222.1",-0.186877805400548,0.183146572591801,0.237499564412217,-0.13,0.88,"(0.767-1.01)","3.13","0.0769",3.13,0.0769,"CTC-338M12.5"
"ENSG00000250786.1",0.62389804859757,4.13765501638296e-07,0.507802390377926,-0.071,0.93,"(0.817-1.06)","1.12","0.29",1.12,0.29,"SNHG18"
"ENSG00000251169.2",3.74185836390857,5.39961227382799e-37,0.707003506377025,-0.054,0.95,"(0.785-1.14)","0.31","0.575",0.31,0.575,"AC005355.2"
"ENSG00000251580.1",-0.317105202857991,0.00627163247228317,0.616800691155293,-0.054,0.95,"(0.839-1.07)","0.75","0.387",0.75,0.387,"RP11-539L10.3"
"ENSG00000253187.2",0.00700927477504232,0.965867805002359,0.208149012075487,-0.044,0.96,"(0.868-1.05)","0.79","0.374",0.79,0.374,"HOXA10-AS"
"ENSG00000253210.1",-0.0446920700523856,0.665103087810677,0.815494705530367,-0.056,0.95,"(0.816-1.1)","0.55","0.459",0.55,0.459,"RP11-809O17.1"
"ENSG00000253414.2",5.41709129802907,6.43354541560391e-85,0.388204462829009,-0.1,0.9,"(0.816-1)","3.84","0.0502",3.84,0.0502,"RP11-150O12.6"
"ENSG00000253508.1",-0.729231296357749,0.000300454264117158,0.233082419634095,-0.048,0.95,"(0.884-1.03)","1.59","0.207",1.59,0.207,"RP1-170O19.14"
"ENSG00000253738.1",0.47236397488138,2.66362898100717e-07,0.654556472877234,-0.058,0.94,"(0.729-1.22)","0.19","0.659",0.19,0.659,"OTUD6B-AS1"
"ENSG00000253930.1",2.54600443783418,4.27893980793243e-58,0.00787853699762847,-0.075,0.93,"(0.824-1.04)","1.56","0.212",1.56,0.212,"RP11-1149O23.2"
"ENSG00000253948.1",-1.10360359533651,1.28078911796372e-18,0.430974566534754,0.035,1,"(0.901-1.19)","0.24","0.621",0.24,0.621,"RP11-410L14.2"
"ENSG00000253982.1",-0.50812213047928,7.76841217588695e-07,0.192252834705343,-0.16,0.85,"(0.619-1.16)","1.04","0.309",1.04,0.309,"CTD-2336O2.1"
"ENSG00000254290.1",4.95686377422209,1.85298475058109e-85,0.178960695208354,-0.092,0.91,"(0.812-1.02)","2.38","0.123",2.38,0.123,"RP11-150O12.3"
"ENSG00000254343.2",-0.799322655489416,1.10614634073259e-11,0.810695376197998,-0.015,0.99,"(0.849-1.14)","0.04","0.844",0.04,0.844,"RP11-760H22.2"
"ENSG00000254531.1",0.0419250178762693,0.683515441791689,0.298542970641157,0.11,1.1,"(0.897-1.4)","1","0.318",1,0.318,"FLJ20021"
"ENSG00000254614.2",0.827164723809154,4.52754437516617e-13,0.796091482457913,0.08,1.1,"(0.884-1.33)","0.6","0.44",0.6,0.44,"AP003068.23"
"ENSG00000254682.1",0.608453287247416,5.2906525929508e-08,0.288156611896092,-0.12,0.89,"(0.745-1.06)","1.83","0.177",1.83,0.177,"RP11-660L16.2"
"ENSG00000254837.2",0.770074011477873,1.4971236615012e-18,0.27044455628823,-0.18,0.84,"(0.647-1.08)","1.83","0.176",1.83,0.176,"AP001372.2"
"ENSG00000254910.1",-1.63086468679531,2.83380230815819e-20,0.16974136218525,0.13,1.1,"(0.997-1.3)","3.67","0.0554",3.67,0.0554,"RP11-326C3.7"
"ENSG00000254911.3",-0.934768510984999,1.71813303912002e-08,0.638785085060113,-0.0026,1,"(0.893-1.11)","0","0.963",0,0.963,"SCARNA9"
"ENSG00000255026.1",1.0586157133165,8.33325382416397e-08,0.0631612998031804,0.074,1.1,"(0.981-1.18)","2.41","0.12",2.41,0.12,"RP11-326C3.2"
"ENSG00000255135.3",0.31608657892121,0.00191587898755125,0.105941181396343,0.14,1.2,"(0.891-1.49)","1.18","0.277",1.18,0.277,"RP11-111M22.3"
"ENSG00000255153.1",-1.00587856737957,1.0322203067716e-23,0.232564139737367,0.16,1.2,"(0.921-1.49)","1.66","0.197",1.66,0.197,"TOLLIP-AS1"
"ENSG00000255198.4",-0.244659805571117,0.0291475501693392,0.330336046714436,0.039,1,"(0.867-1.25)","0.18","0.673",0.18,0.673,"SNHG9"
"ENSG00000255224.1",0.395814360127492,6.47259157450536e-06,0.396403093145113,-0.0097,0.99,"(0.771-1.27)","0.01","0.94",0.01,0.94,"CTD-3065J16.9"
"ENSG00000255284.1",-1.1133883869016,1.12146067962573e-21,0.08885962098574,0.41,1.5,"(1.19-1.92)","11.2","8e-04",11.2,8e-04,"AP006621.5"
"ENSG00000255455.2",-1.61907134188625,1.11809122294841e-53,0.625629666065359,0.03,1,"(0.823-1.29)","0.07","0.794",0.07,0.794,"RP11-890B15.3"
"ENSG00000255474.1",2.39477751496641,3.76947654968557e-25,0.789133529490331,0.007,1,"(0.896-1.13)","0.01","0.907",0.01,0.907,"RP11-234B24.2"
"ENSG00000255737.2",1.04737716675761,1.55891378436463e-25,0.141807638939484,0.13,1.1,"(0.919-1.4)","1.36","0.243",1.36,0.243,"AGAP2-AS1"
"ENSG00000255774.1",4.4774346002057,1.46859250408459e-32,0.363294891426712,-0.033,0.97,"(0.861-1.09)","0.31","0.575",0.31,0.575,"AP000439.3"
"ENSG00000256073.3",0.0327530405206744,0.735012262077221,0.869243734192081,0.22,1.2,"(0.947-1.64)","2.48","0.116",2.48,0.116,"URB1-AS1"
"ENSG00000256262.1",1.83669484692287,4.38660339426733e-18,0.610900454629136,-0.11,0.89,"(0.775-1.03)","2.52","0.112",2.52,0.112,"USP30-AS1"
"ENSG00000256546.1",-0.94815131302112,2.05267875594313e-09,0.0351361325762712,0.2,1.2,"(1.08-1.39)","10","0.00153",10,0.00153,"AC156455.1"
"ENSG00000256643.1",2.56273818432734,7.34106639970802e-10,0.380270698904773,-0.0021,1,"(0.943-1.06)","0.01","0.943",0.01,0.943,"RP11-349K16.1"
"ENSG00000256806.3",0.734374843860693,2.97455142666586e-17,0.695731236896696,0.12,1.1,"(0.873-1.47)","0.87","0.35",0.87,0.35,"C17orf100"
"ENSG00000256940.1",4.23123844177462,4.02594407301728e-56,0.122231971172971,0.091,1.1,"(0.903-1.33)","0.86","0.354",0.86,0.354,"RP11-783K16.5"
"ENSG00000257084.1",4.94608277428171,6.91788875342003e-40,0.93342951304889,0.18,1.2,"(0.962-1.48)","2.6","0.107",2.6,0.107,"U47924.27"
"ENSG00000257086.1",-0.114739524236906,0.241537636610209,0.913928680658985,0.22,1.2,"(0.969-1.6)","2.93","0.0868",2.93,0.0868,"RP11-783K16.13"
"ENSG00000257270.1",0.167417113563125,0.593323662024289,0.649356428002149,0.12,1.1,"(0.986-1.29)","3.08","0.0794",3.08,0.0794,"RP11-521B24.5"
"ENSG00000257303.1",-0.811936423825413,1.42020702835669e-13,0.539098838011083,-0.086,0.92,"(0.777-1.08)","1.01","0.315",1.01,0.315,"RP11-977G19.11"
"ENSG00000257556.1",0.653101788832431,5.76480912238426e-09,0.45597383747707,0.00025,1,"(0.859-1.16)","0","0.997",0,0.997,"RP11-44N21.1"
"ENSG00000257702.3",1.07210873691771,1.82524177016105e-24,0.00724209905800993,0.32,1.4,"(1.02-1.88)","4.29","0.0383",4.29,0.0383,"LBX2-AS1"
"ENSG00000258056.2",-0.327297485398706,0.000742963782052766,0.0410685087626419,0.48,1.6,"(1.14-2.29)","7.31","0.00686",7.31,0.00686,"RP11-644F5.11"
"ENSG00000258122.1",3.10767350988093,2.26665163250304e-21,0.025809049772363,0.03,1,"(0.941-1.13)","0.42","0.515",0.42,0.515,"RP11-61A14.1"
"ENSG00000258199.1",-0.56892155403509,1.28862831956512e-07,0.553062413051485,0.16,1.2,"(0.895-1.53)","1.33","0.249",1.33,0.249,"RP11-977G19.5"
"ENSG00000258297.1",-1.3144250373633,7.44917087989953e-31,0.526277676727284,0.073,1.1,"(0.841-1.37)","0.34","0.562",0.34,0.562,"RP11-658F2.8"
"ENSG00000258424.1",-3.33473489517329,1.17773528190331e-46,0.770461389995376,0.03,1,"(0.95-1.12)","0.52","0.471",0.52,0.471,"RP11-471B22.2"
"ENSG00000258474.1",5.23746081148617,6.10524213071097e-58,0.254105875415265,-0.059,0.94,"(0.822-1.08)","0.73","0.393",0.73,0.393,"RP11-187E13.1"
"ENSG00000258634.3",-0.629699518200016,1.73465747146442e-12,0.325369265669397,0.18,1.2,"(0.911-1.58)","1.69","0.194",1.69,0.194,"RP4-773N10.4"
"ENSG00000258655.2",0.0893678083605414,0.309796178330073,0.702615097557905,0.094,1.1,"(0.87-1.39)","0.63","0.429",0.63,0.429,"ARHGAP5-AS1"
"ENSG00000258837.1",0.927388603410276,0.00141495283628403,0.23951117050059,0.043,1,"(0.976-1.12)","1.56","0.211",1.56,0.211,"CTD-2566J3.1"
"ENSG00000258920.1",-0.139824915903735,0.123827967948706,0.714621027479931,0.15,1.2,"(0.904-1.48)","1.33","0.249",1.33,0.249,"FOXN3-AS1"
"ENSG00000259065.1",-1.02949131658669,4.07555691881316e-16,0.00415462842260693,0.26,1.3,"(1.09-1.54)","8.86","0.00292",8.86,0.00292,"RP5-1021I20.1"
"ENSG00000259153.1",4.24590912321318,3.46991852834746e-57,0.505979929321916,0.11,1.1,"(0.911-1.37)","1.14","0.287",1.14,0.287,"RP6-65G23.3"
"ENSG00000259250.1",-0.202571107566708,0.0324789615667361,0.104571069158395,0.13,1.1,"(0.938-1.37)","1.69","0.193",1.69,0.193,"RP11-50C13.1"
"ENSG00000259291.2",-1.43203155048965,4.32035865565172e-32,0.67205182354761,0.02,1,"(0.816-1.27)","0.03","0.861",0.03,0.861,"RP11-617F23.1"
"ENSG00000259330.1",-1.85515898006643,5.43026551459789e-44,0.184703926315967,0.15,1.2,"(0.89-1.5)","1.18","0.276",1.18,0.276,"INAFM2"
"ENSG00000259342.1",2.00879491000857,1.79504516376796e-09,0.90122125678172,-0.0011,1,"(0.91-1.1)","0","0.981",0,0.981,"RP11-519G16.5"
"ENSG00000259366.1",-0.783495461257511,4.07703711875603e-14,0.487879867471355,-0.0044,1,"(0.87-1.14)","0","0.949",0,0.949,"CTD-2647L4.4"
"ENSG00000259456.3",-0.0348902583079417,0.723241825021001,0.185859264422413,0.092,1.1,"(0.894-1.34)","0.78","0.377",0.78,0.377,"ADNP-AS1"
"ENSG00000259623.1",0.47794680345506,1.30688428719002e-08,0.391394420409289,-0.15,0.86,"(0.661-1.11)","1.31","0.252",1.31,0.252,"RP11-156E6.1"
"ENSG00000259704.1",3.58405588139347,3.60044479214722e-31,0.349188334160291,-0.073,0.93,"(0.843-1.02)","2.16","0.141",2.16,0.141,"CTD-3094K11.1"
"ENSG00000259865.1",-0.427709557553945,8.49841612384059e-05,0.50657149181852,0.028,1,"(0.904-1.17)","0.18","0.669",0.18,0.669,"RP11-488L18.10"
"ENSG00000259877.2",-0.912455979592096,3.59258062550756e-21,0.713580287289028,-0.12,0.89,"(0.724-1.1)","1.2","0.274",1.2,0.274,"RP11-46C24.7"
"ENSG00000259943.1",-0.44651270137199,2.38364706519311e-06,0.641829573685774,0.044,1,"(0.807-1.35)","0.11","0.737",0.11,0.737,"RP1-39G22.7"
"ENSG00000259953.1",1.41935515468312,7.93072255133893e-35,0.0646984836270615,0.27,1.3,"(0.992-1.73)","3.61","0.0573",3.61,0.0573,"RP11-4O1.2"
"ENSG00000259972.2",-1.25541149986873,1.29985913643376e-26,0.777515795443418,0.16,1.2,"(0.947-1.45)","2.12","0.145",2.12,0.145,"AC009120.6"
"ENSG00000259974.2",3.04529047103089,2.03158543580678e-25,0.0634864742602628,-0.091,0.91,"(0.835-0.999)","3.94","0.0472",3.94,0.0472,"LINC00261"
"ENSG00000259976.1",-1.67433909517685,2.23268600802547e-40,0.252851105245957,0.087,1.1,"(0.895-1.33)","0.74","0.389",0.74,0.389,"RP11-553L6.5"
"ENSG00000260018.1",-0.0172927472280199,0.878785103189491,0.642826613119004,0.035,1,"(0.877-1.22)","0.17","0.679",0.17,0.679,"RP11-505K9.1"
"ENSG00000260025.1",-1.87384748229207,5.0657330146149e-57,0.965204773059012,-0.023,0.98,"(0.83-1.15)","0.07","0.786",0.07,0.786,"RP11-490M8.1"
"ENSG00000260032.1",1.12374795849665,1.72626882561606e-24,0.534550857672322,-0.12,0.88,"(0.665-1.17)","0.74","0.391",0.74,0.391,"LINC00657"
"ENSG00000260114.2",0.0788111865727594,0.395319842576974,0.744996215208714,0.11,1.1,"(0.866-1.45)","0.75","0.386",0.75,0.386,"CTD-2574D22.4"
"ENSG00000260121.1",-1.91476734540843,3.36584629389917e-48,0.503033434235382,0.16,1.2,"(0.958-1.44)","2.39","0.123",2.39,0.123,"RP5-1142A6.9"
"ENSG00000260196.1",1.52786461279825,2.76405848345966e-40,0.701673275680721,0.016,1,"(0.816-1.27)","0.02","0.887",0.02,0.887,"RP1-239B22.5"
"ENSG00000260219.2",1.33951166544853,3.67282334006069e-37,0.29234822293832,0.15,1.2,"(0.896-1.5)","1.27","0.261",1.27,0.261,"RP11-347C12.10"
"ENSG00000260231.1",1.68194742349159,8.56354049709083e-39,0.863724632419887,-0.023,0.98,"(0.766-1.25)","0.03","0.856",0.03,0.856,"JHDM1D-AS1"
"ENSG00000260244.1",-1.82428403143373,1.49156283680133e-28,0.691177621451278,-0.0046,1,"(0.879-1.13)","0.01","0.942",0.01,0.942,"RP11-588K22.2"
"ENSG00000260257.2",-0.672257199034927,4.29597206709964e-10,0.409397680897304,0.11,1.1,"(0.894-1.39)","0.92","0.337",0.92,0.337,"RP5-1085F17.3"
"ENSG00000260260.1",-0.3586969337836,0.0032458824440944,0.436360144807618,-0.0056,0.99,"(0.807-1.23)","0","0.958",0,0.958,"SNHG19"
"ENSG00000260265.1",4.71809674494628,8.54039322199728e-46,0.782886860457781,0.0056,1,"(0.86-1.18)","0","0.944",0,0.944,"RP11-44F21.5"
"ENSG00000260267.1",0.449937809639889,3.85390342762895e-08,0.341959011358503,0.23,1.3,"(0.919-1.71)","2.04","0.153",2.04,0.153,"RP11-452L6.5"
"ENSG00000260401.1",1.40811956688362,4.44962715042593e-17,0.650954549277147,0.059,1.1,"(0.875-1.29)","0.36","0.546",0.36,0.546,"RP11-800A3.4"
"ENSG00000260418.1",2.0297429747455,4.54899308604231e-25,0.112796699129759,-0.024,0.98,"(0.814-1.17)","0.07","0.797",0.07,0.797,"RP3-406A7.7"
"ENSG00000260552.1",0.869721233361769,3.33705568330797e-12,0.0551765983391892,0.12,1.1,"(0.945-1.34)","1.75","0.186",1.75,0.186,"RP11-49I11.1"
"ENSG00000260563.3",-1.51676779195023,3.40273805827984e-37,0.467882225281244,0.28,1.3,"(1.05-1.67)","5.78","0.0162",5.78,0.0162,"RP13-516M14.1"
"ENSG00000260704.1",3.9295261201937,3.69410923241345e-38,0.338362841128707,0.093,1.1,"(0.907-1.33)","0.92","0.338",0.92,0.338,"LINC00543"
"ENSG00000260708.1",-0.134015522512641,0.202783967394037,0.897091183437568,0.1,1.1,"(0.869-1.41)","0.68","0.411",0.68,0.411,"CTA-29F11.1"
"ENSG00000260766.1",0.0969334471407162,0.268711929862075,0.313457024556138,-0.011,0.99,"(0.76-1.29)","0.01","0.934",0.01,0.934,"RP11-226L15.5"
"ENSG00000260804.3",-0.303262711664539,0.000783104355924608,0.820599917175498,-0.13,0.87,"(0.695-1.1)","1.31","0.253",1.31,0.253,"PKI55"
"ENSG00000260822.1",-0.332939446317917,0.00130370804997031,0.0586458496993148,-0.16,0.85,"(0.659-1.09)","1.59","0.207",1.59,0.207,"GS1-358P8.4"
"ENSG00000260853.1",-0.254404606896675,0.0387467443362301,0.241559798328802,0.1,1.1,"(0.926-1.32)","1.24","0.266",1.24,0.266,"RP11-264B17.2"
"ENSG00000260912.1",0.29125851749485,0.00399997412061765,0.191260411336751,0.13,1.1,"(0.942-1.37)","1.79","0.181",1.79,0.181,"RP11-363E7.4"
"ENSG00000260917.1",-1.08224731985039,1.48742598292391e-30,0.221377241184301,0.0078,1,"(0.793-1.28)","0","0.949",0,0.949,"RP11-57H14.4"
"ENSG00000261061.1",2.37653711700796,5.17693747529238e-107,0.695348353398729,-0.043,0.96,"(0.722-1.27)","0.09","0.769",0.09,0.769,"RP11-303E16.2"
"ENSG00000261087.1",-1.32383876479556,1.57219135442859e-29,0.40949464672971,0.079,1.1,"(0.877-1.33)","0.55","0.46",0.55,0.46,"KB-1460A1.5"
"ENSG00000261116.1",4.24486455548224,2.46832562924584e-45,0.672899060713371,0.081,1.1,"(0.856-1.37)","0.45","0.5",0.45,0.5,"RP3-523K23.2"
"ENSG00000261123.1",1.89073130494334,1.91371745666555e-63,0.681911847200008,-0.074,0.93,"(0.731-1.18)","0.36","0.548",0.36,0.548,"RP11-304L19.3"
"ENSG00000261188.1",0.286378792772627,0.000941181306182239,0.792081850843816,-0.049,0.95,"(0.755-1.2)","0.17","0.677",0.17,0.677,"CTA-445C9.14"
"ENSG00000261295.1",-0.198712449229563,0.204136659394966,0.522790749402009,-0.016,0.98,"(0.891-1.09)","0.11","0.744",0.11,0.744,"RP11-524D16__A.3"
"ENSG00000261353.1",-0.849632481299232,2.04815232616273e-08,0.766769486212922,-0.027,0.97,"(0.889-1.07)","0.34","0.563",0.34,0.563,"CTA-14H9.5"
"ENSG00000261373.1",3.29736658181686,2.56283100835428e-108,0.178000621891386,0.14,1.1,"(0.944-1.39)","1.89","0.169",1.89,0.169,"VPS9D1-AS1"
"ENSG00000261437.1",4.24422161781,1.57115368779909e-44,0.838266986992782,0.049,1.1,"(0.853-1.29)","0.22","0.642",0.22,0.642,"RP11-22C11.2"
"ENSG00000261455.1",0.260050843789387,0.00597687857381531,0.167096473147523,0.19,1.2,"(0.964-1.52)","2.72","0.0994",2.72,0.0994,"LINC01003"
"ENSG00000261512.2",0.904594603024546,3.88646426241554e-15,0.778035865061795,0.1,1.1,"(0.916-1.34)","1.1","0.293",1.1,0.293,"RP11-46D6.1"
"ENSG00000261526.2",-0.665562621825576,4.14737536397709e-11,0.58712295143078,0.1,1.1,"(0.873-1.4)","0.7","0.403",0.7,0.403,"CTB-31O20.2"
"ENSG00000261572.1",2.20370101598127,1.66019164045925e-67,0.484621565665046,-0.012,0.99,"(0.751-1.3)","0.01","0.931",0.01,0.931,"RP11-384L8.1"
"ENSG00000261643.1",-0.53332346372538,3.87662761891331e-09,0.215568826593653,0.14,1.1,"(0.925-1.43)","1.57","0.209",1.57,0.209,"RP11-529E10.6"
"ENSG00000261685.2",-0.480690988977547,0.00269376254877419,0.772896875625498,0.029,1,"(0.931-1.14)","0.32","0.573",0.32,0.573,"RP11-401P9.4"
"ENSG00000261716.1",-0.623024823824665,8.00564726055784e-10,0.232208703583642,0.31,1.4,"(1.08-1.72)","6.75","0.00937",6.75,0.00937,"RP11-196G18.22"
"ENSG00000261799.1",-0.362952003459721,2.09128392782417e-05,0.466371495556341,-0.086,0.92,"(0.71-1.18)","0.44","0.507",0.44,0.507,"RP11-283I3.6"
"ENSG00000261804.1",5.57045227761277,1.47229578052256e-64,0.462848313147092,-0.027,0.97,"(0.895-1.06)","0.41","0.523",0.41,0.523,"RP11-44F14.2"
"ENSG00000262001.1",1.27649889537951,2.36882509035277e-34,0.603348626617381,-0.041,0.96,"(0.783-1.18)","0.15","0.696",0.15,0.696,"DLGAP1-AS2"
"ENSG00000262049.1",-0.964774139795199,3.21644636891102e-23,0.462048335089218,0.2,1.2,"(0.928-1.61)","2.05","0.152",2.05,0.152,"RP13-1032I1.7"
"ENSG00000262050.1",-0.732795494498516,1.8138769586182e-08,0.0328708969909275,0.075,1.1,"(0.927-1.25)","0.96","0.328",0.96,0.328,"RP11-74E22.3"
"ENSG00000262089.1",-1.54043896866827,3.40094299960221e-31,0.00201000486998401,0.13,1.1,"(0.908-1.42)","1.25","0.263",1.25,0.263,"RP11-589P10.5"
"ENSG00000262251.1",0.243790410184181,0.0220147155249456,0.0177986903661355,0.34,1.4,"(1.11-1.77)","7.95","0.00481",7.95,0.00481,"RP11-199F11.2"
"ENSG00000262823.1",3.36549203717851,2.52023975045528e-33,0.916411125275154,-0.0059,0.99,"(0.838-1.18)","0","0.946",0,0.946,"RP13-580F15.2"
"ENSG00000263004.1",-0.0488572251712833,0.647343398641279,0.249608507009381,-0.041,0.96,"(0.783-1.18)","0.16","0.689",0.16,0.689,"RP11-166P13.3"
"ENSG00000263272.1",-1.32441907930801,5.07744714679621e-31,0.00095914187511149,0.27,1.3,"(1.05-1.64)","5.5","0.019",5.5,0.019,"CTC-524C5.2"
"ENSG00000263335.1",-0.775252873010713,1.63864173427346e-12,0.700709980835614,-0.023,0.98,"(0.826-1.16)","0.07","0.787",0.07,0.787,"AF001548.5"
"ENSG00000263429.3",2.60317613544242,2.09936071502714e-18,0.824039750086319,-0.032,0.97,"(0.873-1.07)","0.37","0.542",0.37,0.542,"LINC00675"
"ENSG00000263470.1",-0.885950998182628,3.69248064220588e-18,0.917878409591253,0.049,1.1,"(0.841-1.31)","0.19","0.665",0.19,0.665,"RP11-160O5.1"
"ENSG00000263731.1",1.16085450106088,6.95397133569818e-36,0.565518921612706,-0.043,0.96,"(0.734-1.25)","0.1","0.754",0.1,0.754,"RP11-498C9.15"
"ENSG00000264112.1",-1.18933489743167,2.20781818865266e-21,0.834696686092703,0.018,1,"(0.863-1.2)","0.04","0.834",0.04,0.834,"RP11-159D12.2"
"ENSG00000264247.1",-0.262249214113982,0.0029164854633589,0.850721485828295,-0.097,0.91,"(0.639-1.29)","0.3","0.585",0.3,0.585,"LINC00909"
"ENSG00000264575.1",-0.0468153600671816,0.711301203975997,0.902962778345093,0.004,1,"(0.879-1.15)","0","0.953",0,0.953,"LINC00526"
"ENSG00000264577.1",0.0373604007869469,0.726514982399046,0.364707922565201,0.12,1.1,"(0.892-1.43)","1.02","0.312",1.02,0.312,"AC010761.8"
"ENSG00000265415.1",7.22959590817969,2.4883275894314e-105,0.0352112256445634,-0.17,0.84,"(0.669-1.06)","2.18","0.14",2.18,0.14,"CTD-2510F5.4"
"ENSG00000265519.1",-2.34892947249468,4.17264973319919e-30,0.987083249317603,-0.0092,0.99,"(0.91-1.08)","0.04","0.833",0.04,0.833,"CTD-3157E16.1"
"ENSG00000265666.1",-0.53913013705752,2.71763578915706e-10,0.413270898036845,0.17,1.2,"(0.929-1.51)","1.87","0.172",1.87,0.172,"RARA-AS1"
"ENSG00000265688.1",2.99909065824062,3.24013139122217e-144,0.966555595618079,0.0055,1,"(0.791-1.28)","0","0.964",0,0.964,"MAFG-AS1"
"ENSG00000266010.1",0.104119982256562,0.513753937177628,0.0868515586074569,0.081,1.1,"(0.906-1.3)","0.78","0.376",0.78,0.376,"GATA6-AS1"
"ENSG00000266036.1",2.51160340007712,6.65291481681811e-27,0.97819491252144,0.058,1.1,"(0.927-1.21)","0.72","0.396",0.72,0.396,"RP11-452I5.2"
"ENSG00000266208.1",0.354580098826933,0.000210540396475103,0.675631326249563,0.22,1.2,"(0.964-1.6)","2.82","0.093",2.82,0.093,"CTD-2267D19.3"
"ENSG00000266402.3",1.01809089156518,6.56430798087369e-06,0.470391578508352,-0.025,0.97,"(0.889-1.07)","0.29","0.588",0.29,0.588,"RP11-329L6.2"
"ENSG00000266469.1",0.643861969980255,2.96821536920189e-13,0.117287615490837,0.083,1.1,"(0.82-1.44)","0.33","0.565",0.33,0.565,"CTB-131K11.1"
"ENSG00000266490.1",-0.482820854972013,9.43518223064849e-06,0.877537269636518,0.075,1.1,"(0.95-1.22)","1.35","0.244",1.35,0.244,"CTD-2349P21.9"
"ENSG00000266962.2",0.438673497127623,6.04306523889372e-07,0.784395933706051,0.19,1.2,"(0.862-1.69)","1.2","0.273",1.2,0.273,"RP11-400F19.6"
"ENSG00000267002.1",-0.401114543134964,2.53531124077335e-05,0.503997741640262,0.14,1.1,"(0.887-1.48)","1.08","0.299",1.08,0.299,"RP11-242D8.1"
"ENSG00000267049.1",0.313793775395818,0.0819662708445979,0.759871004242287,0.00082,1,"(0.877-1.14)","0","0.99",0,0.99,"AC002398.13"
"ENSG00000267082.1",-2.68244748340505,1.30121272433898e-54,0.123217484832569,0.12,1.1,"(0.963-1.31)","2.19","0.139",2.19,0.139,"CTC-510F12.2"
"ENSG00000267100.1",-0.311709342709965,0.00166587336781726,0.780352035513806,0.18,1.2,"(0.895-1.61)","1.49","0.223",1.49,0.223,"ILF3-AS1"
"ENSG00000267152.1",-0.572232410307759,5.9982340734276e-09,0.179023940888478,0.041,1,"(0.878-1.24)","0.22","0.639",0.22,0.639,"CTD-2528L19.6"
"ENSG00000267194.1",0.40597523414657,0.00233135000462624,0.404769298385352,-0.15,0.86,"(0.73-1.01)","3.6","0.0577",3.6,0.0577,"RP1-193H18.2"
"ENSG00000267296.2",1.07655957850973,1.26557670075248e-19,0.101537334875744,-0.1,0.9,"(0.729-1.12)","0.86","0.355",0.86,0.355,"CEBPA-AS1"
"ENSG00000267317.2",0.0140626991116073,0.88781755096206,0.00613203062665578,0.49,1.6,"(1.21-2.19)","10.6","0.00116",10.6,0.00116,"CTB-25B13.12"
"ENSG00000267321.1",0.401718473129498,2.02587161306438e-05,0.645117849287877,0.033,1,"(0.801-1.33)","0.06","0.801",0.06,0.801,"RP11-1094M14.11"
"ENSG00000267344.1",0.263628686062469,0.107288627507092,0.0321624081254401,0.21,1.2,"(1.01-1.49)","4.41","0.0357",4.41,0.0357,"CTB-39G8.3"
"ENSG00000267480.1",-0.336892417288197,0.00165594028936294,0.474571780193234,-0.14,0.87,"(0.751-1)","3.75","0.0527",3.75,0.0527,"RP11-703I16.1"
"ENSG00000267481.1",-0.401436746338323,1.15616697311139e-05,0.517317477003071,0.0017,1,"(0.845-1.19)","0","0.984",0,0.984,"CTC-559E9.5"
"ENSG00000267519.3",-0.021589687336617,0.868331160570959,0.183708240753544,0.13,1.1,"(0.934-1.4)","1.68","0.195",1.68,0.195,"CTD-3252C9.4"
"ENSG00000267523.1",-1.39656806245094,3.44975133193545e-23,0.0486810291556694,0.18,1.2,"(1.02-1.41)","4.87","0.0273",4.87,0.0273,"CTD-2537I9.12"
"ENSG00000267896.1",-1.29872172213506,9.50013663294015e-30,0.0748594734057473,0.15,1.2,"(0.981-1.37)","3.02","0.0824",3.02,0.0824,"AC018766.4"
"ENSG00000268001.1",0.286091960489232,0.00116711150968499,0.442390304487063,-0.17,0.84,"(0.669-1.05)","2.29","0.13",2.29,0.13,"CARD8-AS1"
"ENSG00000268006.1",-0.32656303077624,0.000201940847311857,0.864245341294862,0.033,1,"(0.675-1.58)","0.02","0.88",0.02,0.88,"PTOV1-AS1"
"ENSG00000268087.1",-1.59310307468776,3.47879257327544e-38,0.28488234486922,-0.037,0.96,"(0.805-1.15)","0.16","0.692",0.16,0.692,"CTC-429P9.2"
"ENSG00000268205.1",-0.044241336849709,0.66620643470265,0.15843362304796,0.099,1.1,"(0.842-1.45)","0.52","0.473",0.52,0.473,"CTC-444N24.11"
"ENSG00000268471.4",-0.483594110568108,1.77469989996294e-07,0.92425033127626,0.086,1.1,"(0.835-1.42)","0.4","0.525",0.4,0.525,"DKFZP434I0714"
"ENSG00000268516.2",0.201263913356905,0.018383717588954,0.867753379333905,-0.051,0.95,"(0.715-1.26)","0.12","0.728",0.12,0.728,"CTD-3138B18.5"
"ENSG00000268713.1",-0.337531142078635,0.000198957518203965,0.0664428631350294,0.24,1.3,"(0.953-1.69)","2.66","0.103",2.66,0.103,"CTC-444N24.8"
"ENSG00000268858.2",0.740911190215819,1.10234149283357e-16,0.0359878909143602,0.22,1.2,"(0.948-1.64)","2.49","0.115",2.49,0.115,"RP4-591C20.9"
"ENSG00000269044.2",-1.29276458018717,1.09539881486585e-37,0.324948184154902,0.11,1.1,"(0.813-1.53)","0.45","0.504",0.45,0.504,"CTC-429P9.3"
"ENSG00000269176.2",-0.354613048508447,2.37032226599427e-05,0.914310413737965,-0.038,0.96,"(0.745-1.24)","0.09","0.77",0.09,0.77,"RP11-727F15.12"
"ENSG00000269186.1",-2.93356691347661,9.31404056325645e-41,0.704039477098258,-0.029,0.97,"(0.911-1.04)","0.81","0.368",0.81,0.368,"LINC01082"
"ENSG00000269293.2",-1.2710617822391,7.02843418924529e-32,0.350479496745655,0.14,1.2,"(0.878-1.51)","1.04","0.307",1.04,0.307,"ZSCAN16-AS1"
"ENSG00000269352.1",-1.53648290516947,1.25931166124428e-32,0.118272427256242,0.22,1.3,"(0.996-1.57)","3.71","0.0541",3.71,0.0541,"PTOV1-AS2"
"ENSG00000269680.1",-0.504959580942425,6.85856552174122e-06,0.0587955651726129,0.32,1.4,"(1.09-1.74)","7.2","0.00728",7.2,0.00728,"CTD-3128G10.6"
"ENSG00000269867.1",0.736746527442185,4.12700902192762e-13,0.208928533545188,0.069,1.1,"(0.848-1.35)","0.34","0.561",0.34,0.561,"CTD-2583A14.8"
"ENSG00000269888.1",-0.326373990219723,0.038821532692159,0.239103405848596,-0.0074,0.99,"(0.889-1.11)","0.02","0.896",0.02,0.896,"RP11-3P17.5"
"ENSG00000269899.1",1.55374177111742,4.94913614875912e-10,0.315705897356276,-0.063,0.94,"(0.825-1.07)","0.9","0.342",0.9,0.342,"RP11-589N15.2"
"ENSG00000269910.1",-0.817217389691099,4.93051492508297e-15,0.0202031533092063,0.013,1,"(0.881-1.17)","0.03","0.854",0.03,0.854,"RP11-73M18.10"
"ENSG00000269936.3",-5.74575764324853,4.48639092552811e-115,0.0203541215129473,0.12,1.1,"(0.98-1.29)","2.77","0.0958",2.77,0.0958,"RP11-394O4.5"
"ENSG00000269940.1",-0.515297395381213,2.02374193711341e-08,0.172768475639023,0.02,1,"(0.928-1.12)","0.17","0.679",0.17,0.679,"RP11-73M18.7"
"ENSG00000269958.1",-0.51605037871541,9.68715065859811e-08,0.799851464626784,0.078,1.1,"(0.769-1.52)","0.2","0.653",0.2,0.653,"RP11-73M18.8"
"ENSG00000270010.1",0.948731994295244,1.69496646295533e-10,0.596502386093275,0.016,1,"(0.881-1.17)","0.05","0.825",0.05,0.825,"CTD-2132N18.4"
"ENSG00000270015.1",-0.988559777614735,1.36764924339401e-22,0.0502405215408508,0.32,1.4,"(1.04-1.81)","5.08","0.0242",5.08,0.0242,"RP11-540B6.6"
"ENSG00000270039.1",-0.51541541926073,6.24604586563051e-09,0.887928658093482,-0.0097,0.99,"(0.852-1.15)","0.02","0.899",0.02,0.899,"RP11-571M6.17"
"ENSG00000270069.1",-0.206460532463591,0.0954878577166382,0.0993447906202986,0.14,1.2,"(0.979-1.36)","2.93","0.0867",2.93,0.0867,"MIR222HG"
"ENSG00000270157.1",0.00847445477243525,0.933096167489048,0.853435435620234,0.044,1,"(0.885-1.23)","0.27","0.601",0.27,0.601,"RP5-894A10.6"
"ENSG00000270189.1",-1.03503103356733,8.55541924943298e-19,0.479978984892558,0.086,1.1,"(0.911-1.3)","0.88","0.347",0.88,0.347,"RP11-258C19.7"
"ENSG00000270673.1",0.371577165535235,5.54918077312716e-05,0.323690048091622,0.06,1.1,"(0.878-1.29)","0.39","0.534",0.39,0.534,"YTHDF3-AS1"
"ENSG00000270696.1",0.548192633444823,3.97600150277674e-11,0.541125986320233,-0.016,0.98,"(0.745-1.3)","0.01","0.912",0.01,0.912,"RP11-342K6.1"
"ENSG00000270761.1",1.54814906800382,8.09204744127625e-16,0.143912495616985,0.04,1,"(0.848-1.28)","0.15","0.701",0.15,0.701,"RP11-385F7.1"
"ENSG00000270933.1",1.51876729755557,9.202068128089e-16,0.506018898120001,0.05,1.1,"(0.915-1.21)","0.5","0.479",0.5,0.479,"CTD-2227E11.1"
"ENSG00000271020.1",1.73755195852983,1.78544564095033e-26,0.444602435171484,-0.0087,0.99,"(0.875-1.12)","0.02","0.891",0.02,0.891,"RP11-10C24.1"
"ENSG00000271122.1",-0.0204323962072697,0.817793831592778,0.502318139562435,0.12,1.1,"(0.854-1.49)","0.71","0.399",0.71,0.399,"RP11-379H18.1"
"ENSG00000271430.1",-0.688293742580159,3.79686845541297e-10,0.513129432390423,0.051,1.1,"(0.896-1.24)","0.39","0.534",0.39,0.534,"RP3-368A4.5"
"ENSG00000271533.1",-1.15224646559827,1.0638225217358e-19,0.637097874202848,0.014,1,"(0.878-1.17)","0.03","0.853",0.03,0.853,"RP3-368A4.6"
"ENSG00000271643.1",1.32680146720038,1.13371400706407e-28,0.612383812655317,-0.1,0.9,"(0.7-1.17)","0.61","0.435",0.61,0.435,"RP11-10C24.3"
"ENSG00000271737.1",0.161802935322864,0.117742662786284,0.511072370503193,-0.071,0.93,"(0.788-1.1)","0.69","0.405",0.69,0.405,"CTB-113I20.2"
"ENSG00000271780.1",-0.266930796425163,0.00299019982706318,0.399036394577424,0.2,1.2,"(0.947-1.56)","2.36","0.125",2.36,0.125,"RP11-1017G21.5"
"ENSG00000271824.1",1.023450589287,0.00118849104514187,0.636108561260793,0.014,1,"(0.946-1.09)","0.16","0.691",0.16,0.691,"AC009014.3"
"ENSG00000271869.1",0.108187797748492,0.315435850179822,0.29916992014024,-0.05,0.95,"(0.838-1.08)","0.6","0.438",0.6,0.438,"RP11-51J9.5"
"ENSG00000271870.1",-0.976451041875581,2.18964207952701e-18,0.197686975642267,0.14,1.1,"(0.926-1.42)","1.59","0.208",1.59,0.208,"RP11-97C16.1"
"ENSG00000271895.2",-2.22749231863945,2.45572719727199e-63,0.821960359959316,0.037,1,"(0.864-1.25)","0.15","0.694",0.15,0.694,"RP4-635E18.8"
"ENSG00000271971.1",-0.444467928015645,3.39781605010919e-05,0.227060053115638,0.011,1,"(0.85-1.2)","0.02","0.897",0.02,0.897,"CTD-2006H14.2"
"ENSG00000271976.1",-0.000324668858053934,0.996921465169805,0.971725943795553,-0.036,0.96,"(0.701-1.33)","0.05","0.824",0.05,0.824,"RP11-884K10.7"
"ENSG00000272009.1",1.20827771664542,1.85838077554283e-31,0.68366942715096,0.15,1.2,"(0.879-1.54)","1.12","0.29",1.12,0.29,"RP1-313I6.12"
"ENSG00000272010.1",-0.317188658101591,0.00456339274936557,0.851799614673265,-0.034,0.97,"(0.884-1.06)","0.55","0.459",0.55,0.459,"CTD-3025N20.3"
"ENSG00000272079.2",2.20152180802766,2.32333889158208e-23,0.343538175122809,-0.042,0.96,"(0.826-1.11)","0.3","0.585",0.3,0.585,"LA16c-380H5.5"
"ENSG00000272086.1",-0.268507484033851,0.00687158251932349,0.219120730867797,-0.0086,0.99,"(0.808-1.22)","0.01","0.935",0.01,0.935,"CTD-2186M15.3"
"ENSG00000272106.1",-1.30631585907578,5.15140431641177e-43,0.437775166137237,0.11,1.1,"(0.808-1.54)","0.44","0.506",0.44,0.506,"RP11-345P4.9"
"ENSG00000272141.1",2.93306006889818,4.14710978184422e-20,0.751261143141162,0.08,1.1,"(0.918-1.28)","0.9","0.342",0.9,0.342,"RP11-465B22.8"
"ENSG00000272153.1",-1.32657967250795,2.52023975045528e-33,0.387353054545583,0.12,1.1,"(0.932-1.37)","1.53","0.216",1.53,0.216,"RP1-286D6.5"
"ENSG00000272189.1",4.53820121536098,1.96235292266168e-73,0.924257052708067,-0.096,0.91,"(0.707-1.17)","0.56","0.453",0.56,0.453,"RP3-325F22.5"
"ENSG00000272221.1",-1.25027352263844,3.70791446349689e-26,0.270161243504065,-0.075,0.93,"(0.801-1.07)","1","0.317",1,0.317,"XXbac-BPG181B23.7"
"ENSG00000272301.1",0.354573524658808,0.0144769581770482,0.508834448556235,0.033,1,"(0.927-1.15)","0.35","0.554",0.35,0.554,"RP11-111M22.4"
"ENSG00000272335.1",-0.0859885632810755,0.356168135200729,0.440578619036393,0.056,1.1,"(0.837-1.34)","0.22","0.638",0.22,0.638,"RP11-53O19.3"
"ENSG00000272338.2",-0.453458895021293,2.46836339609212e-06,0.426182591572734,0.017,1,"(0.887-1.17)","0.06","0.811",0.06,0.811,"RP11-722E23.2"
"ENSG00000272405.1",4.54751513695911,7.42095223584923e-88,0.366361478587041,0.0074,1,"(0.835-1.22)","0.01","0.938",0.01,0.938,"RP11-284F21.10"
"ENSG00000272449.1",0.161296444872947,0.196039730780554,0.167176418600462,0.22,1.2,"(1.01-1.52)","4.24","0.0396",4.24,0.0396,"RP3-395M20.12"
"ENSG00000272455.1",-0.374411106106002,0.000198339811575363,0.929429223231153,0.13,1.1,"(0.882-1.46)","0.98","0.323",0.98,0.323,"RP4-758J18.13"
"ENSG00000272502.1",3.49947837008825,5.75864930038506e-115,0.0600221123099849,0.091,1.1,"(0.95-1.26)","1.56","0.211",1.56,0.211,"RP11-713M15.2"
"ENSG00000272523.1",-0.479081262191129,6.45196401984723e-06,0.0112543292244949,0.15,1.2,"(0.945-1.42)","2","0.157",2,0.157,"LINC01023"
"ENSG00000272556.1",0.520516130243149,8.59333910857082e-06,0.648753554458358,0.11,1.1,"(0.983-1.27)","2.88","0.0895",2.88,0.0895,"RP11-638I8.1"
"ENSG00000272579.1",-0.416490160846679,5.27564358626255e-05,0.312619184691996,-0.0031,1,"(0.849-1.17)","0","0.97",0,0.97,"RP11-101E13.5"
"ENSG00000272599.2",0.572205886308332,1.26924172489559e-08,0.896397049273392,0.11,1.1,"(0.91-1.38)","1.13","0.287",1.13,0.287,"RP11-152N13.16"
"ENSG00000272644.1",0.0953440179170661,0.378422940033759,0.471890844262045,-0.068,0.93,"(0.74-1.18)","0.33","0.565",0.33,0.565,"RP11-33O4.1"
"ENSG00000272645.2",-0.694455662296223,5.57361603531697e-10,0.0584843698778993,0.18,1.2,"(0.987-1.46)","3.35","0.0671",3.35,0.0671,"RP11-504P24.8"
"ENSG00000272667.1",-0.777406785051901,1.23099371214479e-16,0.250986376261188,0.29,1.3,"(1-1.79)","3.97","0.0464",3.97,0.0464,"RP11-395A13.2"
"ENSG00000272669.1",-0.907984546544399,2.41608073808178e-15,0.153961344091699,0.19,1.2,"(0.991-1.47)","3.49","0.0618",3.49,0.0618,"RP3-508I15.21"
"ENSG00000272686.1",-0.296303169215704,0.000992843124134625,0.976181894230295,0.0085,1,"(0.77-1.32)","0","0.951",0,0.951,"RP11-390E23.6"
"ENSG00000272720.1",-0.67498290249166,1.69826046978195e-08,0.290788014025608,0.15,1.2,"(0.97-1.4)","2.69","0.101",2.69,0.101,"CTA-228A9.3"
"ENSG00000272760.1",-0.808628664778422,2.21699193258386e-17,0.881911556005202,-0.0036,1,"(0.821-1.21)","0","0.971",0,0.971,"RP11-5C23.1"
"ENSG00000272763.1",4.72367413222256,2.27748706282593e-45,0.551076517557037,-0.034,0.97,"(0.846-1.1)","0.25","0.618",0.25,0.618,"RP11-357H14.17"
"ENSG00000272821.1",-0.0521444115441589,0.616989444547029,0.230237915902382,0.22,1.2,"(0.968-1.61)","2.94","0.0867",2.94,0.0867,"CTA-384D8.36"
"ENSG00000272842.1",-0.580388698719092,3.04350122018108e-08,0.661655112347904,0.02,1,"(0.921-1.13)","0.15","0.702",0.15,0.702,"RP11-513M16.7"
"ENSG00000272849.1",-1.95924235055722,1.04830442360269e-45,0.13077054169287,0.2,1.2,"(1.01-1.48)","4.32","0.0378",4.32,0.0378,"RP11-347I19.8"
"ENSG00000272913.1",-0.231855190614459,0.15223091473273,0.450265915369598,0.071,1.1,"(0.983-1.17)","2.48","0.116",2.48,0.116,"RP11-440D17.3"
"ENSG00000272990.1",-1.36584961631183,4.02466783836774e-32,0.573074465956657,0.036,1,"(0.911-1.18)","0.3","0.581",0.3,0.581,"RP11-305K5.1"
"ENSG00000273014.1",0.429607062580062,9.85009803073773e-06,0.702807436095312,-0.0068,0.99,"(0.867-1.14)","0.01","0.922",0.01,0.922,"RP11-225B17.2"
"ENSG00000273015.2",-0.756048764728551,3.20551967238451e-19,0.480020305814057,0.13,1.1,"(0.816-1.59)","0.59","0.443",0.59,0.443,"RP11-352M15.2"
"ENSG00000273055.1",-1.89024362683696,1.70648470548656e-43,0.205728430783876,0.14,1.1,"(0.972-1.36)","2.66","0.103",2.66,0.103,"CTB-13F3.1"
"ENSG00000273058.2",-1.09268933169988,6.307377463866e-27,0.0232400149601725,0.12,1.1,"(0.887-1.43)","0.95","0.33",0.95,0.33,"RP11-385F5.5"
"ENSG00000273084.1",0.885579728341383,1.83999845975263e-21,0.743292193434488,0.058,1.1,"(0.872-1.29)","0.34","0.561",0.34,0.561,"RP11-1275H24.3"
"ENSG00000273137.1",-2.11466131256377,4.97186394328758e-49,0.0623585813799751,0.22,1.2,"(1.03-1.5)","5.02","0.0251",5.02,0.0251,"RP3-402G11.28"
"ENSG00000273142.1",-0.604277888651564,5.14314540517682e-08,0.0283083914963698,0.21,1.2,"(1.02-1.5)","4.75","0.0294",4.75,0.0294,"RP11-458F8.4"
"ENSG00000273145.1",0.61510266240767,2.65067820311664e-11,0.690956102041795,0.042,1,"(0.798-1.36)","0.09","0.758",0.09,0.758,"CITF22-92A6.1"
"ENSG00000273151.1",-0.338955179068689,0.00209976455760546,0.03161546728024,0.2,1.2,"(1.03-1.46)","5.25","0.022",5.25,0.022,"RP11-449P15.2"
"ENSG00000273179.1",-1.81420534581407,3.0735218546388e-30,0.32294263653714,0.18,1.2,"(1.02-1.41)","4.81","0.0283",4.81,0.0283,"RP11-20I20.4"
"ENSG00000273226.1",-0.357829763740551,0.000186900296704057,0.571501806075008,0.042,1,"(0.868-1.25)","0.2","0.654",0.2,0.654,"RP11-513M16.8"
"ENSG00000273271.1",-0.790727985879597,1.07186507798106e-16,0.580311144372806,0.05,1.1,"(0.885-1.25)","0.32","0.57",0.32,0.57,"AP000254.8"
"ENSG00000273314.1",0.680539799297494,5.97429578493407e-17,0.353773973452227,0.19,1.2,"(0.893-1.63)","1.5","0.221",1.5,0.221,"RP5-1136G13.2"
"ENSG00000273344.1",0.0939361725775982,0.335176431280678,0.223230041668714,0.22,1.2,"(0.936-1.65)","2.26","0.133",2.26,0.133,"PAXIP1-AS1"
"ENSG00000273373.1",-1.28991307690147,2.12924055418329e-26,0.138204584790125,0.11,1.1,"(0.945-1.32)","1.68","0.194",1.68,0.194,"RP5-1074L1.4"
"ENSG00000273437.1",-1.33324204444803,2.60213533943893e-24,0.0106244837969296,0.18,1.2,"(0.964-1.47)","2.62","0.105",2.62,0.105,"RP11-434H6.7"
"ENSG00000273456.1",-0.692892638114858,2.9326083935978e-11,0.769124172242237,0.22,1.2,"(0.995-1.56)","3.66","0.0557",3.66,0.0557,"RP11-686O6.2"
"ENSG00000273478.1",0.355773003117489,0.00160475059741651,0.17902323408951,0.099,1.1,"(0.874-1.39)","0.69","0.407",0.69,0.407,"RP11-465N4.5"
"ENSG00000273568.1",2.0846825841889,5.13193386677018e-34,0.104874543732138,0.057,1.1,"(0.859-1.31)","0.29","0.592",0.29,0.592,"RP11-417L19.6"
"ENSG00000273576.1",-1.00297663436621,5.17353477818728e-20,0.12887080277719,0.19,1.2,"(0.983-1.48)","3.22","0.0727",3.22,0.0727,"RP11-390P24.1"
"ENSG00000273619.1",0.314532549156519,0.00162634218700153,0.186562247586026,0.084,1.1,"(0.907-1.3)","0.83","0.362",0.83,0.362,"RP5-908M14.9"
"ENSG00000273723.1",-0.00929387175792525,0.940559675784166,0.27587025476004,0.049,1,"(0.889-1.24)","0.33","0.566",0.33,0.566,"RP11-93H24.3"
"ENSG00000273759.1",-0.236655082302676,0.0437834004376801,0.681537460902615,0.019,1,"(0.9-1.15)","0.09","0.769",0.09,0.769,"RP4-563E14.1"
"ENSG00000273893.1",0.414122651630781,1.92618966264641e-05,0.84917639394128,-0.066,0.94,"(0.804-1.09)","0.72","0.396",0.72,0.396,"RP1-101A2.1"
"ENSG00000274104.1",-0.0265184390088595,0.791600826344901,0.489896606448981,0.016,1,"(0.825-1.25)","0.02","0.88",0.02,0.88,"CTD-2553L13.10"
"ENSG00000274173.1",4.85246194264053,5.21506644752308e-51,0.753057725081751,0.025,1,"(0.87-1.21)","0.09","0.765",0.09,0.765,"RP4-568C11.4"
"ENSG00000274213.1",1.08403984231959,2.25871337139938e-12,0.416489859684441,0.016,1,"(0.874-1.18)","0.04","0.837",0.04,0.837,"RP11-670E13.6"
"ENSG00000274272.1",-1.25435516723816,1.66417092992701e-28,0.0179953203801822,0.41,1.5,"(1.17-1.96)","9.87","0.00168",9.87,0.00168,"RP11-44M6.7"
"ENSG00000274383.1",-0.48798632823925,0.000608607384957716,0.0175677088707691,0.12,1.1,"(0.995-1.28)","3.54","0.06",3.54,0.06,"CTD-2017F17.2"
"ENSG00000274561.1",-1.06399501569607,5.53799716105326e-25,0.486188433057516,0.027,1,"(0.893-1.18)","0.14","0.706",0.14,0.706,"RP11-147L13.12"
"ENSG00000274605.1",1.29617743010484,5.59860302084983e-32,0.86345743478559,-0.095,0.91,"(0.713-1.16)","0.58","0.448",0.58,0.448,"RP11-12G12.7"
"ENSG00000274828.1",-1.22376384040557,1.39212797594332e-37,0.422932406940618,0.044,1,"(0.792-1.38)","0.09","0.758",0.09,0.758,"RP11-567M16.6"
"ENSG00000274993.1",1.03994397194533,0.000273857360034682,0.678770501511023,-0.023,0.98,"(0.871-1.1)","0.15","0.699",0.15,0.699,"RP11-395B7.2"
"ENSG00000275180.1",-1.54226252373703,1.40658726279454e-29,0.128365709460694,0.11,1.1,"(0.95-1.31)","1.78","0.182",1.78,0.182,"RP11-631N16.4"
"ENSG00000275202.1",0.819571598959549,6.49129997624896e-19,0.091974030200002,-0.035,0.97,"(0.788-1.18)","0.11","0.736",0.11,0.736,"RP11-156K23.3"
"ENSG00000275234.1",3.2067737835096,6.40065637484446e-40,0.473210872101849,-0.0054,0.99,"(0.742-1.33)","0","0.971",0,0.971,"CTD-2396E7.11"
"ENSG00000275494.1",-1.51265241021129,6.44779405272764e-42,0.264603655086854,0.037,1,"(0.865-1.24)","0.16","0.689",0.16,0.689,"RP11-266L9.8"
"ENSG00000275560.1",0.106809771379707,0.37698618529289,0.389514515643965,0.028,1,"(0.887-1.19)","0.14","0.713",0.14,0.713,"RP11-180M15.7"
"ENSG00000275580.1",-0.27312428460193,0.00412950937258436,0.268464764364442,0.055,1.1,"(0.901-1.24)","0.46","0.498",0.46,0.498,"RP11-295H24.4"
"ENSG00000275632.1",0.564360684401032,6.34143544260871e-09,0.749774802386225,0.037,1,"(0.905-1.19)","0.27","0.6",0.27,0.6,"RP5-967N21.11"
"ENSG00000275764.1",-0.807581031018852,1.51521401337885e-17,0.658641955009772,0.019,1,"(0.818-1.27)","0.03","0.869",0.03,0.869,"RP11-582E3.6"
"ENSG00000275888.1",-2.20764642065357,2.75745215578739e-52,0.00153129236523078,0.22,1.3,"(1.04-1.5)","5.63","0.0176",5.63,0.0176,"RP13-516M14.10"
"ENSG00000275964.1",0.395116508465759,9.56038139155846e-05,0.953426429542784,0.13,1.1,"(0.923-1.4)","1.47","0.225",1.47,0.225,"RP11-61K9.3"
"ENSG00000276529.1",0.137554037572255,0.207881465492602,0.128301560308221,0.27,1.3,"(1.04-1.65)","5.17","0.023",5.17,0.023,"AP001505.10"
"ENSG00000276718.1",-1.11186411013338,1.44352119294316e-25,0.125814141498988,0.091,1.1,"(0.902-1.33)","0.85","0.357",0.85,0.357,"RP1-102E24.10"
"ENSG00000276855.1",-2.10329557365935,6.31978921624054e-53,0.268844831559401,-0.036,0.96,"(0.87-1.07)","0.48","0.488",0.48,0.488,"CTD-3157E16.2"
"ENSG00000276952.1",-1.18333170751428,3.47968549882331e-17,0.148411518641321,-0.013,0.99,"(0.896-1.09)","0.07","0.792",0.07,0.792,"RP5-965G21.6"
"ENSG00000277283.1",-0.14409545143814,0.0911603310396917,0.295159686461064,-0.011,0.99,"(0.738-1.33)","0.01","0.942",0.01,0.942,"RP1-267D11.6"
"ENSG00000277496.1",1.02070728691203,4.28563067978757e-19,0.42266682551501,-0.0022,1,"(0.826-1.21)","0","0.982",0,0.982,"RP11-93B14.9"
"ENSG00000277639.1",2.6997271983335,2.08810605268868e-34,0.170993169883893,0.015,1,"(0.916-1.13)","0.09","0.769",0.09,0.769,"RP11-295M3.4"
"ENSG00000277782.1",-0.0487032901405179,0.676674830412693,0.110816802781734,0.13,1.1,"(0.949-1.36)","1.92","0.166",1.92,0.166,"RP11-775C24.5"
"ENSG00000277879.1",-0.193161460647286,0.0758046003751746,0.0380758450556288,-0.15,0.86,"(0.719-1.03)","2.57","0.109",2.57,0.109,"RP11-129M16.4"
"ENSG00000277969.1",-0.00351908865098854,0.967466975264344,0.544714977481552,0.058,1.1,"(0.787-1.43)","0.15","0.701",0.15,0.701,"CTB-58E17.1"
"ENSG00000277978.1",0.329631698547096,0.00401660044413688,0.729879717102448,0.11,1.1,"(0.913-1.37)","1.16","0.281",1.16,0.281,"RP11-403P17.6"
"ENSG00000278133.1",-0.372400523417084,0.000197627997629594,0.299714171192008,0.14,1.2,"(0.797-1.66)","0.56","0.455",0.56,0.455,"RP11-196G11.5"
"ENSG00000278192.1",3.57850064386826,2.62498935618808e-50,0.150067412608407,0.18,1.2,"(0.997-1.43)","3.71","0.0541",3.71,0.0541,"RP5-1056H1.2"
"ENSG00000278600.1",-1.26539884079011,1.91819470288974e-35,0.200608491366427,0.25,1.3,"(1.01-1.62)","4.33","0.0374",4.33,0.0374,"RP11-81A1.6"
"ENSG00000278730.1",-0.300882911993696,0.00142940640674207,0.245830938656874,-0.16,0.85,"(0.635-1.14)","1.17","0.28",1.17,0.28,"RP11-147L13.11"
"ENSG00000278768.1",-0.905504868998631,1.01465399097187e-18,0.0986053779447333,0.17,1.2,"(0.877-1.59)","1.2","0.273",1.2,0.273,"BACE1-AS"
"ENSG00000278784.1",-1.53460608497092,2.77064964523398e-50,0.138851724086396,0.19,1.2,"(0.891-1.65)","1.49","0.222",1.49,0.222,"RP11-468E2.11"
"ENSG00000278834.1",0.225332826831551,0.00871857314197452,0.700972999533245,0.029,1,"(0.791-1.34)","0.05","0.828",0.05,0.828,"RP11-458J1.1"
"ENSG00000278876.1",0.253764766142213,0.27844651350857,0.220847526641226,0.057,1.1,"(0.941-1.19)","0.89","0.344",0.89,0.344,"RP11-498C9.4"
"ENSG00000278922.1",-0.500596340559001,1.63675427943653e-08,0.360114076146646,0.2,1.2,"(0.933-1.59)","2.09","0.148",2.09,0.148,"AC002310.14"
"ENSG00000278970.1",-0.628292717820564,3.37465991115473e-10,0.0567325863690617,0.28,1.3,"(0.897-1.95)","1.99","0.158",1.99,0.158,"HEIH"
"ENSG00000278974.1",0.266302531068169,0.0125723372187929,0.19339826573977,-0.00095,1,"(0.907-1.1)","0","0.985",0,0.985,"RP11-756P10.6"
"ENSG00000278978.1",1.01803714497372,1.14394804845701e-14,0.418455371291355,-0.12,0.89,"(0.676-1.17)","0.67","0.413",0.67,0.413,"RP11-164P12.5"
"ENSG00000279059.1",-0.784668458491134,4.26889588286596e-16,0.80577859498825,0.048,1,"(0.793-1.39)","0.11","0.736",0.11,0.736,"RP11-257O5.2"
"ENSG00000279088.1",-1.46176991450353,1.70306538814921e-35,0.508852236213344,0.12,1.1,"(0.849-1.51)","0.71","0.4",0.71,0.4,"RP11-574K11.24"
"ENSG00000279095.1",0.683005774792858,1.48140350906856e-14,0.481241615138267,0.049,1.1,"(0.784-1.41)","0.11","0.742",0.11,0.742,"AC092066.1"
"ENSG00000279117.1",-1.32125179721707,5.63296438212764e-34,0.156540306047403,-0.15,0.86,"(0.678-1.09)","1.6","0.206",1.6,0.206,"CTD-2562J17.6"
"ENSG00000279207.1",-0.320786467852609,0.000418541226272551,0.616508761712413,-0.068,0.93,"(0.725-1.2)","0.27","0.601",0.27,0.601,"RP11-159D12.8"
"ENSG00000279253.1",-0.971710233786499,1.44095818610999e-20,0.238599937683721,0.12,1.1,"(0.924-1.39)","1.44","0.23",1.44,0.23,"RP4-614O4.13"
"ENSG00000279265.1",-0.237684581046768,0.0185196201213375,0.807668888741851,-0.013,0.99,"(0.879-1.11)","0.05","0.825",0.05,0.825,"AC000123.3"
"ENSG00000279332.1",-0.154178833854534,0.187776016857502,0.620891945894931,-0.0071,0.99,"(0.911-1.08)","0.03","0.871",0.03,0.871,"RP11-799B12.1"
"ENSG00000279382.1",-0.918214240266266,1.96196111350749e-15,0.949992139337371,0.044,1,"(0.895-1.22)","0.32","0.574",0.32,0.574,"RP11-449J21.3"
"ENSG00000279427.1",3.94538628641596,1.58679604195816e-44,0.947481142638002,0.0076,1,"(0.9-1.13)","0.02","0.895",0.02,0.895,"RP11-132F7.2"
"ENSG00000279453.1",-1.41591907643889,5.19307592844286e-37,0.539681708581712,0.1,1.1,"(0.879-1.4)","0.77","0.38",0.77,0.38,"RP3-425C14.4"
"ENSG00000279528.1",0.292574302175131,0.00303156241616893,0.149870022388736,-0.091,0.91,"(0.702-1.19)","0.45","0.5",0.45,0.5,"RP11-1148L6.8"
"ENSG00000279672.1",-0.577285175049303,7.64541836727278e-07,0.330583215084121,0.19,1.2,"(0.995-1.46)","3.66","0.0557",3.66,0.0557,"CMB9-55F22.1"
"ENSG00000280088.1",-0.449151641000797,1.25799238269992e-07,0.857637213982285,0.02,1,"(0.747-1.39)","0.02","0.902",0.02,0.902,"RP11-135F9.3"
"ENSG00000280099.1",-1.95116354273908,3.85851401738793e-44,0.997996829299451,-0.037,0.96,"(0.78-1.19)","0.11","0.735",0.11,0.735,"RP11-33E12.2"
"ENSG00000280120.1",-0.613652156610727,5.62695719693171e-11,0.362028633316903,0.024,1,"(0.814-1.29)","0.04","0.841",0.04,0.841,"RP11-546D6.3"
"ENSG00000280128.1",-0.970481706850773,3.35906420569725e-22,0.0557843888363807,0.16,1.2,"(0.926-1.49)","1.76","0.184",1.76,0.184,"XXbac-BPG283O16.9"
"ENSG00000280202.1",1.45726621995148,8.0666352195246e-23,0.469225351272363,-0.013,0.99,"(0.855-1.14)","0.03","0.855",0.03,0.855,"RP5-1180D12.1"
"ENSG00000280206.1",0.683537017968031,4.30066717163148e-10,0.471874093888373,-0.0058,0.99,"(0.726-1.36)","0","0.971",0,0.971,"CTB-193M12.5"
"ENSG00000280798.1",-1.54304642865724,2.47253901896331e-53,0.649988359856878,0.23,1.3,"(0.876-1.82)","1.56","0.212",1.56,0.212,"LINC00294"
"ENSG00000281332.1",-0.354785457792828,0.000116401969403935,0.506010778405373,0.12,1.1,"(0.887-1.44)","0.99","0.32",0.99,0.32,"LINC00997"
"ENSG00000281404.1",-1.46023973784728,3.87939290850131e-26,0.846580790506976,0.11,1.1,"(0.952-1.3)","1.77","0.183",1.77,0.183,"LINC01176"
"ENSG00000281468.1",0.0617555251529291,0.607411948294323,0.790053050518513,0.059,1.1,"(0.945-1.19)","1.01","0.315",1.01,0.315,"CTC-459F4.9"
"ENSG00000281649.1",0.487806623890043,3.48029819461874e-07,0.407334343924804,0.025,1,"(0.724-1.45)","0.02","0.887",0.02,0.887,"EBLN3"
