"ENSG_id","beta","HR","CI","wald.test","HR.pvalue","Symbol"
"ENSG00000269416.4",0.0092,1," (0.871-1.17)",0.01,0.903,"LINC01224"
"ENSG00000275479.1",0.036,1," (0.954-1.13)",0.71,0.398,"RP11-334C17.6"
"ENSG00000273055.1",0.14,1.1," (0.968-1.36)",2.51,0.113,"CTB-13F3.1"
"ENSG00000269680.1",0.34,1.4," (1.1-1.79)",7.51,0.00614,"CTD-3128G10.6"
"ENSG00000271824.1",0.0084,1," (0.94-1.08)",0.05,0.815,"AC009014.3"
"ENSG00000237424.1",0.099,1.1," (0.887-1.37)",0.78,0.377,"FOXD2-AS1"
"ENSG00000226824.5",0.23,1.3," (1-1.58)",3.9,0.0483,"RP4-756H11.3"
"ENSG00000255153.1",0.14,1.1," (0.899-1.47)",1.22,0.269,"TOLLIP-AS1"
"ENSG00000261663.1",0.075,1.1," (0.876-1.33)",0.5,0.479,"RP11-304L19.11"
"ENSG00000255774.1",-0.036,0.96," (0.857-1.09)",0.36,0.549,"AP000439.3"
"ENSG00000239911.2",0.073,1.1," (0.953-1.21)",1.4,0.237,"PRKAG2-AS1"
"ENSG00000272079.2",-0.044,0.96," (0.822-1.12)",0.31,0.576,"LA16c-380H5.5"
"ENSG00000224870.5",0.061,1.1," (0.732-1.54)",0.1,0.748,"RP4-758J18.2"
"ENSG00000270015.1",0.33,1.4," (1.05-1.85)",5.23,0.0222,"RP11-540B6.6"
"ENSG00000227719.1",0.13,1.1," (0.956-1.35)",2.13,0.145,"AC006042.6"
"ENSG00000272335.1",0.077,1.1," (0.849-1.38)",0.39,0.531,"RP11-53O19.3"
"ENSG00000256073.3",0.2,1.2," (0.925-1.62)",1.99,0.158,"URB1-AS1"
"ENSG00000249042.4",-0.044,0.96," (0.714-1.28)",0.09,0.767,"CTD-2015H6.3"
"ENSG00000245910.7",0.028,1," (0.774-1.37)",0.04,0.845,"SNHG6"
"ENSG00000215190.7",0.3,1.3," (0.996-1.82)",3.75,0.0528,"LINC00680"
"ENSG00000235280.2",0.16,1.2," (0.969-1.41)",2.67,0.102,"MCF2L-AS1"
"ENSG00000273366.1",-0.065,0.94," (0.78-1.12)",0.49,0.483,"CTA-989H11.1"
"ENSG00000273151.1",0.2,1.2," (1.02-1.46)",4.92,0.0265,"RP11-449P15.2"
"ENSG00000254166.1",-0.00098,1," (0.867-1.15)",0,0.989,"CASC19"
"ENSG00000279207.1",-0.066,0.94," (0.722-1.21)",0.24,0.621,"RP11-159D12.8"
"ENSG00000117242.7",-0.26,0.77," (0.577-1.03)",3.06,0.0803,"PINK1-AS"
"ENSG00000263335.1",-0.038,0.96," (0.814-1.14)",0.2,0.657,"AF001548.5"
"ENSG00000272667.1",0.29,1.3," (0.994-1.79)",3.69,0.0547,"RP11-395A13.2"
"ENSG00000274213.1",0.025,1," (0.877-1.2)",0.1,0.755,"RP11-670E13.6"
"ENSG00000237883.1",0.044,1," (0.862-1.27)",0.2,0.655,"DGUOK-AS1"
"ENSG00000234072.1",0.23,1.3," (0.954-1.66)",2.65,0.104,"AC074117.10"
"ENSG00000253716.4",0.16,1.2," (0.932-1.48)",1.86,0.173,"RP13-582O9.5"
"ENSG00000272189.1",-0.076,0.93," (0.716-1.2)",0.34,0.562,"RP3-325F22.5"
"ENSG00000238058.1",0.019,1," (0.886-1.17)",0.07,0.785,"RP11-432J22.2"
"ENSG00000224152.1",-0.05,0.95," (0.693-1.31)",0.09,0.759,"AC009506.1"
"ENSG00000267493.3",0.12,1.1," (0.907-1.41)",1.19,0.275,"CIRBP-AS1"
"ENSG00000197180.2",0.15,1.2," (0.908-1.48)",1.42,0.233,"CH17-340M24.3"
"ENSG00000254635.4",0.1,1.1," (0.804-1.53)",0.4,0.527,"WAC-AS1"
"ENSG00000230061.2",-0.0052,0.99," (0.921-1.07)",0.02,0.894,"TRPM2-AS"
"ENSG00000269640.4",0.12,1.1," (0.955-1.33)",2,0.157,"CTD-2521M24.9"
"ENSG00000256537.3",0.046,1," (0.668-1.64)",0.04,0.841,"RP11-785H5.1"
"ENSG00000240449.1",0.054,1.1," (0.86-1.3)",0.27,0.603,"RP4-584D14.5"
"ENSG00000273014.1",0.017,1," (0.877-1.18)",0.05,0.82,"RP11-225B17.2"
"ENSG00000224597.8",0.15,1.2," (0.809-1.67)",0.66,0.418,"SVIL-AS1"
"ENSG00000273179.1",0.16,1.2," (1-1.39)",3.87,0.0491,"RP11-20I20.4"
"ENSG00000263004.1",-0.031,0.97," (0.787-1.19)",0.09,0.77,"RP11-166P13.3"
"ENSG00000249395.2",0.1,1.1," (1-1.22)",4.09,0.043,"CASC9"
"ENSG00000229334.1",-0.096,0.91," (0.674-1.22)",0.4,0.528,"AC046143.3"
"ENSG00000260804.3",-0.16,0.85," (0.675-1.08)",1.79,0.181,"PKI55"
"ENSG00000238123.1",-0.062,0.94," (0.847-1.04)",1.35,0.245,"MID1IP1-AS1"
"ENSG00000196810.4",-0.21,0.81," (0.53-1.25)",0.88,0.348,"CTBP1-AS2"
"ENSG00000253930.1",-0.083,0.92," (0.818-1.04)",1.91,0.167,"RP11-1149O23.2"
"ENSG00000266962.2",0.22,1.2," (0.882-1.77)",1.57,0.21,"RP11-400F19.6"
"ENSG00000271895.2",0.033,1," (0.859-1.25)",0.12,0.725,"RP4-635E18.8"
"ENSG00000188185.10",0.16,1.2," (0.945-1.47)",2.13,0.145,"LINC00265"
"ENSG00000267080.4",0.31,1.4," (0.946-1.96)",2.76,0.0969,"ASB16-AS1"
"ENSG00000260552.1",0.11,1.1," (0.932-1.33)",1.38,0.239,"RP11-49I11.1"
"ENSG00000272644.1",-0.052,0.95," (0.747-1.21)",0.18,0.668,"RP11-33O4.1"
"ENSG00000230082.1",0.015,1," (0.846-1.22)",0.03,0.872,"PRRT3-AS1"
"ENSG00000130600.14",0.071,1.1," (0.988-1.17)",2.8,0.0941,"H19"
"ENSG00000227070.1",-0.065,0.94," (0.809-1.09)",0.75,0.385,"RP11-191G24.1"
"ENSG00000277662.1",0.023,1," (0.9-1.16)",0.13,0.722,"RP11-74J13.9"
"ENSG00000254860.4",0.19,1.2," (0.95-1.53)",2.35,0.125,"TMEM9B-AS1"
"ENSG00000273344.1",0.25,1.3," (0.962-1.72)",2.89,0.089,"PAXIP1-AS1"
"ENSG00000251026.1",0.01,1," (0.951-1.07)",0.11,0.739,"RP11-138J23.1"
"ENSG00000265688.1",0.028,1," (0.803-1.32)",0.05,0.823,"MAFG-AS1"
"ENSG00000238142.1",0.012,1," (0.902-1.14)",0.04,0.839,"RP11-108M9.4"
"ENSG00000269910.1",0.0067,1," (0.875-1.16)",0.01,0.925,"RP11-73M18.10"
"ENSG00000204272.9",0.28,1.3," (0.961-1.82)",2.94,0.0863,"LINC01420"
"ENSG00000261685.2",0.024,1," (0.925-1.13)",0.21,0.648,"RP11-401P9.4"
"ENSG00000226476.2",0.033,1," (0.963-1.11)",0.85,0.358,"RP11-776H12.1"
"ENSG00000259943.1",0.052,1.1," (0.808-1.37)",0.15,0.702,"RP1-39G22.7"
"ENSG00000278133.1",0.15,1.2," (0.801-1.7)",0.65,0.421,"RP11-196G11.5"
"ENSG00000253187.2",-0.049,0.95," (0.863-1.05)",0.94,0.332,"HOXA10-AS"
"ENSG00000272301.1",0.05,1.1," (0.936-1.18)",0.7,0.401,"RP11-111M22.4"
"ENSG00000281406.1",0.056,1.1," (0.932-1.2)",0.75,0.386,"BLACAT1"
"ENSG00000278978.1",-0.13,0.87," (0.66-1.16)",0.87,0.35,"RP11-164P12.5"
"ENSG00000272556.1",0.13,1.1," (0.993-1.3)",3.44,0.0638,"RP11-638I8.1"
"ENSG00000230177.1",0.11,1.1," (0.912-1.38)",1.17,0.279,"RP5-1112D6.4"
"ENSG00000275632.1",0.054,1.1," (0.913-1.22)",0.54,0.464,"RP5-967N21.11"
"ENSG00000180861.8",0.059,1.1," (0.927-1.21)",0.74,0.39,"LINC01559"
"ENSG00000261512.2",0.099,1.1," (0.91-1.34)",1.01,0.315,"RP11-46D6.1"
"ENSG00000231025.1",0.19,1.2," (0.861-1.7)",1.2,0.274,"RP11-175O19.4"
"ENSG00000241269.1",-0.04,0.96," (0.851-1.08)",0.42,0.514,"AC093620.5"
"ENSG00000232442.1",0.18,1.2," (0.978-1.48)",3.05,0.0806,"CTD-3184A7.4"
"ENSG00000233461.4",-0.046,0.96," (0.757-1.21)",0.15,0.7,"RP11-295G20.2"
"ENSG00000267100.1",0.24,1.3," (0.942-1.71)",2.46,0.117,"ILF3-AS1"
"ENSG00000267082.1",0.12,1.1," (0.965-1.33)",2.3,0.129,"CTC-510F12.2"
"ENSG00000236081.1",0.16,1.2," (1.01-1.35)",4.65,0.0311,"ELFN1-AS1"
"ENSG00000261188.1",-0.029,0.97," (0.763-1.24)",0.05,0.816,"CTA-445C9.14"
"ENSG00000142396.9",0.038,1," (0.713-1.52)",0.04,0.842,"ERVK3-1"
"ENSG00000242086.7",0.074,1.1," (0.854-1.36)",0.39,0.53,"LINC00969"
"ENSG00000256185.1",-0.00029,1," (0.933-1.07)",0,0.993,"RP11-612B6.2"
"ENSG00000274828.1",0.017,1," (0.767-1.35)",0.01,0.904,"RP11-567M16.6"
"ENSG00000280798.1",0.25,1.3," (0.888-1.87)",1.79,0.181,"LINC00294"
"ENSG00000275560.1",0.028,1," (0.884-1.2)",0.13,0.72,"RP11-180M15.7"
"ENSG00000276529.1",0.33,1.4," (1.09-1.76)",7.13,0.00758,"AP001505.10"
"ENSG00000228109.1",0.28,1.3," (1.05-1.66)",5.79,0.0161,"MFI2-AS1"
"ENSG00000253738.1",-0.054,0.95," (0.727-1.23)",0.16,0.688,"OTUD6B-AS1"
"ENSG00000250222.1",-0.11,0.9," (0.775-1.05)",1.91,0.167,"CTC-338M12.5"
"ENSG00000237721.1",-0.00093,1," (0.931-1.07)",0,0.98,"AF064858.11"
"ENSG00000260418.1",0.0016,1," (0.823-1.22)",0,0.988,"RP3-406A7.7"
"ENSG00000240990.8",-0.055,0.95," (0.845-1.06)",0.89,0.346,"HOXA11-AS"
"ENSG00000261650.1",-0.022,0.98," (0.935-1.02)",0.98,0.322,"RP11-474D1.4"
"ENSG00000215039.5",0.56,1.8," (1.25-2.46)",10.8,0.00104,"CD27-AS1"
"ENSG00000269936.3",0.11,1.1," (0.974-1.28)",2.5,0.114,"RP11-394O4.5"
"ENSG00000275216.1",0.077,1.1," (1-1.16)",4.18,0.0408,"RP11-54H7.4"
"ENSG00000221990.4",0.15,1.2," (0.9-1.49)",1.32,0.251,"EXOC3-AS1"
"ENSG00000272645.2",0.21,1.2," (1-1.51)",4.01,0.0451,"RP11-504P24.8"
"ENSG00000260114.2",0.14,1.1," (0.88-1.49)",1.03,0.31,"CTD-2574D22.4"
"ENSG00000266208.1",0.21,1.2," (0.952-1.6)",2.52,0.112,"CTD-2267D19.3"
"ENSG00000241388.4",-0.00061,1," (0.822-1.21)",0,0.995,"HNF1A-AS1"
"ENSG00000269609.4",0.32,1.4," (1.01-1.9)",4.01,0.0451,"RPARP-AS1"
"ENSG00000277283.1",-0.0052,0.99," (0.735-1.35)",0,0.973,"RP1-267D11.6"
"ENSG00000267045.1",0.16,1.2," (0.998-1.38)",3.74,0.0531,"AC006126.4"
"ENSG00000196756.10",0.16,1.2," (0.936-1.46)",1.9,0.168,"SNHG17"
"ENSG00000222033.1",-0.043,0.96," (0.864-1.06)",0.66,0.418,"LINC01124"
"ENSG00000222001.2",-0.044,0.96," (0.852-1.07)",0.56,0.453,"AC106876.2"
"ENSG00000270223.1",0.082,1.1," (0.901-1.31)",0.74,0.388,"RP13-36G14.4"
"ENSG00000214401.4",0.024,1," (0.864-1.21)",0.08,0.784,"KANSL1-AS1"
"ENSG00000238279.1",0.18,1.2," (1.02-1.42)",4.68,0.0306,"BX470102.3"
"ENSG00000267896.1",0.16,1.2," (0.984-1.39)",3.15,0.0761,"AC018766.4"
"ENSG00000269386.4",0.017,1," (0.716-1.44)",0.01,0.926,"RAB11B-AS1"
"ENSG00000227540.1",0.18,1.2," (0.944-1.53)",2.23,0.135,"RP11-152N13.5"
"ENSG00000254343.2",0.0029,1," (0.856-1.17)",0,0.971,"RP11-760H22.2"
"ENSG00000258837.1",0.034,1," (0.967-1.11)",0.95,0.33,"CTD-2566J3.1"
"ENSG00000272449.1",0.2,1.2," (0.995-1.51)",3.64,0.0563,"RP3-395M20.12"
"ENSG00000267480.1",-0.15,0.86," (0.745-0.998)",3.96,0.0466,"RP11-703I16.1"
"ENSG00000260196.1",0.098,1.1," (0.879-1.38)",0.72,0.398,"RP1-239B22.5"
"ENSG00000271147.6",-0.032,0.97," (0.718-1.31)",0.04,0.834,"RP4-769N13.6"
"ENSG00000189223.12",-0.015,0.98," (0.906-1.07)",0.13,0.715,"PAX8-AS1"
"ENSG00000257556.1",0.0084,1," (0.861-1.18)",0.01,0.917,"RP11-44N21.1"
"ENSG00000236753.4",-0.038,0.96," (0.789-1.17)",0.14,0.705,"MKLN1-AS"
"ENSG00000272010.1",-0.034,0.97," (0.882-1.06)",0.52,0.472,"CTD-3025N20.3"
"ENSG00000274605.1",-0.058,0.94," (0.735-1.21)",0.2,0.651,"RP11-12G12.7"
"ENSG00000270006.2",0.019,1," (0.877-1.18)",0.06,0.805,"RP11-178L8.7"
"ENSG00000269293.2",0.18,1.2," (0.906-1.58)",1.59,0.207,"ZSCAN16-AS1"
"ENSG00000233559.1",-0.15,0.86," (0.77-0.964)",6.73,0.00947,"AC016831.7"
"ENSG00000273314.1",0.21,1.2," (0.903-1.68)",1.74,0.188,"RP5-1136G13.2"
"ENSG00000255284.1",0.45,1.6," (1.23-2.02)",13,0.00032,"AP006621.5"
"ENSG00000278192.1",0.18,1.2," (0.993-1.43)",3.54,0.0598,"RP5-1056H1.2"
"ENSG00000271737.1",-0.078,0.92," (0.779-1.1)",0.81,0.369,"CTB-113I20.2"
"ENSG00000259065.1",0.24,1.3," (1.07-1.52)",7.35,0.0067,"RP5-1021I20.1"
"ENSG00000279088.1",0.12,1.1," (0.839-1.51)",0.61,0.434,"RP11-574K11.24"
"ENSG00000279789.1",0.13,1.1," (0.923-1.4)",1.44,0.23,"CTD-2574D22.3"
"ENSG00000177337.6",0.016,1," (0.775-1.33)",0.01,0.911,"DLGAP1-AS1"
"ENSG00000177406.4",0.15,1.2," (0.887-1.51)",1.16,0.281,"RP11-218M22.1"
"ENSG00000253522.3",-0.1,0.9," (0.787-1.03)",2.25,0.134,"CTC-231O11.1"
"ENSG00000226179.4",0.17,1.2," (1.02-1.39)",4.66,0.0308,"LINC00685"
"ENSG00000223478.1",0.077,1.1," (0.87-1.34)",0.49,0.484,"RP11-545E17.3"
"ENSG00000272660.1",-0.04,0.96," (0.892-1.03)",1.15,0.284,"RP11-145M9.6"
"ENSG00000273437.1",0.19,1.2," (0.974-1.51)",2.99,0.0837,"RP11-434H6.7"
"ENSG00000116883.8",0.19,1.2," (1.06-1.38)",8.08,0.00446,"RP11-268J15.5"
"ENSG00000259933.5",-0.029,0.97," (0.761-1.24)",0.05,0.819,"RP11-304L19.1"
"ENSG00000253508.1",-0.055,0.95," (0.878-1.02)",2.06,0.152,"RP1-170O19.14"
"ENSG00000226067.5",0.11,1.1," (0.918-1.37)",1.26,0.261,"CH17-118O6.2"
"ENSG00000218510.5",-0.12,0.88," (0.635-1.23)",0.53,0.466,"LINC00339"
"ENSG00000234741.6",0.084,1.1," (0.844-1.4)",0.42,0.516,"GAS5"
"ENSG00000206337.9",0.058,1.1," (0.882-1.27)",0.39,0.534,"HCP5"
"ENSG00000228439.4",-0.04,0.96," (0.794-1.16)",0.17,0.676,"TSTD3"
"ENSG00000270189.1",0.12,1.1," (0.937-1.35)",1.59,0.207,"RP11-258C19.7"
"ENSG00000263731.1",-0.034,0.97," (0.736-1.27)",0.06,0.805,"RP11-498C9.15"
"ENSG00000281332.1",0.16,1.2," (0.915-1.51)",1.59,0.207,"LINC00997"
"ENSG00000259972.2",0.17,1.2," (0.957-1.48)",2.45,0.118,"AC009120.6"
"ENSG00000254682.1",-0.12,0.89," (0.742-1.06)",1.76,0.185,"RP11-660L16.2"
"ENSG00000267709.1",0.076,1.1," (0.946-1.23)",1.27,0.259,"AC024592.9"
"ENSG00000172965.13",0.17,1.2," (0.838-1.67)",0.92,0.338,"MIR4435-1HG"
"ENSG00000263072.4",0.2,1.2," (0.877-1.71)",1.41,0.236,"ZNF213-AS1"
"ENSG00000239213.4",0.21,1.2," (0.913-1.67)",1.88,0.171,"NCK1-AS1"
"ENSG00000228452.1",-0.031,0.97," (0.844-1.11)",0.2,0.658,"RP5-994D16.9"
"ENSG00000224081.6",-0.11,0.89," (0.688-1.16)",0.74,0.39,"LINC01057"
"ENSG00000272106.1",0.085,1.1," (0.782-1.52)",0.25,0.616,"RP11-345P4.9"
"ENSG00000269893.5",0.032,1," (0.753-1.42)",0.04,0.842,"SNHG8"
"ENSG00000231663.1",0.065,1.1," (0.87-1.31)",0.39,0.53,"RP5-827C21.4"
"ENSG00000254911.3",-0.016,0.98," (0.88-1.1)",0.08,0.784,"SCARNA9"
"ENSG00000251022.5",0.061,1.1," (0.829-1.36)",0.23,0.631,"THAP9-AS1"
"ENSG00000272913.1",0.087,1.1," (0.996-1.2)",3.53,0.0603,"RP11-440D17.3"
"ENSG00000263588.1",0.077,1.1," (0.946-1.23)",1.29,0.256,"RP11-595B24.2"
"ENSG00000262188.1",0.016,1," (0.9-1.15)",0.07,0.797,"RP11-353N14.4"
"ENSG00000272087.1",0.076,1.1," (0.895-1.3)",0.64,0.425,"RP11-379F4.7"
"ENSG00000279332.1",-0.0069,0.99," (0.909-1.08)",0.02,0.879,"RP11-799B12.1"
"ENSG00000224975.1",0.12,1.1," (0.923-1.38)",1.4,0.237,"INE1"
"ENSG00000268568.1",0.035,1," (0.92-1.17)",0.34,0.561,"AC007228.9"
"ENSG00000244300.2",0.055,1.1," (0.945-1.18)",0.93,0.334,"GATA2-AS1"
"ENSG00000279495.1",-0.038,0.96," (0.737-1.26)",0.08,0.781,"RP11-521B24.4"
"ENSG00000255062.1",0.034,1," (0.853-1.26)",0.12,0.73,"RP11-712L6.5"
"ENSG00000228801.5",-0.018,0.98," (0.744-1.3)",0.02,0.897,"RP11-110G21.1"
"ENSG00000266469.1",0.12,1.1," (0.84-1.51)",0.63,0.428,"CTB-131K11.1"
"ENSG00000253982.1",-0.23,0.8," (0.579-1.1)",1.9,0.168,"CTD-2336O2.1"
"ENSG00000179523.4",0.55,1.7," (1.2-2.53)",8.49,0.00356,"EIF3J-AS1"
"ENSG00000245849.5",0.22,1.2," (0.978-1.59)",3.17,0.075,"RAD51-AS1"
"ENSG00000274272.1",0.44,1.5," (1.19-2.01)",10.5,0.00122,"RP11-44M6.7"
"ENSG00000278730.1",-0.14,0.87," (0.64-1.17)",0.87,0.352,"RP11-147L13.11"
"ENSG00000272523.1",0.15,1.2," (0.943-1.43)",1.97,0.16,"LINC01023"
"ENSG00000259456.3",0.11,1.1," (0.906-1.39)",1.11,0.291,"ADNP-AS1"
"ENSG00000259366.1",-0.0065,0.99," (0.866-1.14)",0.01,0.926,"CTD-2647L4.4"
"ENSG00000223482.6",-0.041,0.96," (0.728-1.27)",0.08,0.774,"NUTM2A-AS1"
"ENSG00000226137.5",-0.041,0.96," (0.731-1.26)",0.09,0.766,"BAIAP2-AS1"
"ENSG00000232533.1",0.23,1.3," (0.961-1.65)",2.78,0.0953,"AC093673.5"
"ENSG00000260032.1",-0.081,0.92," (0.689-1.23)",0.3,0.583,"LINC00657"
"ENSG00000230555.2",-0.022,0.98," (0.81-1.18)",0.05,0.819,"RP11-517P14.2"
"ENSG00000257303.1",-0.099,0.91," (0.769-1.07)",1.4,0.237,"RP11-977G19.11"
"ENSG00000203993.4",0.59,1.8," (1.22-2.67)",8.74,0.00311,"ARRDC1-AS1"
"ENSG00000225377.4",0.07,1.1," (0.842-1.37)",0.32,0.573,"NRSN2-AS1"
"ENSG00000203688.4",-0.019,0.98," (0.875-1.1)",0.1,0.746,"RP11-351J23.1"
"ENSG00000259976.1",0.11,1.1," (0.911-1.37)",1.13,0.289,"RP11-553L6.5"
"ENSG00000249007.1",0.052,1.1," (0.905-1.23)",0.45,0.503,"RP11-510N19.5"
"ENSG00000261295.1",-0.013,0.99," (0.892-1.09)",0.06,0.805,"RP11-524D16__A.3"
"ENSG00000263272.1",0.27,1.3," (1.04-1.64)",5.09,0.0241,"CTC-524C5.2"
"ENSG00000233016.5",0.35,1.4," (1.09-1.84)",6.8,0.00913,"SNHG7"
"ENSG00000261455.1",0.21,1.2," (0.975-1.56)",3.05,0.0807,"LINC01003"
"ENSG00000275764.1",0.021,1," (0.815-1.28)",0.03,0.857,"RP11-582E3.6"
"ENSG00000272440.1",0.014,1," (0.943-1.09)",0.15,0.7,"RP11-379F4.6"
"ENSG00000278768.1",0.23,1.3," (0.925-1.71)",2.14,0.143,"BACE1-AS"
"ENSG00000258634.3",0.17,1.2," (0.897-1.57)",1.44,0.23,"RP4-773N10.4"
"ENSG00000265666.1",0.17,1.2," (0.925-1.52)",1.81,0.178,"RARA-AS1"
"ENSG00000226328.5",-0.066,0.94," (0.735-1.19)",0.29,0.589,"NUP50-AS1"
"ENSG00000260231.1",-0.032,0.97," (0.755-1.24)",0.06,0.799,"JHDM1D-AS1"
"ENSG00000227946.1",0.042,1," (0.871-1.25)",0.21,0.645,"AC007383.3"
"ENSG00000267221.1",0.086,1.1," (0.923-1.29)",1.03,0.311,"CTD-2132N18.2"
"ENSG00000268858.2",0.26,1.3," (0.985-1.72)",3.44,0.0635,"RP4-591C20.9"
"ENSG00000233429.8",0.051,1.1," (0.884-1.25)",0.32,0.569,"HOTAIRM1"
"ENSG00000272686.1",-0.013,0.99," (0.75-1.3)",0.01,0.927,"RP11-390E23.6"
"ENSG00000267904.1",0.062,1.1," (0.883-1.28)",0.43,0.513,"CTC-429P9.5"
"ENSG00000248771.4",-0.12,0.89," (0.785-1.01)",3.45,0.0631,"LINC01207"
"ENSG00000264577.1",0.1,1.1," (0.872-1.4)",0.69,0.406,"AC010761.8"
"ENSG00000275202.1",-0.038,0.96," (0.783-1.18)",0.13,0.717,"RP11-156K23.3"
"ENSG00000273162.1",0.089,1.1," (0.887-1.35)",0.7,0.403,"RP11-108L7.15"
"ENSG00000260704.1",0.1,1.1," (0.91-1.34)",1.02,0.313,"LINC00543"
"ENSG00000273373.1",0.11,1.1," (0.942-1.33)",1.64,0.201,"RP5-1074L1.4"
"ENSG00000275494.1",0.057,1.1," (0.877-1.28)",0.35,0.554,"RP11-266L9.8"
"ENSG00000259342.1",-0.012,0.99," (0.901-1.08)",0.06,0.808,"RP11-519G16.5"
"ENSG00000260766.1",0.014,1," (0.774-1.33)",0.01,0.921,"RP11-226L15.5"
"ENSG00000235029.1",0.1,1.1," (0.96-1.28)",1.97,0.161,"MNX1-AS2"
"ENSG00000230844.2",0.23,1.3," (0.961-1.65)",2.81,0.0939,"ZNF674-AS1"
"ENSG00000269352.1",0.21,1.2," (0.98-1.56)",3.19,0.074,"PTOV1-AS2"
"ENSG00000257621.6",0.15,1.2," (0.874-1.56)",1.1,0.295,"PSMA3-AS1"
"ENSG00000261643.1",0.12,1.1," (0.905-1.39)",1.11,0.293,"RP11-529E10.6"
"ENSG00000188206.6",0.093,1.1," (0.928-1.3)",1.18,0.278,"HNRNPU-AS1"
"ENSG00000231365.4",0.13,1.1," (0.845-1.53)",0.71,0.4,"RP11-418J17.1"
"ENSG00000225329.2",0.01,1," (0.932-1.1)",0.07,0.799,"LHFPL3-AS2"
"ENSG00000261123.1",-0.051,0.95," (0.741-1.22)",0.16,0.691,"RP11-304L19.3"
"ENSG00000245694.7",0.074,1.1," (0.943-1.23)",1.19,0.275,"CRNDE"
"ENSG00000237943.5",0.068,1.1," (0.918-1.25)",0.75,0.385,"PRKCQ-AS1"
"ENSG00000212694.7",0.22,1.2," (0.997-1.56)",3.74,0.0531,"LINC01089"
"ENSG00000265800.1",0.11,1.1," (0.947-1.31)",1.69,0.194,"RP11-649A18.5"
"ENSG00000278600.1",0.26,1.3," (1.02-1.64)",4.38,0.0363,"RP11-81A1.6"
"ENSG00000261474.1",0.31,1.4," (1.07-1.75)",6.46,0.011,"RP11-452L6.1"
"ENSG00000204860.4",0.16,1.2," (0.989-1.39)",3.38,0.0662,"FAM201A"
"ENSG00000275964.1",0.13,1.1," (0.922-1.41)",1.48,0.223,"RP11-61K9.3"
"ENSG00000274104.1",0.041,1," (0.836-1.3)",0.13,0.715,"CTD-2553L13.10"
"ENSG00000248243.1",-0.039,0.96," (0.824-1.12)",0.25,0.615,"RP11-93K22.13"
"ENSG00000225733.4",-0.38,0.69," (0.469-1)",3.75,0.0527,"FGD5-AS1"
"ENSG00000267751.4",0.01,1," (0.858-1.19)",0.01,0.903,"AC009005.2"
"ENSG00000267523.1",0.18,1.2," (1.02-1.42)",4.9,0.0268,"CTD-2537I9.12"
"ENSG00000235823.1",0.23,1.3," (0.952-1.66)",2.6,0.107,"OLMALINC"
"ENSG00000280120.1",0.0028,1," (0.8-1.26)",0,0.981,"RP11-546D6.3"
"ENSG00000257660.4",0.039,1," (0.905-1.19)",0.3,0.585,"RP11-579D7.4"
"ENSG00000274993.1",-0.03,0.97," (0.864-1.09)",0.25,0.619,"RP11-395B7.2"
"ENSG00000231412.2",0.015,1," (0.956-1.08)",0.25,0.62,"CTC-490G23.2"
"ENSG00000219545.8",0.06,1.1," (0.756-1.49)",0.12,0.73,"UMAD1"
"ENSG00000281398.1",-0.045,0.96," (0.776-1.18)",0.18,0.674,"SNHG4"
"ENSG00000273893.1",-0.052,0.95," (0.809-1.12)",0.4,0.528,"RP1-101A2.1"
"ENSG00000186594.11",0.0043,1," (0.798-1.26)",0,0.971,"MIR22HG"
"ENSG00000268516.2",-0.024,0.98," (0.73-1.31)",0.03,0.872,"CTD-3138B18.5"
"ENSG00000264575.1",-0.016,0.98," (0.862-1.12)",0.06,0.811,"LINC00526"
"ENSG00000266402.3",-0.036,0.96," (0.877-1.06)",0.56,0.456,"RP11-329L6.2"
"ENSG00000244649.3",-0.0049,1," (0.885-1.12)",0.01,0.935,"CTD-2377D24.6"
"ENSG00000229152.2",0.071,1.1," (0.939-1.23)",1.08,0.298,"ANKRD10-IT1"
"ENSG00000279672.1",0.19,1.2," (0.998-1.47)",3.75,0.0527,"CMB9-55F22.1"
"ENSG00000236017.6",0.16,1.2," (0.998-1.37)",3.76,0.0526,"ASMTL-AS1"
"ENSG00000263429.3",-0.039,0.96," (0.868-1.07)",0.55,0.457,"LINC00675"
"ENSG00000271780.1",0.19,1.2," (0.939-1.57)",2.19,0.139,"RP11-1017G21.5"
"ENSG00000253352.7",0.12,1.1," (0.841-1.52)",0.67,0.415,"TUG1"
"ENSG00000255737.2",0.12,1.1," (0.912-1.4)",1.25,0.263,"AGAP2-AS1"
"ENSG00000225138.6",0.072,1.1," (0.948-1.22)",1.26,0.262,"CTD-2228K2.7"
"ENSG00000227053.1",0.062,1.1," (0.921-1.23)",0.71,0.399,"RP11-395B7.4"
"ENSG00000250266.1",-0.015,0.98," (0.935-1.04)",0.34,0.56,"RP11-789C1.1"
"ENSG00000196696.11",0.13,1.1," (0.921-1.41)",1.45,0.229,"PDXDC2P"
"ENSG00000146521.8",0.046,1," (0.927-1.18)",0.55,0.459,"LINC01558"
"ENSG00000253948.1",0.036,1," (0.898-1.2)",0.24,0.621,"RP11-410L14.2"
"ENSG00000266036.1",0.085,1.1," (0.944-1.26)",1.36,0.243,"RP11-452I5.2"
"ENSG00000205664.9",0.047,1," (0.794-1.38)",0.11,0.739,"RP11-706O15.1"
"ENSG00000250899.3",0.035,1," (0.801-1.34)",0.07,0.79,"RP11-253E3.3"
"ENSG00000274383.1",0.11,1.1," (0.987-1.27)",3.11,0.0778,"CTD-2017F17.2"
"ENSG00000204282.4",0.34,1.4," (1.1-1.78)",7.64,0.00571,"TNRC6C-AS1"
"ENSG00000261068.2",0.061,1.1," (0.906-1.25)",0.56,0.453,"RP11-7K24.3"
"ENSG00000235453.6",-0.05,0.95," (0.688-1.32)",0.09,0.764,"TOPORS-AS1"
"ENSG00000273015.2",0.13,1.1," (0.807-1.6)",0.53,0.466,"RP11-352M15.2"
"ENSG00000270039.1",0.002,1," (0.854-1.18)",0,0.981,"RP11-571M6.17"
"ENSG00000236871.5",0.092,1.1," (0.954-1.26)",1.68,0.195,"LINC00106"
"ENSG00000215256.3",0.059,1.1," (0.789-1.43)",0.15,0.696,"DHRS4-AS1"
"ENSG00000260920.2",-0.21,0.81," (0.649-1.02)",3.12,0.0775,"RP1-228H13.5"
"ENSG00000271032.1",0.0086,1," (0.897-1.13)",0.02,0.885,"CTD-2527I21.14"
"ENSG00000204685.6",0.51,1.7," (1.09-2.54)",5.52,0.0188,"STARD7-AS1"
"ENSG00000247271.5",0.053,1.1," (0.799-1.39)",0.14,0.706,"ZBED5-AS1"
"ENSG00000266651.1",0.087,1.1," (0.939-1.27)",1.29,0.256,"RP11-138I1.3"
"ENSG00000178977.3",-0.15,0.86," (0.681-1.09)",1.56,0.211,"LINC00324"
"ENSG00000247903.1",0.048,1," (0.862-1.28)",0.23,0.631,"RP11-421F16.3"
"ENSG00000273226.1",0.049,1," (0.868-1.27)",0.25,0.617,"RP11-513M16.8"
"ENSG00000268713.1",0.29,1.3," (0.991-1.78)",3.62,0.0572,"CTC-444N24.8"
"ENSG00000224961.1",0.028,1," (0.947-1.12)",0.44,0.506,"RP1-278O22.1"
"ENSG00000271122.1",0.14,1.1," (0.862-1.52)",0.87,0.35,"RP11-379H18.1"
"ENSG00000281649.1",0.034,1," (0.724-1.48)",0.03,0.853,"EBLN3"
"ENSG00000244701.1",0.062,1.1," (0.858-1.32)",0.32,0.574,"RP5-894A10.2"
"ENSG00000267296.2",-0.074,0.93," (0.743-1.16)",0.42,0.515,"CEBPA-AS1"
"ENSG00000269958.1",0.034,1," (0.732-1.46)",0.04,0.847,"RP11-73M18.8"
"ENSG00000244567.1",0.13,1.1," (0.885-1.45)",0.98,0.321,"AC096772.6"
"ENSG00000260740.2",0.027,1," (0.911-1.16)",0.19,0.66,"AC026471.6"
"ENSG00000267194.1",-0.16,0.85," (0.723-0.998)",3.93,0.0475,"RP1-193H18.2"
"ENSG00000247844.1",0.011,1," (0.866-1.18)",0.02,0.887,"CCAT1"
"ENSG00000235313.1",0.017,1," (0.913-1.13)",0.09,0.761,"HM13-IT1"
"ENSG00000234286.1",0.016,1," (0.953-1.08)",0.23,0.634,"AC006026.13"
"ENSG00000251562.6",0.027,1," (0.906-1.16)",0.17,0.676,"MALAT1"
"ENSG00000276718.1",0.08,1.1," (0.89-1.32)",0.63,0.426,"RP1-102E24.10"
"ENSG00000248092.6",-0.057,0.94," (0.742-1.2)",0.22,0.64,"NNT-AS1"
"ENSG00000257084.1",0.18,1.2," (0.958-1.49)",2.51,0.113,"U47924.27"
"ENSG00000260401.1",0.024,1," (0.843-1.24)",0.06,0.809,"RP11-800A3.4"
"ENSG00000279806.1",-0.012,0.99," (0.885-1.1)",0.05,0.826,"RP11-58O9.2"
"ENSG00000247095.2",0.34,1.4," (1.17-1.69)",13.2,0.000273,"MIR210HG"
"ENSG00000272894.4",-0.038,0.96," (0.774-1.2)",0.11,0.737,"RP5-1159O4.1"
"ENSG00000234912.8",0.19,1.2," (0.914-1.61)",1.8,0.179,"SNHG20"
"ENSG00000203497.2",0.028,1," (0.748-1.42)",0.03,0.862,"PDCD4-AS1"
"ENSG00000174365.18",0.031,1," (0.801-1.33)",0.06,0.809,"SNHG11"
"ENSG00000261061.1",-0.016,0.98," (0.736-1.32)",0.01,0.916,"RP11-303E16.2"
"ENSG00000266010.1",0.094,1.1," (0.913-1.32)",0.99,0.319,"GATA6-AS1"
"ENSG00000263753.5",-0.026,0.97," (0.818-1.16)",0.09,0.767,"LINC00667"
"ENSG00000280088.1",0.055,1.1," (0.766-1.46)",0.11,0.736,"RP11-135F9.3"
"ENSG00000235499.1",0.026,1," (0.929-1.13)",0.26,0.61,"AC073046.25"
"ENSG00000245970.2",0.073,1.1," (0.849-1.36)",0.36,0.546,"KB-1208A12.3"
"ENSG00000258199.1",0.18,1.2," (0.906-1.57)",1.59,0.207,"RP11-977G19.5"
"ENSG00000269176.2",-0.011,0.99," (0.751-1.3)",0.01,0.936,"RP11-727F15.12"
"ENSG00000206573.7",0.099,1.1," (0.874-1.39)",0.69,0.406,"THUMPD3-AS1"
"ENSG00000261572.1",0.0012,1," (0.756-1.33)",0,0.993,"RP11-384L8.1"
"ENSG00000240731.1",0.19,1.2," (0.955-1.52)",2.47,0.116,"RP5-890O3.9"
"ENSG00000224397.4",0.072,1.1," (0.893-1.29)",0.58,0.445,"LINC01272"
"ENSG00000224138.1",0.0087,1," (0.904-1.13)",0.02,0.876,"AC000123.4"
"ENSG00000229729.5",-0.069,0.93," (0.717-1.22)",0.26,0.611,"RP11-159G9.5"
"ENSG00000214194.7",0.013,1," (0.783-1.31)",0.01,0.923,"LINC00998"
"ENSG00000265415.1",-0.18,0.84," (0.66-1.06)",2.26,0.133,"CTD-2510F5.4"
"ENSG00000236305.1",0.035,1," (0.879-1.22)",0.18,0.675,"RP11-126L15.4"
"ENSG00000261526.2",0.12,1.1," (0.88-1.44)",0.88,0.349,"CTB-31O20.2"
"ENSG00000271643.1",-0.12,0.89," (0.687-1.16)",0.75,0.386,"RP11-10C24.3"
"ENSG00000267049.1",-0.0087,0.99," (0.87-1.13)",0.02,0.896,"AC002398.13"
"ENSG00000269867.1",0.091,1.1," (0.862-1.39)",0.55,0.456,"CTD-2583A14.8"
"ENSG00000254910.1",0.13,1.1," (0.996-1.31)",3.61,0.0574,"RP11-326C3.7"
"ENSG00000235576.1",-0.055,0.95," (0.87-1.03)",1.59,0.208,"AC092580.4"
"ENSG00000280128.1",0.17,1.2," (0.933-1.52)",1.97,0.161,"XXbac-BPG283O16.9"
"ENSG00000248663.5",0.0063,1," (0.927-1.09)",0.02,0.88,"LINC00992"
"ENSG00000272086.1",0.02,1," (0.818-1.27)",0.03,0.861,"CTD-2186M15.3"
"ENSG00000242125.3",-0.046,0.96," (0.736-1.24)",0.12,0.731,"SNHG3"
"ENSG00000176912.3",-0.016,0.98," (0.845-1.15)",0.04,0.842,"TYMSOS"
"ENSG00000277639.1",0.011,1," (0.91-1.12)",0.05,0.832,"RP11-295M3.4"
"ENSG00000248275.1",0.036,1," (0.732-1.47)",0.04,0.839,"TRIM52-AS1"
"ENSG00000259250.1",0.12,1.1," (0.932-1.38)",1.56,0.211,"RP11-50C13.1"
"ENSG00000204054.10",0.41,1.5," (1.04-2.17)",4.69,0.0304,"LINC00963"
"ENSG00000268205.1",0.12,1.1," (0.852-1.48)",0.68,0.411,"CTC-444N24.11"
"ENSG00000255455.2",0.026,1," (0.816-1.29)",0.05,0.825,"RP11-890B15.3"
"ENSG00000224739.2",0.01,1," (0.89-1.15)",0.03,0.871,"AC016735.1"
"ENSG00000263050.1",-0.017,0.98," (0.829-1.17)",0.04,0.846,"RP11-667K14.3"
"ENSG00000278385.1",0.0022,1," (0.776-1.29)",0,0.986,"RP11-89H19.2"
"ENSG00000182165.16",-0.084,0.92," (0.74-1.14)",0.58,0.448,"TP53TG1"
"ENSG00000272288.4",0.032,1," (0.791-1.35)",0.06,0.813,"RP11-140K17.3"
"ENSG00000246067.6",0.09,1.1," (0.847-1.41)",0.48,0.49,"RAB30-AS1"
"ENSG00000214049.6",0.0094,1," (0.932-1.09)",0.05,0.819,"UCA1"
"ENSG00000244459.2",0.14,1.2," (0.999-1.33)",3.81,0.0509,"RP11-1398P2.1"
"ENSG00000279253.1",0.17,1.2," (0.961-1.46)",2.52,0.112,"RP4-614O4.13"
"ENSG00000272599.2",0.13,1.1," (0.922-1.41)",1.47,0.225,"RP11-152N13.16"
"ENSG00000279427.1",0.024,1," (0.908-1.16)",0.15,0.697,"RP11-132F7.2"
"ENSG00000277969.1",0.067,1.1," (0.789-1.45)",0.18,0.668,"CTB-58E17.1"
"ENSG00000238045.8",0.37,1.5," (1.04-2.03)",4.8,0.0284,"AC009133.12"
"ENSG00000251169.2",-0.083,0.92," (0.764-1.11)",0.76,0.385,"AC005355.2"
"ENSG00000271936.1",0.22,1.3," (0.931-1.68)",2.21,0.137,"RP11-443B20.1"
"ENSG00000226453.1",0.16,1.2," (1.05-1.3)",8.53,0.0035,"RP11-379B8.1"
"ENSG00000203499.9",0.16,1.2," (0.917-1.49)",1.59,0.208,"FAM83H-AS1"
"ENSG00000179743.3",0.15,1.2," (0.849-1.58)",0.87,0.35,"FLJ37453"
"ENSG00000279741.1",-0.017,0.98," (0.914-1.06)",0.21,0.649,"RP11-44F14.9"
"ENSG00000249859.6",0.17,1.2," (0.916-1.53)",1.66,0.197,"PVT1"
"ENSG00000273142.1",0.22,1.3," (1.03-1.52)",5.07,0.0243,"RP11-458F8.4"
"ENSG00000272711.1",0.21,1.2," (0.976-1.55)",3.09,0.0788,"RP11-259N19.1"
"ENSG00000277879.1",-0.16,0.85," (0.709-1.03)",2.82,0.0932,"RP11-129M16.4"
"ENSG00000224032.5",0.041,1," (0.791-1.37)",0.08,0.772,"EPB41L4A-AS1"
"ENSG00000175061.16",-0.026,0.97," (0.743-1.28)",0.03,0.852,"LRRC75A-AS1"
"ENSG00000233483.2",-0.017,0.98," (0.833-1.16)",0.04,0.843,"CTD-2020K17.4"
"ENSG00000261448.1",-0.025,0.97," (0.902-1.05)",0.41,0.522,"CTD-2576D5.4"
"ENSG00000280027.1",-0.036,0.96," (0.896-1.04)",0.89,0.347,"RP11-44F14.10"
"ENSG00000197989.12",0.057,1.1," (0.804-1.4)",0.17,0.683,"SNHG12"
"ENSG00000279265.1",-0.013,0.99," (0.876-1.11)",0.05,0.832,"AC000123.3"
"ENSG00000259485.1",0.026,1," (0.972-1.08)",0.88,0.348,"CTD-2147F2.1"
"ENSG00000255026.1",0.063,1.1," (0.969-1.17)",1.69,0.194,"RP11-326C3.2"
"ENSG00000256546.1",0.18,1.2," (1.05-1.36)",7.53,0.00607,"AC156455.1"
"ENSG00000228544.1",0.14,1.1," (0.935-1.41)",1.74,0.187,"CCDC183-AS1"
"ENSG00000258682.1",0.17,1.2," (0.986-1.42)",3.27,0.0704,"CTD-2002H8.2"
"ENSG00000270060.1",0.015,1," (0.897-1.15)",0.06,0.814,"RP11-390K5.6"
"ENSG00000258048.1",0.063,1.1," (0.914-1.24)",0.65,0.419,"RP11-530C5.1"
"ENSG00000170846.14",-0.058,0.94," (0.639-1.39)",0.08,0.771,"AC093323.3"
"ENSG00000215769.7",0.15,1.2," (0.958-1.42)",2.36,0.125,"RP13-104F24.2"
"ENSG00000273271.1",0.056,1.1," (0.885-1.26)",0.38,0.539,"AP000254.8"
"ENSG00000273568.1",0.017,1," (0.829-1.25)",0.03,0.87,"RP11-417L19.6"
"ENSG00000233554.4",-0.23,0.79," (0.657-0.953)",6.1,0.0135,"B4GALT1-AS1"
"ENSG00000261353.1",-0.025,0.97," (0.888-1.07)",0.29,0.593,"CTA-14H9.5"
"ENSG00000226465.1",-0.042,0.96," (0.908-1.01)",2.31,0.129,"RP13-401N8.1"
"ENSG00000256806.3",0.14,1.1," (0.878-1.5)",1.01,0.316,"C17orf100"
"ENSG00000248008.2",-0.19,0.82," (0.514-1.32)",0.65,0.419,"DYNLL1-AS1"
"ENSG00000272221.1",-0.081,0.92," (0.795-1.07)",1.16,0.282,"XXbac-BPG181B23.7"
"ENSG00000260136.4",0.12,1.1," (0.819-1.56)",0.56,0.453,"CTD-2270L9.4"
"ENSG00000227695.4",-0.042,0.96," (0.757-1.22)",0.12,0.73,"DNMBP-AS1"
"ENSG00000251603.1",-0.0076,0.99," (0.918-1.07)",0.04,0.849,"RP11-164P12.4"
"ENSG00000259768.5",0.12,1.1," (0.818-1.56)",0.54,0.461,"RP5-991G20.1"
"ENSG00000271976.1",-0.06,0.94," (0.681-1.3)",0.13,0.718,"RP11-884K10.7"
"ENSG00000258404.1",-0.05,0.95," (0.866-1.04)",1.1,0.295,"RP11-1029J19.5"
"ENSG00000260260.1",-0.0075,0.99," (0.801-1.23)",0,0.945,"SNHG19"
"ENSG00000260563.3",0.33,1.4," (1.09-1.76)",7.3,0.00688,"RP13-516M14.1"
"ENSG00000231721.5",0.11,1.1," (0.916-1.36)",1.19,0.276,"LINC-PINT"
"ENSG00000225470.5",0.05,1.1," (0.766-1.44)",0.1,0.756,"JPX"
"ENSG00000247092.5",0.15,1.2," (0.883-1.53)",1.14,0.286,"SNHG10"
"ENSG00000259704.1",-0.079,0.92," (0.838-1.02)",2.45,0.117,"CTD-3094K11.1"
"ENSG00000228265.4",0.085,1.1," (0.834-1.42)",0.39,0.532,"RALY-AS1"
"ENSG00000262251.1",0.34,1.4," (1.11-1.79)",7.74,0.00541,"RP11-199F11.2"
"ENSG00000229539.1",0.13,1.1," (0.945-1.37)",1.87,0.171,"RP11-119B16.2"
"ENSG00000273478.1",0.12,1.1," (0.883-1.44)",0.92,0.337,"RP11-465N4.5"
"ENSG00000230163.1",0.32,1.4," (0.979-1.92)",3.36,0.0666,"RP5-997D16.2"
"ENSG00000257605.2",0.39,1.5," (1.08-2.03)",5.99,0.0144,"RP11-680A11.5"
"ENSG00000279528.1",-0.045,0.96," (0.727-1.26)",0.11,0.745,"RP11-1148L6.8"
"ENSG00000234171.2",0.078,1.1," (0.798-1.46)",0.25,0.616,"RNASEH1-AS1"
"ENSG00000179406.6",0.33,1.4," (1.12-1.73)",8.72,0.00315,"LINC00174"
"ENSG00000233903.2",0.063,1.1," (0.785-1.45)",0.16,0.686,"Z83851.4"
"ENSG00000257270.1",0.13,1.1," (0.987-1.31)",3.17,0.0751,"RP11-521B24.5"
"ENSG00000242516.1",-0.0049,1," (0.922-1.07)",0.02,0.9,"LINC00960"
"ENSG00000270069.1",0.13,1.1," (0.964-1.35)",2.33,0.127,"MIR222HG"
"ENSG00000232445.1",-0.047,0.95," (0.856-1.06)",0.73,0.394,"RP11-132A1.4"
"ENSG00000258297.1",0.058,1.1," (0.826-1.36)",0.21,0.65,"RP11-658F2.8"
"ENSG00000237361.2",-0.03,0.97," (0.912-1.03)",0.95,0.331,"TUSC8"
"ENSG00000267475.1",0.068,1.1," (0.871-1.31)",0.41,0.52,"CTD-2538C1.2"
"ENSG00000272763.1",-0.037,0.96," (0.841-1.1)",0.29,0.591,"RP11-357H14.17"
"ENSG00000258474.1",-0.061,0.94," (0.818-1.08)",0.73,0.392,"RP11-187E13.1"
"ENSG00000258919.1",0.018,1," (0.898-1.15)",0.08,0.78,"RP11-1029J19.4"
"ENSG00000234155.1",-0.086,0.92," (0.794-1.06)",1.34,0.246,"RP11-30P6.6"
"ENSG00000261804.1",-0.031,0.97," (0.891-1.06)",0.5,0.479,"RP11-44F14.2"
"ENSG00000254560.4",0.049,1.1," (0.965-1.14)",1.28,0.258,"BBOX1-AS1"
"ENSG00000270372.1",-0.0073,0.99," (0.959-1.03)",0.17,0.676,"RP11-109M17.2"
"ENSG00000214039.7",-0.027,0.97," (0.929-1.02)",1.31,0.253,"RP11-474D1.3"
"ENSG00000258738.1",0.039,1," (0.82-1.32)",0.11,0.745,"RP11-73E17.2"
"ENSG00000281468.1",0.079,1.1," (0.955-1.23)",1.53,0.217,"CTC-459F4.9"
"ENSG00000269899.1",-0.063,0.94," (0.822-1.07)",0.86,0.355,"RP11-589N15.2"
"ENSG00000228393.3",0.078,1.1," (0.92-1.27)",0.89,0.345,"LINC01004"
"ENSG00000278834.1",0.036,1," (0.791-1.36)",0.07,0.796,"RP11-458J1.1"
"ENSG00000280206.1",0.031,1," (0.747-1.42)",0.03,0.852,"CTB-193M12.5"
"ENSG00000237476.1",0.045,1," (0.838-1.31)",0.16,0.689,"XXbac-B135H6.15"
"ENSG00000270010.1",0.052,1.1," (0.9-1.23)",0.42,0.517,"CTD-2132N18.4"
"ENSG00000269888.1",-0.0055,0.99," (0.888-1.11)",0.01,0.924,"RP11-3P17.5"
"ENSG00000267565.1",0.00047,1," (0.899-1.11)",0,0.993,"CTC-559E9.8"
"ENSG00000203644.3",0.037,1," (0.835-1.29)",0.11,0.74,"RP11-332M2.1"
"ENSG00000247240.6",-0.07,0.93," (0.663-1.31)",0.16,0.687,"UBL7-AS1"
"ENSG00000231074.7",0.079,1.1," (0.77-1.52)",0.21,0.648,"HCG18"
"ENSG00000232931.4",0.12,1.1," (0.947-1.35)",1.86,0.173,"LINC00342"
"ENSG00000262692.1",0.071,1.1," (0.955-1.21)",1.42,0.234,"CTD-3195I5.3"
"ENSG00000277496.1",0.012,1," (0.834-1.23)",0.01,0.904,"RP11-93B14.9"
"ENSG00000276855.1",-0.031,0.97," (0.871-1.08)",0.33,0.563,"CTD-3157E16.2"
"ENSG00000242207.1",-0.0046,1," (0.895-1.11)",0.01,0.932,"HOXB-AS4"
"ENSG00000259877.2",-0.1,0.9," (0.726-1.12)",0.88,0.348,"RP11-46C24.7"
"ENSG00000223768.1",0.21,1.2," (0.956-1.58)",2.58,0.108,"LINC00205"
"ENSG00000273137.1",0.22,1.2," (1.03-1.51)",4.89,0.027,"RP3-402G11.28"
"ENSG00000245060.5",0.16,1.2," (0.878-1.58)",1.18,0.277,"LINC00847"
"ENSG00000236935.1",-0.025,0.97," (0.914-1.04)",0.59,0.441,"AP003774.1"
"ENSG00000275580.1",0.059,1.1," (0.9-1.25)",0.49,0.483,"RP11-295H24.4"
"ENSG00000249673.5",0.12,1.1," (0.767-1.66)",0.38,0.538,"NOP14-AS1"
"ENSG00000234160.1",0.11,1.1," (0.863-1.44)",0.7,0.404,"RP11-613M10.6"
"ENSG00000225791.5",-0.14,0.87," (0.647-1.17)",0.88,0.347,"TRAM2-AS1"
"ENSG00000265519.1",-0.0084,0.99," (0.909-1.08)",0.04,0.85,"CTD-3157E16.1"
"ENSG00000230316.5",0.036,1," (0.974-1.1)",1.28,0.258,"FEZF1-AS1"
"ENSG00000182648.10",0.15,1.2," (0.961-1.39)",2.38,0.123,"LINC01006"
"ENSG00000260265.1",-0.009,0.99," (0.846-1.16)",0.01,0.911,"RP11-44F21.5"
"ENSG00000234608.6",0.11,1.1," (0.718-1.74)",0.24,0.622,"MAPKAPK5-AS1"
"ENSG00000264247.1",-0.095,0.91," (0.635-1.3)",0.27,0.602,"LINC00909"
"ENSG00000225177.4",0.15,1.2," (0.919-1.48)",1.61,0.205,"RP11-390P2.4"
"ENSG00000254290.1",-0.077,0.93," (0.82-1.05)",1.55,0.214,"RP11-150O12.3"
"ENSG00000260442.4",0.017,1," (0.875-1.18)",0.05,0.827,"ATP2A1-AS1"
"ENSG00000236850.4",0.13,1.1," (0.858-1.52)",0.82,0.365,"BMS1P20"
"ENSG00000237310.1",0.23,1.3," (1.01-1.56)",4.28,0.0386,"GS1-124K5.4"
"ENSG00000255474.1",4.5e-06,1," (0.888-1.13)",0,1,"RP11-234B24.2"
"ENSG00000256940.1",0.088,1.1," (0.897-1.33)",0.77,0.38,"RP11-783K16.5"
"ENSG00000242861.1",0.14,1.1," (0.935-1.41)",1.73,0.188,"RP11-285F7.2"
"ENSG00000272720.1",0.14,1.1," (0.951-1.38)",2.06,0.152,"CTA-228A9.3"
"ENSG00000228037.1",-0.033,0.97," (0.828-1.13)",0.18,0.672,"RP3-395M20.9"
"ENSG00000233223.2",0.42,1.5," (1.2-1.91)",12.2,0.00048,"AC113189.5"
"ENSG00000250328.4",0.0087,1," (0.932-1.09)",0.05,0.828,"MGC32805"
"ENSG00000276317.1",-0.052,0.95," (0.84-1.07)",0.69,0.406,"RP11-93B14.10"
"ENSG00000245648.1",-0.14,0.87," (0.796-0.958)",8.29,0.00399,"RP11-277P12.20"
"ENSG00000278266.1",-0.054,0.95," (0.879-1.02)",1.95,0.163,"RP11-575F12.3"
"ENSG00000272579.1",0.0041,1," (0.849-1.19)",0,0.962,"RP11-101E13.5"
"ENSG00000250786.1",-0.065,0.94," (0.819-1.07)",0.88,0.349,"SNHG18"
"ENSG00000249572.1",-0.056,0.95," (0.866-1.03)",1.55,0.213,"CTD-2203K17.1"
"ENSG00000270460.1",0.012,1," (0.898-1.14)",0.04,0.839,"RP11-796E10.1"
"ENSG00000262001.1",-0.07,0.93," (0.757-1.15)",0.43,0.51,"DLGAP1-AS2"
"ENSG00000259291.2",0.018,1," (0.811-1.28)",0.02,0.875,"RP11-617F23.1"
"ENSG00000259623.1",-0.14,0.87," (0.664-1.14)",1.06,0.304,"RP11-156E6.1"
"ENSG00000262089.1",0.15,1.2," (0.917-1.46)",1.51,0.22,"RP11-589P10.5"
"ENSG00000268006.1",0.025,1," (0.664-1.58)",0.01,0.909,"PTOV1-AS1"
"ENSG00000236859.5",0.33,1.4," (0.987-1.95)",3.55,0.0595,"NIFK-AS1"
"ENSG00000226696.4",0.3,1.3," (1.07-1.7)",6.29,0.0121,"LENG8-AS1"
"ENSG00000230896.1",-0.069,0.93," (0.678-1.28)",0.18,0.671,"RP11-767N6.7"
"ENSG00000245532.5",0.062,1.1," (0.895-1.26)",0.49,0.483,"NEAT1"
"ENSG00000279382.1",0.05,1.1," (0.896-1.23)",0.38,0.538,"RP11-449J21.3"
"ENSG00000246089.3",-0.071,0.93," (0.692-1.25)",0.22,0.642,"RP11-115C21.2"
"ENSG00000259865.1",0.039,1," (0.909-1.19)",0.32,0.573,"RP11-488L18.10"
"ENSG00000256262.1",-0.13,0.88," (0.762-1.02)",2.98,0.0844,"USP30-AS1"
"ENSG00000228350.1",-0.0031,1," (0.921-1.08)",0.01,0.938,"CELSR3-AS1"
"ENSG00000225855.5",0.16,1.2," (0.95-1.45)",2.19,0.139,"RUSC1-AS1"
"ENSG00000258920.1",0.13,1.1," (0.888-1.47)",1.08,0.3,"FOXN3-AS1"
"ENSG00000227036.5",-0.081,0.92," (0.741-1.15)",0.53,0.467,"LINC00511"
"ENSG00000275234.1",0.042,1," (0.771-1.41)",0.07,0.786,"CTD-2396E7.11"
"ENSG00000253210.1",-0.062,0.94," (0.81-1.09)",0.66,0.418,"RP11-809O17.1"
"ENSG00000271020.1",-0.019,0.98," (0.868-1.11)",0.09,0.763,"RP11-10C24.1"
"ENSG00000255517.5",0.03,1," (0.803-1.32)",0.06,0.812,"CTD-3074O7.5"
"ENSG00000225969.1",-0.046,0.95," (0.825-1.11)",0.38,0.538,"ABHD11-AS1"
"ENSG00000273145.1",0.052,1.1," (0.8-1.39)",0.14,0.713,"CITF22-92A6.1"
"ENSG00000262370.4",-0.0035,1," (0.913-1.09)",0.01,0.937,"RP11-473M20.9"
"ENSG00000272405.1",0.028,1," (0.846-1.25)",0.08,0.775,"RP11-284F21.10"
"ENSG00000262049.1",0.22,1.2," (0.941-1.66)",2.36,0.125,"RP13-1032I1.7"
"ENSG00000267002.1",0.17,1.2," (0.916-1.55)",1.7,0.193,"RP11-242D8.1"
"ENSG00000260267.1",0.26,1.3," (0.944-1.79)",2.59,0.108,"RP11-452L6.5"
"ENSG00000205890.3",0.1,1.1," (0.926-1.33)",1.28,0.259,"RP11-473M20.5"
"ENSG00000231806.2",0.077,1.1," (0.896-1.3)",0.65,0.419,"PCAT7"
"ENSG00000232098.3",0.08,1.1," (0.799-1.47)",0.26,0.608,"CTD-2619J13.14"
"ENSG00000260025.1",-0.0064,0.99," (0.834-1.18)",0.01,0.943,"RP11-490M8.1"
"ENSG00000279059.1",0.068,1.1," (0.803-1.43)",0.21,0.643,"RP11-257O5.2"
"ENSG00000278876.1",0.068,1.1," (0.945-1.21)",1.15,0.283,"RP11-498C9.4"
"ENSG00000228343.1",-0.062,0.94," (0.794-1.11)",0.53,0.468,"RP11-1148L6.5"
"ENSG00000236452.1",-0.024,0.98," (0.918-1.04)",0.58,0.445,"AC123023.1"
"ENSG00000278709.1",0.09,1.1," (0.95-1.26)",1.56,0.211,"RP5-1059L7.1"
"ENSG00000255142.1",0.16,1.2," (1.04-1.32)",6.77,0.00927,"AP006621.6"
"ENSG00000260912.1",0.095,1.1," (0.907-1.33)",0.94,0.332,"RP11-363E7.4"
"ENSG00000239467.4",-0.033,0.97," (0.84-1.11)",0.21,0.644,"AC007405.6"
"ENSG00000226330.1",0.012,1," (0.841-1.22)",0.02,0.897,"RP11-739N20.2"
"ENSG00000228989.1",0.19,1.2," (0.945-1.54)",2.27,0.132,"AC133528.2"
"ENSG00000272275.1",0.24,1.3," (1.08-1.5)",8.04,0.00458,"RP11-791G15.2"
"ENSG00000204876.4",-0.062,0.94," (0.824-1.07)",0.86,0.354,"AC021218.2"
"ENSG00000261040.5",-0.089,0.91," (0.823-1.02)",2.77,0.0958,"WFDC21P"
"ENSG00000230733.2",0.23,1.3," (0.955-1.65)",2.65,0.104,"AC092171.4"
"ENSG00000273619.1",0.12,1.1," (0.931-1.36)",1.5,0.221,"RP5-908M14.9"
"ENSG00000228223.2",0.022,1," (0.887-1.18)",0.09,0.76,"HCG11"
"ENSG00000272338.2",0.022,1," (0.887-1.18)",0.09,0.765,"RP11-722E23.2"
"ENSG00000228705.1",-0.021,0.98," (0.896-1.07)",0.21,0.647,"LINC00659"
"ENSG00000216895.7",0.18,1.2," (0.914-1.56)",1.7,0.193,"AC009403.2"
"ENSG00000257702.3",0.39,1.5," (1.08-2.02)",5.84,0.0157,"LBX2-AS1"
"ENSG00000251580.1",-0.059,0.94," (0.834-1.07)",0.89,0.346,"RP11-539L10.3"
"ENSG00000271430.1",0.064,1.1," (0.905-1.26)",0.59,0.443,"RP3-368A4.5"
"ENSG00000231226.1",0.064,1.1," (0.896-1.27)",0.52,0.471,"TRIM31-AS1"
"ENSG00000237857.2",0.17,1.2," (0.92-1.52)",1.7,0.192,"RP11-435O5.2"
"ENSG00000280202.1",-0.023,0.98," (0.845-1.13)",0.1,0.752,"RP5-1180D12.1"
"ENSG00000276952.1",-0.0077,0.99," (0.898-1.1)",0.02,0.879,"RP5-965G21.6"
"ENSG00000270157.1",0.049,1," (0.885-1.25)",0.31,0.577,"RP5-894A10.6"
"ENSG00000229953.1",0.0092,1," (0.829-1.23)",0.01,0.927,"RP11-284F21.7"
"ENSG00000268756.1",0.13,1.1," (1.02-1.26)",5.79,0.0161,"AC104534.2"
"ENSG00000234705.1",0.056,1.1," (0.945-1.18)",0.95,0.329,"HMGA1P4"
"ENSG00000278974.1",0.0072,1," (0.91-1.11)",0.02,0.889,"RP11-756P10.6"
"ENSG00000232874.1",0.018,1," (0.923-1.12)",0.13,0.72,"RP11-135A1.2"
"ENSG00000205559.3",0.091,1.1," (0.914-1.31)",0.97,0.324,"CHKB-AS1"
"ENSG00000258914.1",0.015,1," (0.943-1.09)",0.16,0.693,"CTD-2134A5.3"
"ENSG00000256751.4",-0.011,0.99," (0.838-1.17)",0.02,0.894,"PLBD1-AS1"
"ENSG00000236144.5",0.14,1.1," (0.904-1.46)",1.28,0.258,"TMEM147-AS1"
"ENSG00000214546.3",0.022,1," (0.876-1.19)",0.08,0.782,"AC087491.2"
"ENSG00000272821.1",0.22,1.2," (0.96-1.62)",2.74,0.0978,"CTA-384D8.36"
"ENSG00000232803.1",0.074,1.1," (0.971-1.2)",1.96,0.162,"SLCO4A1-AS1"
"ENSG00000265458.1",-0.094,0.91," (0.763-1.09)",1.08,0.3,"RP13-20L14.6"
"ENSG00000204792.2",0.042,1," (0.988-1.1)",2.27,0.132,"LINC01291"
"ENSG00000261116.1",0.075,1.1," (0.847-1.37)",0.37,0.544,"RP3-523K23.2"
"ENSG00000258498.5",-0.0034,1," (0.904-1.1)",0,0.945,"DIO3OS"
"ENSG00000214293.7",0.33,1.4," (0.97-1.99)",3.21,0.0731,"APTR"
"ENSG00000254854.1",0.011,1," (0.907-1.13)",0.04,0.845,"CTD-2523D13.2"
"ENSG00000245571.5",-0.14,0.87," (0.574-1.3)",0.48,0.489,"AP001258.4"
"ENSG00000261716.1",0.32,1.4," (1.08-1.74)",6.71,0.00956,"RP11-196G18.22"
"ENSG00000243479.3",0.15,1.2," (0.928-1.45)",1.7,0.192,"MNX1-AS1"
"ENSG00000230551.4",0.063,1.1," (0.845-1.34)",0.28,0.594,"CTB-89H12.4"
"ENSG00000247516.4",-0.079,0.92," (0.824-1.04)",1.84,0.175,"MIR4458HG"
"ENSG00000226051.5",-0.019,0.98," (0.882-1.09)",0.12,0.726,"ZNF503-AS1"
"ENSG00000233184.5",-0.22,0.8," (0.649-0.987)",4.34,0.0373,"RP11-421L21.3"
"ENSG00000271971.1",0.026,1," (0.857-1.23)",0.08,0.778,"CTD-2006H14.2"
"ENSG00000254837.2",-0.17,0.84," (0.648-1.1)",1.59,0.208,"AP001372.2"
"ENSG00000263470.1",0.053,1.1," (0.841-1.32)",0.21,0.648,"RP11-160O5.1"
"ENSG00000268471.4",0.082,1.1," (0.827-1.42)",0.35,0.553,"DKFZP434I0714"
"ENSG00000260853.1",0.11,1.1," (0.927-1.33)",1.31,0.252,"RP11-264B17.2"
"ENSG00000267249.1",-0.06,0.94," (0.8-1.11)",0.51,0.476,"RP11-973H7.3"
"ENSG00000226332.2",0.25,1.3," (1.05-1.59)",5.7,0.017,"RP11-157P1.4"
"ENSG00000273576.1",0.19,1.2," (0.978-1.49)",3.07,0.0799,"RP11-390P24.1"
"ENSG00000270933.1",0.061,1.1," (0.922-1.23)",0.71,0.4,"CTD-2227E11.1"
"ENSG00000261373.1",0.14,1.2," (0.943-1.4)",1.92,0.166,"VPS9D1-AS1"
"ENSG00000260219.2",0.15,1.2," (0.896-1.52)",1.3,0.255,"RP11-347C12.10"
"ENSG00000259985.1",-0.34,0.71," (0.557-0.903)",7.81,0.00521,"RP11-549B18.1"
"ENSG00000254614.2",0.059,1.1," (0.863-1.3)",0.31,0.576,"AP003068.23"
"ENSG00000241764.3",0.28,1.3," (0.955-1.84)",2.83,0.0925,"AC002467.7"
"ENSG00000153363.11",0.043,1," (0.794-1.37)",0.09,0.758,"LINC00467"
"ENSG00000224093.4",0.0098,1," (0.767-1.33)",0,0.945,"RP5-1033H22.2"
"ENSG00000259974.2",-0.11,0.9," (0.822-0.985)",5.24,0.0221,"LINC00261"
"ENSG00000255135.3",0.19,1.2," (0.924-1.57)",1.9,0.168,"RP11-111M22.3"
"ENSG00000224536.1",0.055,1.1," (0.881-1.27)",0.35,0.553,"RP11-134G8.7"
"ENSG00000277978.1",0.1,1.1," (0.901-1.36)",0.93,0.335,"RP11-403P17.6"
"ENSG00000269973.1",-0.12,0.89," (0.625-1.26)",0.46,0.498,"RP11-95D17.1"
"ENSG00000233834.5",0.086,1.1," (0.887-1.34)",0.67,0.412,"AC005083.1"
"ENSG00000275180.1",0.099,1.1," (0.939-1.3)",1.43,0.232,"RP11-631N16.4"
"ENSG00000231113.2",0.28,1.3," (0.974-1.81)",3.23,0.0725,"RP3-475N16.1"
"ENSG00000231770.4",0.19,1.2," (0.893-1.63)",1.49,0.222,"TMEM44-AS1"
"ENSG00000228288.5",0.36,1.4," (1.14-1.81)",9.18,0.00245,"PCAT6"
"ENSG00000224189.5",0.017,1," (0.902-1.15)",0.08,0.778,"HAGLR"
"ENSG00000242588.5",0.069,1.1," (0.953-1.2)",1.34,0.247,"RP11-274B21.14"
"ENSG00000226812.2",-0.032,0.97," (0.868-1.08)",0.34,0.561,"RP5-881L22.5"
"ENSG00000236199.1",0.014,1," (0.826-1.24)",0.02,0.896,"RP11-264I13.2"
"ENSG00000214106.6",0.18,1.2," (0.853-1.67)",1.06,0.304,"PAXIP1-AS2"
"ENSG00000267317.2",0.55,1.7," (1.28-2.35)",12.7,0.000363,"CTB-25B13.12"
"ENSG00000260708.1",0.13,1.1," (0.887-1.46)",1.03,0.31,"CTA-29F11.1"
"ENSG00000260257.2",0.12,1.1," (0.899-1.41)",1.07,0.302,"RP5-1085F17.3"
"ENSG00000225361.3",0.19,1.2," (0.938-1.55)",2.12,0.145,"PPP1R26-AS1"
"ENSG00000253106.1",0.04,1," (0.823-1.32)",0.11,0.739,"RP11-158K1.3"
"ENSG00000188242.4",-0.063,0.94," (0.789-1.12)",0.5,0.481,"PP7080"
"ENSG00000280693.1",0.03,1," (0.915-1.16)",0.24,0.625,"SH3PXD2A-AS1"
"ENSG00000232956.7",0.24,1.3," (0.937-1.73)",2.39,0.122,"SNHG15"
"ENSG00000269051.4",-0.0088,0.99," (0.922-1.07)",0.06,0.814,"CTD-2245F17.3"
"ENSG00000260244.1",-0.01,0.99," (0.872-1.12)",0.03,0.873,"RP11-588K22.2"
"ENSG00000268388.4",-0.062,0.94," (0.841-1.05)",1.17,0.279,"FENDRR"
"ENSG00000198788.8",-0.032,0.97," (0.914-1.03)",1.21,0.272,"MUC2"
"ENSG00000228106.4",0.27,1.3," (0.979-1.76)",3.31,0.0691,"RP11-452F19.3"
"ENSG00000241990.4",0.11,1.1," (0.859-1.45)",0.66,0.415,"PRR34-AS1"
"ENSG00000271133.4",-0.2,0.82," (0.682-0.975)",4.99,0.0256,"CTA-293F17.1"
"ENSG00000264112.1",0.012,1," (0.855-1.2)",0.02,0.885,"RP11-159D12.2"
"ENSG00000222041.9",0.15,1.2," (0.885-1.53)",1.17,0.278,"LINC00152"
"ENSG00000272990.1",0.048,1," (0.915-1.2)",0.48,0.491,"RP11-305K5.1"
"ENSG00000267344.1",0.2,1.2," (1.01-1.49)",4.08,0.0434,"CTB-39G8.3"
"ENSG00000270673.1",0.045,1," (0.863-1.27)",0.21,0.644,"YTHDF3-AS1"
"ENSG00000227359.1",-0.045,0.96," (0.87-1.05)",0.87,0.35,"AC017074.2"
"ENSG00000255717.5",0.1,1.1," (0.851-1.45)",0.59,0.442,"SNHG1"
"ENSG00000247498.8",0.038,1," (0.79-1.37)",0.07,0.785,"RP11-392P7.6"
"ENSG00000254531.1",0.086,1.1," (0.868-1.37)",0.55,0.46,"FLJ20021"
"ENSG00000263013.1",-0.13,0.88," (0.742-1.04)",2.34,0.126,"RP11-876N24.5"
"ENSG00000273759.1",0.028,1," (0.904-1.17)",0.18,0.671,"RP4-563E14.1"
"ENSG00000233101.9",-0.0012,1," (0.871-1.15)",0,0.986,"HOXB-AS3"
"ENSG00000247828.6",0.028,1," (0.785-1.35)",0.04,0.84,"TMEM161B-AS1"
"ENSG00000213793.4",0.0064,1," (0.86-1.18)",0.01,0.936,"ZNF888"
"ENSG00000226752.6",0.3,1.3," (1-1.81)",3.96,0.0467,"PSMD5-AS1"
"ENSG00000278922.1",0.24,1.3," (0.965-1.67)",2.91,0.0882,"AC002310.14"
"ENSG00000278238.1",0.041,1," (0.899-1.21)",0.3,0.586,"RP11-245D16.4"
"ENSG00000226950.5",-0.15,0.86," (0.656-1.12)",1.3,0.254,"DANCR"
"ENSG00000246582.2",-0.12,0.88," (0.663-1.18)",0.73,0.394,"RP11-1149O23.3"
"ENSG00000272888.4",0.078,1.1," (0.791-1.48)",0.24,0.627,"LINC01578"
"ENSG00000225762.1",-0.03,0.97," (0.882-1.07)",0.38,0.538,"LINC01389"
"ENSG00000273084.1",0.069,1.1," (0.877-1.31)",0.45,0.501,"RP11-1275H24.3"
"ENSG00000262468.4",0.089,1.1," (0.853-1.4)",0.5,0.48,"LINC01569"
"ENSG00000280099.1",-0.0046,1," (0.801-1.24)",0,0.967,"RP11-33E12.2"
"ENSG00000261799.1",-0.11,0.9," (0.693-1.17)",0.65,0.42,"RP11-283I3.6"
"ENSG00000232093.1",0.11,1.1," (0.9-1.39)",1.02,0.312,"RP11-307C12.11"
"ENSG00000261087.1",0.11,1.1," (0.901-1.38)",1.02,0.313,"KB-1460A1.5"
"ENSG00000253414.2",-0.1,0.9," (0.812-1)",3.86,0.0496,"RP11-150O12.6"
"ENSG00000266490.1",0.081,1.1," (0.951-1.24)",1.48,0.224,"CTD-2349P21.9"
"ENSG00000269044.2",0.092,1.1," (0.794-1.51)",0.31,0.577,"CTC-429P9.3"
"ENSG00000234771.3",0.22,1.2," (0.978-1.58)",3.16,0.0755,"SLC25A25-AS1"
"ENSG00000280734.1",0.089,1.1," (0.87-1.37)",0.59,0.444,"LINC01232"
"ENSG00000163597.13",-0.46,0.63," (0.43-0.936)",5.27,0.0218,"SNHG16"
"ENSG00000273723.1",0.085,1.1," (0.918-1.29)",0.95,0.33,"RP11-93H24.3"
"ENSG00000246263.2",-0.028,0.97," (0.778-1.21)",0.06,0.804,"KB-431C1.4"
"ENSG00000229891.1",-0.086,0.92," (0.778-1.08)",1.03,0.311,"LINC01315"
"ENSG00000272009.1",0.16,1.2," (0.878-1.56)",1.15,0.283,"RP1-313I6.12"
"ENSG00000224272.2",-0.13,0.88," (0.79-0.973)",6.13,0.0133,"AC114730.3"
"ENSG00000262714.1",-0.045,0.96," (0.883-1.04)",1.22,0.27,"RP11-44F14.8"
"ENSG00000233621.1",-0.07,0.93," (0.699-1.24)",0.23,0.633,"LINC01137"
"ENSG00000255468.5",0.052,1.1," (0.788-1.41)",0.13,0.723,"RP11-867G23.8"
"ENSG00000241224.5",-0.022,0.98," (0.908-1.05)",0.32,0.569,"FLJ22763"
"ENSG00000184068.2",-0.047,0.95," (0.7-1.3)",0.09,0.764,"RP5-821D11.7"
"ENSG00000262823.1",-0.05,0.95," (0.801-1.13)",0.33,0.568,"RP13-580F15.2"
"ENSG00000238164.5",0.24,1.3," (1.02-1.59)",4.74,0.0294,"RP3-395M20.8"
"ENSG00000235501.4",-0.025,0.98," (0.827-1.15)",0.09,0.768,"RP4-639F20.1"
"ENSG00000273132.1",0.031,1," (0.934-1.14)",0.37,0.544,"RP11-350J20.12"
"ENSG00000251322.6",0.3,1.4," (1.09-1.68)",7.38,0.00661,"SHANK3"
"ENSG00000272518.1",-0.012,0.99," (0.823-1.18)",0.02,0.893,"RP11-26J3.3"
"ENSG00000254827.4",0.027,1," (0.832-1.27)",0.06,0.801,"SLC22A18AS"
"ENSG00000270696.1",-0.013,0.99," (0.743-1.31)",0.01,0.928,"RP11-342K6.1"
"ENSG00000271533.1",0.022,1," (0.882-1.18)",0.08,0.772,"RP3-368A4.6"
"ENSG00000272849.1",0.19,1.2," (0.999-1.47)",3.8,0.0511,"RP11-347I19.8"
"ENSG00000258655.2",0.1,1.1," (0.872-1.41)",0.7,0.402,"ARHGAP5-AS1"
"ENSG00000255857.4",0.29,1.3," (0.938-1.89)",2.57,0.109,"PXN-AS1"
"ENSG00000269186.1",-0.037,0.96," (0.904-1.03)",1.31,0.252,"LINC01082"
"ENSG00000272842.1",0.019,1," (0.918-1.13)",0.12,0.724,"RP11-513M16.7"
"ENSG00000243766.6",-0.038,0.96," (0.9-1.03)",1.26,0.261,"HOTTIP"
"ENSG00000267510.1",0.063,1.1," (0.942-1.2)",1.01,0.314,"CTC-325H20.4"
"ENSG00000260877.1",0.065,1.1," (0.981-1.16)",2.29,0.13,"RP11-211G23.2"
"ENSG00000237523.1",0.12,1.1," (0.9-1.42)",1.1,0.295,"LINC00857"
"ENSG00000275888.1",0.2,1.2," (1.01-1.48)",4.45,0.0348,"RP13-516M14.10"
"ENSG00000247400.3",0.027,1," (0.839-1.26)",0.07,0.794,"DNAJC3-AS1"
"ENSG00000272455.1",0.16,1.2," (0.903-1.51)",1.42,0.234,"RP4-758J18.13"
"ENSG00000277782.1",0.12,1.1," (0.941-1.35)",1.7,0.193,"RP11-775C24.5"
"ENSG00000258534.1",0.2,1.2," (0.988-1.5)",3.39,0.0655,"CTD-2134A5.4"
"ENSG00000232640.1",0.017,1," (0.833-1.24)",0.03,0.864,"RP1-266L20.2"
"ENSG00000245556.2",0.14,1.2," (0.85-1.57)",0.85,0.356,"SCAMP1-AS1"
"ENSG00000260917.1",0.0074,1," (0.788-1.29)",0,0.953,"RP11-57H14.4"
"ENSG00000268087.1",-0.054,0.95," (0.795-1.13)",0.37,0.544,"CTC-429P9.2"
"ENSG00000223400.1",-0.017,0.98," (0.915-1.06)",0.22,0.641,"AP006748.1"
"ENSG00000273456.1",0.27,1.3," (1.03-1.66)",4.91,0.0267,"RP11-686O6.2"
"ENSG00000272899.2",0.14,1.1," (0.961-1.37)",2.31,0.128,"RP11-309L24.4"
"ENSG00000253929.1",-0.028,0.97," (0.905-1.04)",0.59,0.442,"CASC21"
"ENSG00000278784.1",0.19,1.2," (0.88-1.65)",1.35,0.246,"RP11-468E2.11"
"ENSG00000241359.1",-0.075,0.93," (0.851-1.01)",2.93,0.0868,"SYNPR-AS1"
"ENSG00000247679.2",0.1,1.1," (0.881-1.39)",0.76,0.384,"RP11-1277A3.1"
"ENSG00000272172.1",0.084,1.1," (0.907-1.31)",0.82,0.364,"RP13-582O9.7"
"ENSG00000278912.1",0.052,1.1," (0.925-1.2)",0.62,0.433,"CTD-2196E14.8"
"ENSG00000268970.1",0.11,1.1," (0.957-1.3)",1.94,0.164,"CTD-3099C6.11"
"ENSG00000260121.1",0.15,1.2," (0.947-1.43)",2.08,0.149,"RP5-1142A6.9"
"ENSG00000223813.2",0.074,1.1," (0.881-1.31)",0.52,0.47,"AC007255.8"
"ENSG00000272068.1",0.13,1.1," (0.979-1.31)",2.83,0.0925,"RP11-284F21.9"
"ENSG00000258122.1",0.03,1," (0.938-1.13)",0.4,0.53,"RP11-61A14.1"
"ENSG00000182873.5",0.21,1.2," (0.996-1.53)",3.68,0.0549,"RP11-181G12.2"
"ENSG00000271869.1",-0.045,0.96," (0.838-1.09)",0.46,0.498,"RP11-51J9.5"
"ENSG00000258512.1",0.078,1.1," (0.917-1.27)",0.86,0.353,"LINC00239"
"ENSG00000256643.1",0.0026,1," (0.945-1.06)",0.01,0.932,"RP11-349K16.1"
"ENSG00000255198.4",0.051,1.1," (0.873-1.27)",0.28,0.594,"SNHG9"
"ENSG00000229043.2",0.12,1.1," (0.886-1.44)",0.97,0.324,"AC091729.9"
"ENSG00000246898.1",-0.072,0.93," (0.84-1.03)",1.88,0.171,"LINC00920"
"ENSG00000224259.4",0.11,1.1," (0.933-1.32)",1.4,0.236,"LINC01133"
"ENSG00000235245.1",0.24,1.3," (1.05-1.55)",5.99,0.0144,"RP11-122K13.12"
"ENSG00000245937.6",0.067,1.1," (0.753-1.52)",0.14,0.709,"LINC01184"
"ENSG00000272153.1",0.11,1.1," (0.919-1.35)",1.22,0.27,"RP1-286D6.5"
"ENSG00000279117.1",-0.17,0.84," (0.662-1.07)",1.97,0.161,"CTD-2562J17.6"
"ENSG00000177410.11",-0.14,0.87," (0.679-1.1)",1.34,0.247,"ZFAS1"
"ENSG00000234753.4",0.04,1," (0.87-1.25)",0.19,0.661,"FOXP4-AS1"
"ENSG00000236618.2",0.18,1.2," (0.942-1.52)",2.17,0.141,"PITPNA-AS1"
"ENSG00000126005.14",-0.11,0.9," (0.692-1.16)",0.71,0.398,"MMP24-AS1"
"ENSG00000260018.1",0.043,1," (0.88-1.24)",0.24,0.623,"RP11-505K9.1"
"ENSG00000196741.5",0.041,1," (0.841-1.29)",0.14,0.709,"LINC01560"
"ENSG00000274173.1",0.0066,1," (0.852-1.19)",0.01,0.938,"RP4-568C11.4"
"ENSG00000262050.1",0.077,1.1," (0.926-1.26)",0.96,0.328,"RP11-74E22.3"
"ENSG00000223891.4",0.036,1," (0.866-1.24)",0.16,0.693,"OSER1-AS1"
"ENSG00000281404.1",0.12,1.1," (0.958-1.32)",2.04,0.153,"LINC01176"
"ENSG00000247556.5",0.14,1.1," (0.834-1.58)",0.71,0.399,"OIP5-AS1"
"ENSG00000229167.1",0.025,1," (0.904-1.16)",0.15,0.701,"RP11-73M7.1"
"ENSG00000267152.1",0.076,1.1," (0.897-1.3)",0.65,0.42,"CTD-2528L19.6"
"ENSG00000233695.2",0.093,1.1," (0.97-1.24)",2.19,0.139,"GAS6-AS1"
"ENSG00000255224.1",0.022,1," (0.79-1.32)",0.03,0.869,"CTD-3065J16.9"
"ENSG00000225953.2",-0.037,0.96," (0.884-1.05)",0.68,0.409,"SATB2-AS1"
"ENSG00000272760.1",0.015,1," (0.826-1.25)",0.02,0.887,"RP11-5C23.1"
"ENSG00000246451.2",0.12,1.1," (0.929-1.38)",1.51,0.22,"RP11-894P9.1"
"ENSG00000239569.3",0.37,1.4," (1.12-1.86)",8.17,0.00427,"KMT2E-AS1"
"ENSG00000237643.1",-0.018,0.98," (0.937-1.03)",0.58,0.447,"RP11-462G2.1"
"ENSG00000261183.4",0.22,1.2," (0.912-1.69)",1.89,0.169,"RP11-532F12.5"
"ENSG00000259330.1",0.13,1.1," (0.877-1.49)",0.98,0.321,"INAFM2"
"ENSG00000179859.7",0.11,1.1," (0.837-1.5)",0.59,0.442,"AC025335.1"
"ENSG00000234694.1",0.11,1.1," (0.936-1.33)",1.52,0.218,"RP1-92O14.3"
"ENSG00000167117.7",-0.021,0.98," (0.856-1.12)",0.09,0.759,"LINC00483"
"ENSG00000270871.1",0.05,1.1," (0.927-1.19)",0.61,0.436,"AC015849.19"
"ENSG00000253161.4",-0.017,0.98," (0.837-1.15)",0.05,0.831,"RP11-150O12.1"
"ENSG00000278970.1",0.25,1.3," (0.867-1.91)",1.56,0.211,"HEIH"
"ENSG00000225489.5",0.081,1.1," (0.939-1.25)",1.22,0.269,"RP11-390F4.3"
"ENSG00000256001.1",-0.031,0.97," (0.914-1.03)",1.07,0.302,"RP11-575F12.2"
"ENSG00000229719.3",0.066,1.1," (0.881-1.3)",0.45,0.5,"AP001187.9"
"ENSG00000223552.1",-0.057,0.94," (0.791-1.13)",0.4,0.526,"RP11-24F11.2"
"ENSG00000279095.1",0.1,1.1," (0.821-1.49)",0.45,0.503,"AC092066.1"
"ENSG00000273058.2",0.15,1.2," (0.908-1.5)",1.45,0.229,"RP11-385F5.5"
"ENSG00000235919.4",0.26,1.3," (0.965-1.73)",2.97,0.0849,"ASH1L-AS1"
"ENSG00000204261.7",-0.013,0.99," (0.751-1.3)",0.01,0.929,"PSMB8-AS1"
"ENSG00000268836.1",0.099,1.1," (0.948-1.28)",1.63,0.202,"LA16c-OS12.2"
"ENSG00000235106.7",-0.099,0.91," (0.635-1.29)",0.3,0.585,"LINC00094"
"ENSG00000204620.3",0.096,1.1," (0.881-1.38)",0.72,0.396,"RP11-1148L6.9"
"ENSG00000226287.6",0.12,1.1," (0.924-1.37)",1.39,0.239,"TMEM191A"
"ENSG00000268001.1",-0.2,0.82," (0.649-1.03)",2.99,0.0838,"CARD8-AS1"
"ENSG00000279453.1",0.12,1.1," (0.889-1.43)",0.99,0.319,"RP3-425C14.4"
"ENSG00000272502.1",0.084,1.1," (0.941-1.26)",1.29,0.256,"RP11-713M15.2"
"ENSG00000224167.1",0.039,1," (0.935-1.16)",0.51,0.474,"RP3-522D1.1"
"ENSG00000229180.5",0.24,1.3," (0.993-1.62)",3.62,0.057,"GS1-124K5.11"
"ENSG00000259953.1",0.26,1.3," (0.982-1.73)",3.36,0.0669,"RP11-4O1.2"
"ENSG00000234678.1",0.17,1.2," (0.897-1.58)",1.46,0.227,"RP11-465N4.4"
"ENSG00000203875.9",-0.056,0.95," (0.79-1.13)",0.38,0.537,"SNHG5"
"ENSG00000270170.1",0.14,1.2," (0.826-1.62)",0.71,0.399,"NCBP2-AS2"
"ENSG00000272669.1",0.19,1.2," (0.991-1.48)",3.49,0.0617,"RP3-508I15.21"
"ENSG00000272141.1",0.075,1.1," (0.911-1.28)",0.77,0.381,"RP11-465B22.8"
"ENSG00000215908.6",0.064,1.1," (0.804-1.41)",0.2,0.656,"CROCCP2"
"ENSG00000229931.1",0.069,1.1," (0.912-1.26)",0.7,0.402,"RP1-151F17.1"
"ENSG00000267519.3",0.15,1.2," (0.945-1.43)",2.01,0.156,"CTD-3252C9.4"
"ENSG00000265933.4",0.023,1," (0.939-1.12)",0.28,0.599,"LINC00668"
"ENSG00000229155.1",0.029,1," (0.875-1.21)",0.12,0.726,"RP11-528A4.2"
"ENSG00000261437.1",0.065,1.1," (0.862-1.32)",0.36,0.55,"RP11-22C11.2"
"ENSG00000259153.1",0.083,1.1," (0.887-1.33)",0.64,0.423,"RP6-65G23.3"
"ENSG00000269131.1",0.26,1.3," (0.977-1.71)",3.24,0.072,"AC004447.2"
"ENSG00000271870.1",0.14,1.2," (0.924-1.43)",1.57,0.211,"RP11-97C16.1"
"ENSG00000272933.1",0.12,1.1," (0.928-1.37)",1.45,0.228,"RP11-47A8.5"
"ENSG00000235437.6",0.24,1.3," (0.964-1.68)",2.89,0.0889,"LINC01278"
"ENSG00000248367.1",0.18,1.2," (1-1.43)",3.9,0.0482,"CTB-129O4.1"
"ENSG00000120055.7",0.042,1," (0.827-1.32)",0.13,0.721,"C10orf95"
"ENSG00000225302.2",-0.015,0.98," (0.759-1.28)",0.01,0.909,"RP11-539I5.1"
"ENSG00000257086.1",0.25,1.3," (0.993-1.66)",3.62,0.057,"RP11-783K16.13"
"ENSG00000267321.1",0.058,1.1," (0.816-1.38)",0.19,0.662,"RP11-1094M14.11"
"ENSG00000275557.1",0.053,1.1," (0.941-1.18)",0.83,0.362,"RP11-353N4.6"
"ENSG00000258056.2",0.49,1.6," (1.15-2.34)",7.45,0.00634,"RP11-644F5.11"
"ENSG00000260822.1",-0.14,0.87," (0.67-1.13)",1.09,0.296,"GS1-358P8.4"
"ENSG00000267481.1",0.0055,1," (0.844-1.2)",0,0.951,"CTC-559E9.5"
"ENSG00000255320.1",-0.061,0.94," (0.806-1.1)",0.59,0.442,"RP11-755F10.1"
"ENSG00000258424.1",0.023,1," (0.945-1.11)",0.33,0.568,"RP11-471B22.2"
"ENSG00000274561.1",0.026,1," (0.889-1.18)",0.13,0.722,"RP11-147L13.12"
"ENSG00000227403.1",-0.06,0.94," (0.828-1.07)",0.83,0.361,"AC009299.3"
"ENSG00000248866.1",-0.052,0.95," (0.774-1.16)",0.25,0.618,"USP46-AS1"
"ENSG00000270761.1",0.075,1.1," (0.869-1.34)",0.47,0.493,"RP11-385F7.1"
"ENSG00000269940.1",0.017,1," (0.925-1.12)",0.12,0.731,"RP11-73M18.7"
"ENSG00000223745.6",0.085,1.1," (0.888-1.33)",0.67,0.415,"RP4-717I23.3"
