"","ENSG_id","logFC","adj.P.Val","logrank.pvalue","beta","HR","CI","wald.test","HR.pvalue","Symbol"
"1","ENSG00000116883.8",-0.408562365797969,0.000553384176891801,0.00186825705444232,0.19,1.2," (1.06-1.38)",8.08,0.00446,"RP11-268J15.5"
"2","ENSG00000117242.7",0.631552676596858,2.48693983649506e-15,0.0826165812150058,-0.26,0.77," (0.577-1.03)",3.06,0.0803,"PINK1-AS"
"3","ENSG00000176912.3",1.6972004771728,1.99196148838483e-24,0.459113867609759,-0.016,0.98," (0.845-1.15)",0.04,0.842,"TYMSOS"
"4","ENSG00000177406.4",0.0326843207751095,0.736409848718576,0.334546626450037,0.15,1.2," (0.887-1.51)",1.16,0.281,"RP11-218M22.1"
"5","ENSG00000179406.6",-1.0163552759813,4.32242404922545e-20,0.0521443771822141,0.33,1.4," (1.12-1.73)",8.72,0.00315,"LINC00174"
"6","ENSG00000179523.4",-0.387347253322946,2.66459241517232e-05,0.0367712972012475,0.55,1.7," (1.2-2.53)",8.49,0.00356,"EIF3J-AS1"
"7","ENSG00000179859.7",-0.0558919100086813,0.526083220671389,0.369357152880142,0.11,1.1," (0.837-1.5)",0.59,0.442,"AC025335.1"
"8","ENSG00000182873.5",-1.32919903813122,2.41245964070907e-34,0.240035653594396,0.21,1.2," (0.996-1.53)",3.68,0.0549,"RP11-181G12.2"
"9","ENSG00000188206.6",-1.7190414951829,5.0929332969535e-39,0.314825006670363,0.093,1.1," (0.928-1.3)",1.18,0.278,"HNRNPU-AS1"
"10","ENSG00000188242.4",0.0627393049559704,0.71829422541256,0.691575769764094,-0.063,0.94," (0.789-1.12)",0.5,0.481,"PP7080"
"11","ENSG00000196741.5",0.247640238045723,0.00406979681093152,0.516776203298637,0.041,1," (0.841-1.29)",0.14,0.709,"LINC01560"
"12","ENSG00000196810.4",0.544475382859816,6.17448251370902e-10,0.119725617197188,-0.21,0.81," (0.53-1.25)",0.88,0.348,"CTBP1-AS2"
"13","ENSG00000197180.2",0.247251996359985,0.00904944722673054,0.0310522542644112,0.15,1.2," (0.908-1.48)",1.42,0.233,"CH17-340M24.3"
"14","ENSG00000198788.8",1.38893951756824,0.000199495192907793,0.181695926488923,-0.032,0.97," (0.914-1.03)",1.21,0.272,"MUC2"
"15","ENSG00000203497.2",-0.538350973983015,1.41479222730722e-08,0.897327727299363,0.028,1," (0.748-1.42)",0.03,0.862,"PDCD4-AS1"
"16","ENSG00000203644.3",0.764477590955705,1.44778618135104e-17,0.265365174991913,0.037,1," (0.835-1.29)",0.11,0.74,"RP11-332M2.1"
"17","ENSG00000203993.4",-0.743671106320102,1.49463371748186e-14,0.00751229976696419,0.59,1.8," (1.22-2.67)",8.74,0.00311,"ARRDC1-AS1"
"18","ENSG00000204282.4",-0.139981919749081,0.212928875729492,0.017583611581913,0.34,1.4," (1.1-1.78)",7.64,0.00571,"TNRC6C-AS1"
"19","ENSG00000204685.6",-0.41713961961274,4.48903258223559e-07,0.172429753980695,0.51,1.7," (1.09-2.54)",5.52,0.0188,"STARD7-AS1"
"20","ENSG00000204860.4",2.50825431894427,3.13977592871058e-43,0.563378439962173,0.16,1.2," (0.989-1.39)",3.38,0.0662,"FAM201A"
"21","ENSG00000204876.4",8.28123395386412,2.75351140681266e-129,0.210845954958445,-0.062,0.94," (0.824-1.07)",0.86,0.354,"AC021218.2"
"22","ENSG00000214049.6",6.81106387619824,5.03573738835923e-97,0.717556807458117,0.0094,1," (0.932-1.09)",0.05,0.819,"UCA1"
"23","ENSG00000214401.4",-0.617154625413028,2.82598555510398e-07,0.683370636745843,0.024,1," (0.864-1.21)",0.08,0.784,"KANSL1-AS1"
"24","ENSG00000215256.3",0.756847305166959,3.58369793979274e-15,0.514555069776227,0.059,1.1," (0.789-1.43)",0.15,0.696,"DHRS4-AS1"
"25","ENSG00000218510.5",0.00381290435990156,0.970099663248112,0.510908517537714,-0.12,0.88," (0.635-1.23)",0.53,0.466,"LINC00339"
"26","ENSG00000221990.4",-0.26136874432555,0.00362522220661453,0.954917870495421,0.15,1.2," (0.9-1.49)",1.32,0.251,"EXOC3-AS1"
"27","ENSG00000222001.2",5.67387367517629,2.57038330605064e-50,0.335801447525836,-0.044,0.96," (0.852-1.07)",0.56,0.453,"AC106876.2"
"28","ENSG00000223478.1",0.816635065630241,3.95091028980565e-14,0.244302072214951,0.077,1.1," (0.87-1.34)",0.49,0.484,"RP11-545E17.3"
"29","ENSG00000223768.1",-0.832462842727498,2.2541194533607e-17,0.110038002553741,0.21,1.2," (0.956-1.58)",2.58,0.108,"LINC00205"
"30","ENSG00000223813.2",2.09623609733026,2.39983563566503e-27,0.71917433350235,0.074,1.1," (0.881-1.31)",0.52,0.47,"AC007255.8"
"31","ENSG00000224138.1",-0.34593754206707,0.000567920421370129,0.994042031231993,0.0087,1," (0.904-1.13)",0.02,0.876,"AC000123.4"
"32","ENSG00000224152.1",-0.522885581656678,9.77520432075522e-10,0.814649425105453,-0.05,0.95," (0.693-1.31)",0.09,0.759,"AC009506.1"
"33","ENSG00000224272.2",1.68807506073908,6.52013484014016e-13,0.0736075637160603,-0.13,0.88," (0.79-0.973)",6.13,0.0133,"AC114730.3"
"34","ENSG00000224961.1",0.594950963155319,0.0724242424277674,0.520362103778083,0.028,1," (0.947-1.12)",0.44,0.506,"RP1-278O22.1"
"35","ENSG00000224975.1",-0.977044968124976,2.0427091008378e-19,0.81465847517611,0.12,1.1," (0.923-1.38)",1.4,0.237,"INE1"
"36","ENSG00000225361.3",0.811809123891735,3.11514671701975e-12,0.203136285432249,0.19,1.2," (0.938-1.55)",2.12,0.145,"PPP1R26-AS1"
"37","ENSG00000225953.2",1.43897277093563,4.75549900598353e-05,0.756163984416738,-0.037,0.96," (0.884-1.05)",0.68,0.409,"SATB2-AS1"
"38","ENSG00000225969.1",2.84069742662515,2.06683955115379e-23,0.180786513059585,-0.046,0.95," (0.825-1.11)",0.38,0.538,"ABHD11-AS1"
"39","ENSG00000226137.5",0.434395518259663,1.89829573739787e-06,0.927407335898175,-0.041,0.96," (0.731-1.26)",0.09,0.766,"BAIAP2-AS1"
"40","ENSG00000226332.2",-1.9957730936977,9.48895541232521e-43,0.0105699079392717,0.25,1.3," (1.05-1.59)",5.7,0.017,"RP11-157P1.4"
"41","ENSG00000226465.1",0.464739688547624,0.0785626826208928,0.501443094353328,-0.042,0.96," (0.908-1.01)",2.31,0.129,"RP13-401N8.1"
"42","ENSG00000226812.2",5.65432475927099,1.39863633559483e-50,0.934796232641869,-0.032,0.97," (0.868-1.08)",0.34,0.561,"RP5-881L22.5"
"43","ENSG00000227053.1",1.94517481743126,5.11519195458212e-22,0.423036031785826,0.062,1.1," (0.921-1.23)",0.71,0.399,"RP11-395B7.4"
"44","ENSG00000227359.1",2.30306346921089,1.76989017230888e-23,0.579550012586791,-0.045,0.96," (0.87-1.05)",0.87,0.35,"AC017074.2"
"45","ENSG00000227403.1",4.27480357261795,1.00857618890567e-52,0.946249069290044,-0.06,0.94," (0.828-1.07)",0.83,0.361,"AC009299.3"
"46","ENSG00000227540.1",0.00866217161930671,0.930142314291527,0.438585705166391,0.18,1.2," (0.944-1.53)",2.23,0.135,"RP11-152N13.5"
"47","ENSG00000227946.1",-0.260199057414543,0.00531254552761634,0.158129109335899,0.042,1," (0.871-1.25)",0.21,0.645,"AC007383.3"
"48","ENSG00000228037.1",0.689532602270219,0.00011686605435889,0.944515328692242,-0.033,0.97," (0.828-1.13)",0.18,0.672,"RP3-395M20.9"
"49","ENSG00000228109.1",-0.436538403748642,0.000101392122586086,0.022787130218061,0.28,1.3," (1.05-1.66)",5.79,0.0161,"MFI2-AS1"
"50","ENSG00000228223.2",-0.67147785712408,2.49736876392113e-08,0.345183270250104,0.022,1," (0.887-1.18)",0.09,0.76,"HCG11"
"51","ENSG00000228343.1",0.269706880006015,0.00217484678626466,0.0310593977116755,-0.062,0.94," (0.794-1.11)",0.53,0.468,"RP11-1148L6.5"
"52","ENSG00000228393.3",-0.983890836639115,4.77990454863517e-16,0.526811214496021,0.078,1.1," (0.92-1.27)",0.89,0.345,"LINC01004"
"53","ENSG00000228439.4",-0.213441554574118,0.00719366949305137,0.419435410223345,-0.04,0.96," (0.794-1.16)",0.17,0.676,"TSTD3"
"54","ENSG00000228801.5",0.754359543060113,1.34502733337546e-17,0.245259798057862,-0.018,0.98," (0.744-1.3)",0.02,0.897,"RP11-110G21.1"
"55","ENSG00000228989.1",0.113700815908357,0.271091957902627,0.646888300241058,0.19,1.2," (0.945-1.54)",2.27,0.132,"AC133528.2"
"56","ENSG00000229043.2",0.380228505473099,0.000275947632656336,0.197822282028978,0.12,1.1," (0.886-1.44)",0.97,0.324,"AC091729.9"
"57","ENSG00000229152.2",-0.580248714645514,6.13497813866329e-07,0.193480147492461,0.071,1.1," (0.939-1.23)",1.08,0.298,"ANKRD10-IT1"
"58","ENSG00000229167.1",1.73903402290895,8.9704028786202e-22,0.424489752422263,0.025,1," (0.904-1.16)",0.15,0.701,"RP11-73M7.1"
"59","ENSG00000229180.5",-1.54749092275241,1.24491089907634e-45,0.131430077983175,0.24,1.3," (0.993-1.62)",3.62,0.057,"GS1-124K5.11"
"60","ENSG00000229334.1",0.729592584374505,5.86488678982098e-12,0.605388798806505,-0.096,0.91," (0.674-1.22)",0.4,0.528,"AC046143.3"
"61","ENSG00000229719.3",1.97998057851679,2.31868769126125e-12,0.768112440601542,0.066,1.1," (0.881-1.3)",0.45,0.5,"AP001187.9"
"62","ENSG00000229891.1",1.03640483147317,7.52566794718748e-20,0.593273786357916,-0.086,0.92," (0.778-1.08)",1.03,0.311,"LINC01315"
"63","ENSG00000229931.1",-0.380062399254903,0.00112990670215533,0.14261252443759,0.069,1.1," (0.912-1.26)",0.7,0.402,"RP1-151F17.1"
"64","ENSG00000229953.1",4.88016600365385,3.05814510819494e-66,0.35169787114869,0.0092,1," (0.829-1.23)",0.01,0.927,"RP11-284F21.7"
"65","ENSG00000230082.1",1.1295791665767,1.22658382203695e-22,0.778463774192606,0.015,1," (0.846-1.22)",0.03,0.872,"PRRT3-AS1"
"66","ENSG00000230163.1",-0.674967013004384,1.38500124091705e-14,0.381317726912419,0.32,1.4," (0.979-1.92)",3.36,0.0666,"RP5-997D16.2"
"67","ENSG00000230177.1",-0.190585964538367,0.0930953894343186,0.374681953841858,0.11,1.1," (0.912-1.38)",1.17,0.279,"RP5-1112D6.4"
"68","ENSG00000230551.4",-1.13382677313342,3.2872025872756e-24,0.746855605639407,0.063,1.1," (0.845-1.34)",0.28,0.594,"CTB-89H12.4"
"69","ENSG00000230733.2",0.607198240849248,1.40222029829168e-12,0.736877520877378,0.23,1.3," (0.955-1.65)",2.65,0.104,"AC092171.4"
"70","ENSG00000230844.2",-0.341181646978331,0.000138997213879933,0.17111468738585,0.23,1.3," (0.961-1.65)",2.81,0.0939,"ZNF674-AS1"
"71","ENSG00000230896.1",0.139136319323648,0.0988185369114918,0.562736920459702,-0.069,0.93," (0.678-1.28)",0.18,0.671,"RP11-767N6.7"
"72","ENSG00000231025.1",0.411507632594766,2.07520163008303e-06,0.575021017247842,0.19,1.2," (0.861-1.7)",1.2,0.274,"RP11-175O19.4"
"73","ENSG00000231663.1",-0.719251098962012,3.79574353533485e-12,0.800188005631549,0.065,1.1," (0.87-1.31)",0.39,0.53,"RP5-827C21.4"
"74","ENSG00000232093.1",1.23429852312674,1.65530752162476e-16,0.50673219224011,0.11,1.1," (0.9-1.39)",1.02,0.312,"RP11-307C12.11"
"75","ENSG00000232098.3",-0.0820095707284989,0.394279964980024,0.77576005140549,0.08,1.1," (0.799-1.47)",0.26,0.608,"CTD-2619J13.14"
"76","ENSG00000232442.1",-0.156520032758693,0.173401196220144,0.029076713467141,0.18,1.2," (0.978-1.48)",3.05,0.0806,"CTD-3184A7.4"
"77","ENSG00000232445.1",4.88205874000737,3.40477920984817e-81,0.534779523187211,-0.047,0.95," (0.856-1.06)",0.73,0.394,"RP11-132A1.4"
"78","ENSG00000232533.1",0.262047122495327,0.0238588303272407,0.0961090827031287,0.23,1.3," (0.961-1.65)",2.78,0.0953,"AC093673.5"
"79","ENSG00000232803.1",3.33003107641782,3.05280031865352e-81,0.26060760795989,0.074,1.1," (0.971-1.2)",1.96,0.162,"SLCO4A1-AS1"
"80","ENSG00000233223.2",-0.734337324998846,7.94232115896868e-12,0.213437134784824,0.42,1.5," (1.2-1.91)",12.2,0.00048,"AC113189.5"
"81","ENSG00000233483.2",2.35366018366681,2.54565985459367e-24,0.658656528452664,-0.017,0.98," (0.833-1.16)",0.04,0.843,"CTD-2020K17.4"
"82","ENSG00000233621.1",0.778609160824167,1.3205578640156e-16,0.430800380488671,-0.07,0.93," (0.699-1.24)",0.23,0.633,"LINC01137"
"83","ENSG00000234072.1",0.0561152639606077,0.574206198931385,0.0975299033224662,0.23,1.3," (0.954-1.66)",2.65,0.104,"AC074117.10"
"84","ENSG00000234155.1",3.89200975563056,1.95711583473336e-42,0.27976120511457,-0.086,0.92," (0.794-1.06)",1.34,0.246,"RP11-30P6.6"
"85","ENSG00000234160.1",0.54020816486113,0.000287780121418579,0.552843770489645,0.11,1.1," (0.863-1.44)",0.7,0.404,"RP11-613M10.6"
"86","ENSG00000234171.2",0.743211581659024,8.60313321695906e-16,0.558445949856005,0.078,1.1," (0.798-1.46)",0.25,0.616,"RNASEH1-AS1"
"87","ENSG00000234678.1",2.77298780160126,5.2469064936194e-67,0.172201494160439,0.17,1.2," (0.897-1.58)",1.46,0.227,"RP11-465N4.4"
"88","ENSG00000234771.3",-0.123612025318034,0.315859432679176,0.01027297141836,0.22,1.2," (0.978-1.58)",3.16,0.0755,"SLC25A25-AS1"
"89","ENSG00000235245.1",-1.7180245991693,1.19737011657532e-42,0.227887356316722,0.24,1.3," (1.05-1.55)",5.99,0.0144,"RP11-122K13.12"
"90","ENSG00000235280.2",3.42444641430983,5.18820075210548e-47,0.143660468316528,0.16,1.2," (0.969-1.41)",2.67,0.102,"MCF2L-AS1"
"91","ENSG00000235499.1",2.75083919186602,6.13367395192573e-27,0.367481995016538,0.026,1," (0.929-1.13)",0.26,0.61,"AC073046.25"
"92","ENSG00000235576.1",1.2234503735491,0.000199779046807665,0.193164531760535,-0.055,0.95," (0.87-1.03)",1.59,0.208,"AC092580.4"
"93","ENSG00000235823.1",0.0781559612847522,0.463574885576462,0.217672515630079,0.23,1.3," (0.952-1.66)",2.6,0.107,"OLMALINC"
"94","ENSG00000235919.4",0.0661371349783558,0.463589835257445,0.280284417503277,0.26,1.3," (0.965-1.73)",2.97,0.0849,"ASH1L-AS1"
"95","ENSG00000236081.1",8.44563465160793,2.09741215563742e-143,0.0121673019647464,0.16,1.2," (1.01-1.35)",4.65,0.0311,"ELFN1-AS1"
"96","ENSG00000236618.2",0.494685370781817,4.57573452120986e-07,0.194931387326252,0.18,1.2," (0.942-1.52)",2.17,0.141,"PITPNA-AS1"
"97","ENSG00000236850.4",-0.375276904701486,1.20108488360975e-05,0.573057954131596,0.13,1.1," (0.858-1.52)",0.82,0.365,"BMS1P20"
"98","ENSG00000236935.1",3.87998737489949,2.59767148216378e-28,0.52048551248159,-0.025,0.97," (0.914-1.04)",0.59,0.441,"AP003774.1"
"99","ENSG00000237310.1",0.515226429267197,4.00582893896488e-07,0.145575508869455,0.23,1.3," (1.01-1.56)",4.28,0.0386,"GS1-124K5.4"
"100","ENSG00000237361.2",4.98370988416765,1.08386333330253e-45,0.986204125594565,-0.03,0.97," (0.912-1.03)",0.95,0.331,"TUSC8"
"101","ENSG00000237424.1",1.47866679517821,4.40269540646004e-21,0.452264390035039,0.099,1.1," (0.887-1.37)",0.78,0.377,"FOXD2-AS1"
"102","ENSG00000237476.1",0.138647418245724,0.308879797517533,0.778082909044306,0.045,1," (0.838-1.31)",0.16,0.689,"XXbac-B135H6.15"
"103","ENSG00000237523.1",1.02131480861969,2.69859426980185e-25,0.341966658491713,0.12,1.1," (0.9-1.42)",1.1,0.295,"LINC00857"
"104","ENSG00000237883.1",0.935277323659641,7.9793298716135e-15,0.470383345915476,0.044,1," (0.862-1.27)",0.2,0.655,"DGUOK-AS1"
"105","ENSG00000238142.1",-0.49816262760301,0.00022836225834812,0.846402461796776,0.012,1," (0.902-1.14)",0.04,0.839,"RP11-108M9.4"
"106","ENSG00000238279.1",0.494888703495333,1.54486176663819e-05,0.232528005519462,0.18,1.2," (1.02-1.42)",4.68,0.0306,"BX470102.3"
"107","ENSG00000239569.3",-0.685921750997017,3.66987529865645e-12,0.0785296920103618,0.37,1.4," (1.12-1.86)",8.17,0.00427,"KMT2E-AS1"
"108","ENSG00000239911.2",-1.39168617910258,8.19131267738196e-25,0.716903834413966,0.073,1.1," (0.953-1.21)",1.4,0.237,"PRKAG2-AS1"
"109","ENSG00000240731.1",-1.62157525800402,1.59230491670178e-41,0.0222186530900013,0.19,1.2," (0.955-1.52)",2.47,0.116,"RP5-890O3.9"
"110","ENSG00000241388.4",4.18828512769101,6.54008737821439e-34,0.701771301916591,-0.00061,1," (0.822-1.21)",0,0.995,"HNF1A-AS1"
"111","ENSG00000241764.3",0.578042578163318,9.38197100069157e-10,0.32858441330944,0.28,1.3," (0.955-1.84)",2.83,0.0925,"AC002467.7"
"112","ENSG00000242125.3",0.309100866296893,0.00561278079284275,0.97046620904007,-0.046,0.96," (0.736-1.24)",0.12,0.731,"SNHG3"
"113","ENSG00000242207.1",4.77974798062013,2.64678047886694e-40,0.223086380865148,-0.0046,1," (0.895-1.11)",0.01,0.932,"HOXB-AS4"
"114","ENSG00000242516.1",0.642146143605623,0.000738123175089932,0.228007751851759,-0.0049,1," (0.922-1.07)",0.02,0.9,"LINC00960"
"115","ENSG00000242588.5",-0.782095973383958,8.52484282934426e-12,0.46820861037164,0.069,1.1," (0.953-1.2)",1.34,0.247,"RP11-274B21.14"
"116","ENSG00000242861.1",-0.414414379233048,0.000313550305819164,0.266987193349802,0.14,1.1," (0.935-1.41)",1.73,0.188,"RP11-285F7.2"
"117","ENSG00000243479.3",6.59542283697225,6.5661736714395e-91,0.591950164177042,0.15,1.2," (0.928-1.45)",1.7,0.192,"MNX1-AS1"
"118","ENSG00000244459.2",0.0419526707973852,0.720130918254394,0.377171438792048,0.14,1.2," (0.999-1.33)",3.81,0.0509,"RP11-1398P2.1"
"119","ENSG00000244567.1",-0.954375506859203,6.75897656482175e-24,0.158781065203524,0.13,1.1," (0.885-1.45)",0.98,0.321,"AC096772.6"
"120","ENSG00000244701.1",-1.08626874839364,2.82528834491839e-24,0.150068112488776,0.062,1.1," (0.858-1.32)",0.32,0.574,"RP5-894A10.2"
"121","ENSG00000245532.5",-2.1854403539479,1.61132644140941e-38,0.210932914471634,0.062,1.1," (0.895-1.26)",0.49,0.483,"NEAT1"
"122","ENSG00000245556.2",0.0611086676278392,0.509659027126469,0.127700199417341,0.14,1.2," (0.85-1.57)",0.85,0.356,"SCAMP1-AS1"
"123","ENSG00000245970.2",-0.54912637718272,8.88625127764667e-08,0.0923619182040352,0.073,1.1," (0.849-1.36)",0.36,0.546,"KB-1208A12.3"
"124","ENSG00000246089.3",0.832838231267354,8.2404704430863e-20,0.681535926980007,-0.071,0.93," (0.692-1.25)",0.22,0.642,"RP11-115C21.2"
"125","ENSG00000246263.2",0.00578117990352012,0.952440190084902,0.561841604409312,-0.028,0.97," (0.778-1.21)",0.06,0.804,"KB-431C1.4"
"126","ENSG00000246451.2",-1.73910403562318,1.46275604881594e-41,0.6904240128705,0.12,1.1," (0.929-1.38)",1.51,0.22,"RP11-894P9.1"
"127","ENSG00000246582.2",2.86264628481792,5.97638010358585e-68,0.354622655228231,-0.12,0.88," (0.663-1.18)",0.73,0.394,"RP11-1149O23.3"
"128","ENSG00000247095.2",0.12882964987187,0.352347567670692,0.00546356744093338,0.34,1.4," (1.17-1.69)",13.2,0.000273,"MIR210HG"
"129","ENSG00000247400.3",0.677870507178687,1.52592803716238e-13,0.301505380037627,0.027,1," (0.839-1.26)",0.07,0.794,"DNAJC3-AS1"
"130","ENSG00000247516.4",-0.958671553627345,3.2170876280498e-14,0.552731729349647,-0.079,0.92," (0.824-1.04)",1.84,0.175,"MIR4458HG"
"131","ENSG00000247679.2",-0.78125105130225,6.85569467924721e-17,0.852986880390819,0.1,1.1," (0.881-1.39)",0.76,0.384,"RP11-1277A3.1"
"132","ENSG00000247844.1",8.34765892754176,3.48676458104341e-169,0.912426215568457,0.011,1," (0.866-1.18)",0.02,0.887,"CCAT1"
"133","ENSG00000247903.1",0.350129986078928,0.000129318886501459,0.391440452382095,0.048,1," (0.862-1.28)",0.23,0.631,"RP11-421F16.3"
"134","ENSG00000248008.2",1.15781337514144,8.9791704110701e-42,0.643146124646281,-0.19,0.82," (0.514-1.32)",0.65,0.419,"DYNLL1-AS1"
"135","ENSG00000248275.1",-0.833970423316432,1.15343622796649e-15,0.912778083768982,0.036,1," (0.732-1.47)",0.04,0.839,"TRIM52-AS1"
"136","ENSG00000248866.1",-0.0859426815124795,0.313314713418419,0.77003864049658,-0.052,0.95," (0.774-1.16)",0.25,0.618,"USP46-AS1"
"137","ENSG00000249007.1",2.68615472119846,2.13938638561674e-16,0.512144001942821,0.052,1.1," (0.905-1.23)",0.45,0.503,"RP11-510N19.5"
"138","ENSG00000249395.2",5.04669729115268,9.45106705663543e-53,0.34416666683594,0.1,1.1," (1-1.22)",4.09,0.043,"CASC9"
"139","ENSG00000250222.1",-0.186877805400548,0.183146572591801,0.480663163560694,-0.11,0.9," (0.775-1.05)",1.91,0.167,"CTC-338M12.5"
"140","ENSG00000250786.1",0.62389804859757,4.13765501638296e-07,0.534258752720261,-0.065,0.94," (0.819-1.07)",0.88,0.349,"SNHG18"
"141","ENSG00000251169.2",3.74185836390857,5.39961227382799e-37,0.884942409272239,-0.083,0.92," (0.764-1.11)",0.76,0.385,"AC005355.2"
"142","ENSG00000251580.1",-0.317105202857991,0.00627163247228317,0.67324455972518,-0.059,0.94," (0.834-1.07)",0.89,0.346,"RP11-539L10.3"
"143","ENSG00000253187.2",0.00700927477504232,0.965867805002359,0.256940444096583,-0.049,0.95," (0.863-1.05)",0.94,0.332,"HOXA10-AS"
"144","ENSG00000253210.1",-0.0446920700523856,0.665103087810677,0.842574387113045,-0.062,0.94," (0.81-1.09)",0.66,0.418,"RP11-809O17.1"
"145","ENSG00000253414.2",5.41709129802907,6.43354541560373e-85,0.221306936180743,-0.1,0.9," (0.812-1)",3.86,0.0496,"RP11-150O12.6"
"146","ENSG00000253508.1",-0.729231296357749,0.000300454264117158,0.150612122204256,-0.055,0.95," (0.878-1.02)",2.06,0.152,"RP1-170O19.14"
"147","ENSG00000253738.1",0.47236397488138,2.66362898100717e-07,0.680409355650838,-0.054,0.95," (0.727-1.23)",0.16,0.688,"OTUD6B-AS1"
"148","ENSG00000253930.1",2.54600443783418,4.27893980793243e-58,0.0054776100728784,-0.083,0.92," (0.818-1.04)",1.91,0.167,"RP11-1149O23.2"
"149","ENSG00000253948.1",-1.10360359533651,1.28078911796372e-18,0.353408765707881,0.036,1," (0.898-1.2)",0.24,0.621,"RP11-410L14.2"
"150","ENSG00000253982.1",-0.50812213047928,7.76841217588695e-07,0.123389227577072,-0.23,0.8," (0.579-1.1)",1.9,0.168,"CTD-2336O2.1"
"151","ENSG00000254290.1",4.95686377422209,1.85298475058119e-85,0.318919864316376,-0.077,0.93," (0.82-1.05)",1.55,0.214,"RP11-150O12.3"
"152","ENSG00000254343.2",-0.799322655489416,1.10614634073259e-11,0.74775312635646,0.0029,1," (0.856-1.17)",0,0.971,"RP11-760H22.2"
"153","ENSG00000254531.1",0.0419250178762693,0.68351544179169,0.352251788051868,0.086,1.1," (0.868-1.37)",0.55,0.46,"FLJ20021"
"154","ENSG00000254614.2",0.827164723809154,4.52754437516617e-13,0.918234853105372,0.059,1.1," (0.863-1.3)",0.31,0.576,"AP003068.23"
"155","ENSG00000254682.1",0.608453287247416,5.2906525929508e-08,0.378961425238793,-0.12,0.89," (0.742-1.06)",1.76,0.185,"RP11-660L16.2"
"156","ENSG00000254837.2",0.770074011477873,1.4971236615012e-18,0.621004663860187,-0.17,0.84," (0.648-1.1)",1.59,0.208,"AP001372.2"
"157","ENSG00000254910.1",-1.63086468679531,2.83380230815819e-20,0.211662116305799,0.13,1.1," (0.996-1.31)",3.61,0.0574,"RP11-326C3.7"
"158","ENSG00000254911.3",-0.934768510984999,1.71813303912003e-08,0.934397618022373,-0.016,0.98," (0.88-1.1)",0.08,0.784,"SCARNA9"
"159","ENSG00000255026.1",1.0586157133165,8.33325382416397e-08,0.252899854032287,0.063,1.1," (0.969-1.17)",1.69,0.194,"RP11-326C3.2"
"160","ENSG00000255135.3",0.31608657892121,0.00191587898755125,0.051800915667499,0.19,1.2," (0.924-1.57)",1.9,0.168,"RP11-111M22.3"
"161","ENSG00000255153.1",-1.00587856737957,1.0322203067716e-23,0.342442553931201,0.14,1.1," (0.899-1.47)",1.22,0.269,"TOLLIP-AS1"
"162","ENSG00000255198.4",-0.244659805571117,0.0291475501693392,0.178500527049725,0.051,1.1," (0.873-1.27)",0.28,0.594,"SNHG9"
"163","ENSG00000255224.1",0.395814360127492,6.47259157450536e-06,0.412992321848098,0.022,1," (0.79-1.32)",0.03,0.869,"CTD-3065J16.9"
"164","ENSG00000255284.1",-1.1133883869016,1.12146067962574e-21,0.124072548209648,0.45,1.6," (1.23-2.02)",13,0.00032,"AP006621.5"
"165","ENSG00000255455.2",-1.61907134188625,1.11809122294841e-53,0.39971139183315,0.026,1," (0.816-1.29)",0.05,0.825,"RP11-890B15.3"
"166","ENSG00000255474.1",2.39477751496641,3.76947654968557e-25,0.870939494455912,4.5e-06,1," (0.888-1.13)",0,1,"RP11-234B24.2"
"167","ENSG00000255737.2",1.04737716675761,1.55891378436463e-25,0.169744996728992,0.12,1.1," (0.912-1.4)",1.25,0.263,"AGAP2-AS1"
"168","ENSG00000255774.1",4.4774346002057,1.46859250408457e-32,0.470813360604503,-0.036,0.96," (0.857-1.09)",0.36,0.549,"AP000439.3"
"169","ENSG00000256073.3",0.0327530405206744,0.735012262077221,0.96928137557725,0.2,1.2," (0.925-1.62)",1.99,0.158,"URB1-AS1"
"170","ENSG00000256262.1",1.83669484692287,4.38660339426733e-18,0.697908932393783,-0.13,0.88," (0.762-1.02)",2.98,0.0844,"USP30-AS1"
"171","ENSG00000256546.1",-0.94815131302112,2.05267875594313e-09,0.0907374769765814,0.18,1.2," (1.05-1.36)",7.53,0.00607,"AC156455.1"
"172","ENSG00000256643.1",2.56273818432734,7.34106639970802e-10,0.389023314833369,0.0026,1," (0.945-1.06)",0.01,0.932,"RP11-349K16.1"
"173","ENSG00000256806.3",0.734374843860693,2.97455142666586e-17,0.564889782997397,0.14,1.1," (0.878-1.5)",1.01,0.316,"C17orf100"
"174","ENSG00000256940.1",4.23123844177462,4.0259440730174e-56,0.206922646437509,0.088,1.1," (0.897-1.33)",0.77,0.38,"RP11-783K16.5"
"175","ENSG00000257084.1",4.94608277428171,6.91788875342003e-40,0.948935553245756,0.18,1.2," (0.958-1.49)",2.51,0.113,"U47924.27"
"176","ENSG00000257086.1",-0.114739524236906,0.241537636610209,0.625538437391522,0.25,1.3," (0.993-1.66)",3.62,0.057,"RP11-783K16.13"
"177","ENSG00000257270.1",0.167417113563125,0.593323662024289,0.470899683431582,0.13,1.1," (0.987-1.31)",3.17,0.0751,"RP11-521B24.5"
"178","ENSG00000257303.1",-0.811936423825413,1.42020702835669e-13,0.403239275935757,-0.099,0.91," (0.769-1.07)",1.4,0.237,"RP11-977G19.11"
"179","ENSG00000257556.1",0.653101788832431,5.76480912238426e-09,0.56288359747424,0.0084,1," (0.861-1.18)",0.01,0.917,"RP11-44N21.1"
"180","ENSG00000257702.3",1.07210873691771,1.82524177016105e-24,0.00374181906859449,0.39,1.5," (1.08-2.02)",5.84,0.0157,"LBX2-AS1"
"181","ENSG00000258056.2",-0.327297485398706,0.000742963782052766,0.0371622015654026,0.49,1.6," (1.15-2.34)",7.45,0.00634,"RP11-644F5.11"
"182","ENSG00000258122.1",3.10767350988093,2.26665163250304e-21,0.019388213678116,0.03,1," (0.938-1.13)",0.4,0.53,"RP11-61A14.1"
"183","ENSG00000258199.1",-0.56892155403509,1.28862831956512e-07,0.692036979804486,0.18,1.2," (0.906-1.57)",1.59,0.207,"RP11-977G19.5"
"184","ENSG00000258297.1",-1.3144250373633,7.44917087989953e-31,0.659628654937108,0.058,1.1," (0.826-1.36)",0.21,0.65,"RP11-658F2.8"
"185","ENSG00000258424.1",-3.33473489517329,1.17773528190329e-46,0.929773349973924,0.023,1," (0.945-1.11)",0.33,0.568,"RP11-471B22.2"
"186","ENSG00000258474.1",5.23746081148617,6.10524213071097e-58,0.262726881874689,-0.061,0.94," (0.818-1.08)",0.73,0.392,"RP11-187E13.1"
"187","ENSG00000258634.3",-0.629699518200016,1.73465747146442e-12,0.346848123139703,0.17,1.2," (0.897-1.57)",1.44,0.23,"RP4-773N10.4"
"188","ENSG00000258655.2",0.0893678083605414,0.309796178330073,0.336669900328179,0.1,1.1," (0.872-1.41)",0.7,0.402,"ARHGAP5-AS1"
"189","ENSG00000258837.1",0.927388603410276,0.00141495283628403,0.303282867354079,0.034,1," (0.967-1.11)",0.95,0.33,"CTD-2566J3.1"
"190","ENSG00000258920.1",-0.139824915903735,0.123827967948706,0.675261087033796,0.13,1.1," (0.888-1.47)",1.08,0.3,"FOXN3-AS1"
"191","ENSG00000259065.1",-1.02949131658669,4.07555691881316e-16,0.00719223212476694,0.24,1.3," (1.07-1.52)",7.35,0.0067,"RP5-1021I20.1"
"192","ENSG00000259153.1",4.24590912321318,3.46991852834766e-57,0.793465656890013,0.083,1.1," (0.887-1.33)",0.64,0.423,"RP6-65G23.3"
"193","ENSG00000259250.1",-0.202571107566708,0.0324789615667361,0.0909179511958312,0.12,1.1," (0.932-1.38)",1.56,0.211,"RP11-50C13.1"
"194","ENSG00000259291.2",-1.43203155048965,4.32035865565185e-32,0.665550808032581,0.018,1," (0.811-1.28)",0.02,0.875,"RP11-617F23.1"
"195","ENSG00000259330.1",-1.85515898006643,5.43026551459789e-44,0.17561298634891,0.13,1.1," (0.877-1.49)",0.98,0.321,"INAFM2"
"196","ENSG00000259342.1",2.00879491000857,1.79504516376796e-09,0.476390506189619,-0.012,0.99," (0.901-1.08)",0.06,0.808,"RP11-519G16.5"
"197","ENSG00000259366.1",-0.783495461257511,4.07703711875603e-14,0.429919997993219,-0.0065,0.99," (0.866-1.14)",0.01,0.926,"CTD-2647L4.4"
"198","ENSG00000259456.3",-0.0348902583079417,0.723241825021001,0.0986435672939741,0.11,1.1," (0.906-1.39)",1.11,0.291,"ADNP-AS1"
"199","ENSG00000259623.1",0.47794680345506,1.30688428719003e-08,0.502896896268119,-0.14,0.87," (0.664-1.14)",1.06,0.304,"RP11-156E6.1"
"200","ENSG00000259704.1",3.58405588139347,3.60044479214717e-31,0.339082138032839,-0.079,0.92," (0.838-1.02)",2.45,0.117,"CTD-3094K11.1"
"201","ENSG00000259865.1",-0.427709557553945,8.49841612384059e-05,0.444124656412204,0.039,1," (0.909-1.19)",0.32,0.573,"RP11-488L18.10"
"202","ENSG00000259877.2",-0.912455979592096,3.59258062550756e-21,0.977605396114617,-0.1,0.9," (0.726-1.12)",0.88,0.348,"RP11-46C24.7"
"203","ENSG00000259943.1",-0.44651270137199,2.38364706519311e-06,0.808269108494365,0.052,1.1," (0.808-1.37)",0.15,0.702,"RP1-39G22.7"
"204","ENSG00000259953.1",1.41935515468312,7.93072255133893e-35,0.107613478294666,0.26,1.3," (0.982-1.73)",3.36,0.0669,"RP11-4O1.2"
"205","ENSG00000259972.2",-1.25541149986873,1.29985913643376e-26,0.61954278216385,0.17,1.2," (0.957-1.48)",2.45,0.118,"AC009120.6"
"206","ENSG00000259974.2",3.04529047103089,2.03158543580678e-25,0.0353610723693744,-0.11,0.9," (0.822-0.985)",5.24,0.0221,"LINC00261"
"207","ENSG00000259976.1",-1.67433909517685,2.23268600802547e-40,0.135703583153235,0.11,1.1," (0.911-1.37)",1.13,0.289,"RP11-553L6.5"
"208","ENSG00000260018.1",-0.0172927472280199,0.878785103189491,0.766577874441473,0.043,1," (0.88-1.24)",0.24,0.623,"RP11-505K9.1"
"209","ENSG00000260025.1",-1.87384748229207,5.0657330146149e-57,0.866506805498604,-0.0064,0.99," (0.834-1.18)",0.01,0.943,"RP11-490M8.1"
"210","ENSG00000260032.1",1.12374795849665,1.72626882561606e-24,0.87328824240569,-0.081,0.92," (0.689-1.23)",0.3,0.583,"LINC00657"
"211","ENSG00000260114.2",0.0788111865727594,0.395319842576974,0.591256958543371,0.14,1.1," (0.88-1.49)",1.03,0.31,"CTD-2574D22.4"
"212","ENSG00000260121.1",-1.91476734540843,3.36584629389917e-48,0.743358266804903,0.15,1.2," (0.947-1.43)",2.08,0.149,"RP5-1142A6.9"
"213","ENSG00000260196.1",1.52786461279825,2.76405848345966e-40,0.884755427882234,0.098,1.1," (0.879-1.38)",0.72,0.398,"RP1-239B22.5"
"214","ENSG00000260219.2",1.33951166544853,3.67282334006069e-37,0.282145420431615,0.15,1.2," (0.896-1.52)",1.3,0.255,"RP11-347C12.10"
"215","ENSG00000260231.1",1.68194742349159,8.56354049709083e-39,0.860894357101069,-0.032,0.97," (0.755-1.24)",0.06,0.799,"JHDM1D-AS1"
"216","ENSG00000260244.1",-1.82428403143373,1.49156283680133e-28,0.86128720504412,-0.01,0.99," (0.872-1.12)",0.03,0.873,"RP11-588K22.2"
"217","ENSG00000260257.2",-0.672257199034927,4.29597206709964e-10,0.294050727482559,0.12,1.1," (0.899-1.41)",1.07,0.302,"RP5-1085F17.3"
"218","ENSG00000260260.1",-0.3586969337836,0.0032458824440944,0.525390133619776,-0.0075,0.99," (0.801-1.23)",0,0.945,"SNHG19"
"219","ENSG00000260265.1",4.71809674494628,8.54039322199728e-46,0.508092801840416,-0.009,0.99," (0.846-1.16)",0.01,0.911,"RP11-44F21.5"
"220","ENSG00000260267.1",0.449937809639889,3.85390342762895e-08,0.314615495743376,0.26,1.3," (0.944-1.79)",2.59,0.108,"RP11-452L6.5"
"221","ENSG00000260401.1",1.40811956688362,4.44962715042593e-17,0.890658592581376,0.024,1," (0.843-1.24)",0.06,0.809,"RP11-800A3.4"
"222","ENSG00000260418.1",2.0297429747455,4.54899308604231e-25,0.183142248697558,0.0016,1," (0.823-1.22)",0,0.988,"RP3-406A7.7"
"223","ENSG00000260552.1",0.869721233361769,3.33705568330797e-12,0.0691561796247221,0.11,1.1," (0.932-1.33)",1.38,0.239,"RP11-49I11.1"
"224","ENSG00000260563.3",-1.51676779195023,3.40273805827984e-37,0.117265391589052,0.33,1.4," (1.09-1.76)",7.3,0.00688,"RP13-516M14.1"
"225","ENSG00000260704.1",3.9295261201937,3.69410923241356e-38,0.23584715121471,0.1,1.1," (0.91-1.34)",1.02,0.313,"LINC00543"
"226","ENSG00000260708.1",-0.134015522512641,0.202783967394037,0.861976749466631,0.13,1.1," (0.887-1.46)",1.03,0.31,"CTA-29F11.1"
"227","ENSG00000260766.1",0.0969334471407162,0.268711929862075,0.46135629263021,0.014,1," (0.774-1.33)",0.01,0.921,"RP11-226L15.5"
"228","ENSG00000260804.3",-0.303262711664539,0.000783104355924608,0.783186432139237,-0.16,0.85," (0.675-1.08)",1.79,0.181,"PKI55"
"229","ENSG00000260822.1",-0.332939446317917,0.00130370804997031,0.0982088922341992,-0.14,0.87," (0.67-1.13)",1.09,0.296,"GS1-358P8.4"
"230","ENSG00000260853.1",-0.254404606896675,0.0387467443362301,0.174385960559264,0.11,1.1," (0.927-1.33)",1.31,0.252,"RP11-264B17.2"
"231","ENSG00000260912.1",0.29125851749485,0.00399997412061765,0.356970490220521,0.095,1.1," (0.907-1.33)",0.94,0.332,"RP11-363E7.4"
"232","ENSG00000260917.1",-1.08224731985039,1.48742598292391e-30,0.366941787369107,0.0074,1," (0.788-1.29)",0,0.953,"RP11-57H14.4"
"233","ENSG00000261061.1",2.37653711700796,5.17693747529238e-107,0.713500707719799,-0.016,0.98," (0.736-1.32)",0.01,0.916,"RP11-303E16.2"
"234","ENSG00000261087.1",-1.32383876479556,1.57219135442859e-29,0.17789236828275,0.11,1.1," (0.901-1.38)",1.02,0.313,"KB-1460A1.5"
"235","ENSG00000261116.1",4.24486455548224,2.46832562924584e-45,0.666435364180746,0.075,1.1," (0.847-1.37)",0.37,0.544,"RP3-523K23.2"
"236","ENSG00000261123.1",1.89073130494334,1.91371745666555e-63,0.675593712974916,-0.051,0.95," (0.741-1.22)",0.16,0.691,"RP11-304L19.3"
"237","ENSG00000261188.1",0.286378792772627,0.000941181306182239,0.873551076978923,-0.029,0.97," (0.763-1.24)",0.05,0.816,"CTA-445C9.14"
"238","ENSG00000261295.1",-0.198712449229563,0.204136659394966,0.514111913545359,-0.013,0.99," (0.892-1.09)",0.06,0.805,"RP11-524D16__A.3"
"239","ENSG00000261353.1",-0.849632481299232,2.04815232616273e-08,0.40851675308031,-0.025,0.97," (0.888-1.07)",0.29,0.593,"CTA-14H9.5"
"240","ENSG00000261373.1",3.29736658181686,2.56283100835428e-108,0.169614496472592,0.14,1.2," (0.943-1.4)",1.92,0.166,"VPS9D1-AS1"
"241","ENSG00000261437.1",4.24422161781,1.57115368779909e-44,0.908738422242073,0.065,1.1," (0.862-1.32)",0.36,0.55,"RP11-22C11.2"
"242","ENSG00000261455.1",0.260050843789387,0.00597687857381531,0.146546308842994,0.21,1.2," (0.975-1.56)",3.05,0.0807,"LINC01003"
"243","ENSG00000261512.2",0.904594603024546,3.88646426241554e-15,0.583116795714727,0.099,1.1," (0.91-1.34)",1.01,0.315,"RP11-46D6.1"
"244","ENSG00000261526.2",-0.665562621825576,4.14737536397709e-11,0.293002653532288,0.12,1.1," (0.88-1.44)",0.88,0.349,"CTB-31O20.2"
"245","ENSG00000261572.1",2.20370101598127,1.66019164045925e-67,0.51181908148742,0.0012,1," (0.756-1.33)",0,0.993,"RP11-384L8.1"
"246","ENSG00000261643.1",-0.53332346372538,3.87662761891331e-09,0.472276066866093,0.12,1.1," (0.905-1.39)",1.11,0.293,"RP11-529E10.6"
"247","ENSG00000261685.2",-0.480690988977547,0.0026937625487742,0.74653744454378,0.024,1," (0.925-1.13)",0.21,0.648,"RP11-401P9.4"
"248","ENSG00000261716.1",-0.623024823824665,8.00564726055784e-10,0.237337328405968,0.32,1.4," (1.08-1.74)",6.71,0.00956,"RP11-196G18.22"
"249","ENSG00000261799.1",-0.362952003459721,2.09128392782417e-05,0.316757015468341,-0.11,0.9," (0.693-1.17)",0.65,0.42,"RP11-283I3.6"
"250","ENSG00000261804.1",5.57045227761277,1.47229578052256e-64,0.502351355832731,-0.031,0.97," (0.891-1.06)",0.5,0.479,"RP11-44F14.2"
"251","ENSG00000262001.1",1.27649889537951,2.36882509035277e-34,0.461145220364788,-0.07,0.93," (0.757-1.15)",0.43,0.51,"DLGAP1-AS2"
"252","ENSG00000262049.1",-0.964774139795199,3.21644636891102e-23,0.339552748516886,0.22,1.2," (0.941-1.66)",2.36,0.125,"RP13-1032I1.7"
"253","ENSG00000262050.1",-0.732795494498516,1.8138769586182e-08,0.0436443306871206,0.077,1.1," (0.926-1.26)",0.96,0.328,"RP11-74E22.3"
"254","ENSG00000262089.1",-1.54043896866827,3.40094299960221e-31,0.00162299816797766,0.15,1.2," (0.917-1.46)",1.51,0.22,"RP11-589P10.5"
"255","ENSG00000262251.1",0.243790410184181,0.0220147155249456,0.018312174043599,0.34,1.4," (1.11-1.79)",7.74,0.00541,"RP11-199F11.2"
"256","ENSG00000262823.1",3.36549203717851,2.52023975045528e-33,0.571171828269379,-0.05,0.95," (0.801-1.13)",0.33,0.568,"RP13-580F15.2"
"257","ENSG00000263004.1",-0.0488572251712833,0.647343398641279,0.217029414595404,-0.031,0.97," (0.787-1.19)",0.09,0.77,"RP11-166P13.3"
"258","ENSG00000263272.1",-1.32441907930801,5.07744714679621e-31,0.0015529671540488,0.27,1.3," (1.04-1.64)",5.09,0.0241,"CTC-524C5.2"
"259","ENSG00000263335.1",-0.775252873010713,1.63864173427346e-12,0.930206868843935,-0.038,0.96," (0.814-1.14)",0.2,0.657,"AF001548.5"
"260","ENSG00000263429.3",2.60317613544242,2.09936071502714e-18,0.670908268585609,-0.039,0.96," (0.868-1.07)",0.55,0.457,"LINC00675"
"261","ENSG00000263470.1",-0.885950998182628,3.69248064220588e-18,0.89033687167018,0.053,1.1," (0.841-1.32)",0.21,0.648,"RP11-160O5.1"
"262","ENSG00000263731.1",1.16085450106088,6.95397133569818e-36,0.463602114775455,-0.034,0.97," (0.736-1.27)",0.06,0.805,"RP11-498C9.15"
"263","ENSG00000264112.1",-1.18933489743167,2.20781818865266e-21,0.866795273516659,0.012,1," (0.855-1.2)",0.02,0.885,"RP11-159D12.2"
"264","ENSG00000264247.1",-0.262249214113982,0.0029164854633589,0.881829229494917,-0.095,0.91," (0.635-1.3)",0.27,0.602,"LINC00909"
"265","ENSG00000264575.1",-0.0468153600671816,0.711301203975997,0.900933554417221,-0.016,0.98," (0.862-1.12)",0.06,0.811,"LINC00526"
"266","ENSG00000264577.1",0.0373604007869469,0.726514982399046,0.444783144178876,0.1,1.1," (0.872-1.4)",0.69,0.406,"AC010761.8"
"267","ENSG00000265415.1",7.22959590817969,2.4883275894314e-105,0.0256413178434288,-0.18,0.84," (0.66-1.06)",2.26,0.133,"CTD-2510F5.4"
"268","ENSG00000265519.1",-2.34892947249468,4.17264973319932e-30,0.815053823501771,-0.0084,0.99," (0.909-1.08)",0.04,0.85,"CTD-3157E16.1"
"269","ENSG00000265666.1",-0.53913013705752,2.71763578915706e-10,0.345784775660406,0.17,1.2," (0.925-1.52)",1.81,0.178,"RARA-AS1"
"270","ENSG00000265688.1",2.99909065824062,3.24013139122217e-144,0.889359979228648,0.028,1," (0.803-1.32)",0.05,0.823,"MAFG-AS1"
"271","ENSG00000266010.1",0.104119982256562,0.513753937177628,0.0265961878814155,0.094,1.1," (0.913-1.32)",0.99,0.319,"GATA6-AS1"
"272","ENSG00000266036.1",2.51160340007712,6.65291481681811e-27,0.803213153737871,0.085,1.1," (0.944-1.26)",1.36,0.243,"RP11-452I5.2"
"273","ENSG00000266208.1",0.354580098826933,0.000210540396475103,0.644962564037808,0.21,1.2," (0.952-1.6)",2.52,0.112,"CTD-2267D19.3"
"274","ENSG00000266402.3",1.01809089156518,6.56430798087369e-06,0.503884786637922,-0.036,0.96," (0.877-1.06)",0.56,0.456,"RP11-329L6.2"
"275","ENSG00000266469.1",0.643861969980255,2.96821536920189e-13,0.269972059261108,0.12,1.1," (0.84-1.51)",0.63,0.428,"CTB-131K11.1"
"276","ENSG00000266490.1",-0.482820854972013,9.43518223064849e-06,0.96051811287686,0.081,1.1," (0.951-1.24)",1.48,0.224,"CTD-2349P21.9"
"277","ENSG00000266962.2",0.438673497127623,6.04306523889375e-07,0.782431458251573,0.22,1.2," (0.882-1.77)",1.57,0.21,"RP11-400F19.6"
"278","ENSG00000267002.1",-0.401114543134964,2.53531124077335e-05,0.374857383294097,0.17,1.2," (0.916-1.55)",1.7,0.193,"RP11-242D8.1"
"279","ENSG00000267049.1",0.313793775395818,0.0819662708445979,0.52876504661385,-0.0087,0.99," (0.87-1.13)",0.02,0.896,"AC002398.13"
"280","ENSG00000267082.1",-2.68244748340505,1.30121272433898e-54,0.161232395168851,0.12,1.1," (0.965-1.33)",2.3,0.129,"CTC-510F12.2"
"281","ENSG00000267100.1",-0.311709342709965,0.00166587336781726,0.744526837915966,0.24,1.3," (0.942-1.71)",2.46,0.117,"ILF3-AS1"
"282","ENSG00000267152.1",-0.572232410307759,5.9982340734276e-09,0.102259483537026,0.076,1.1," (0.897-1.3)",0.65,0.42,"CTD-2528L19.6"
"283","ENSG00000267194.1",0.40597523414657,0.00233135000462624,0.240050822233034,-0.16,0.85," (0.723-0.998)",3.93,0.0475,"RP1-193H18.2"
"284","ENSG00000267296.2",1.07655957850973,1.26557670075248e-19,0.142716160530575,-0.074,0.93," (0.743-1.16)",0.42,0.515,"CEBPA-AS1"
"285","ENSG00000267317.2",0.0140626991116073,0.88781755096206,0.00219877079210211,0.55,1.7," (1.28-2.35)",12.7,0.000363,"CTB-25B13.12"
"286","ENSG00000267321.1",0.401718473129498,2.02587161306438e-05,0.710043193299954,0.058,1.1," (0.816-1.38)",0.19,0.662,"RP11-1094M14.11"
"287","ENSG00000267344.1",0.263628686062469,0.107288627507092,0.0513383018552833,0.2,1.2," (1.01-1.49)",4.08,0.0434,"CTB-39G8.3"
"288","ENSG00000267480.1",-0.336892417288197,0.00165594028936294,0.599463806601955,-0.15,0.86," (0.745-0.998)",3.96,0.0466,"RP11-703I16.1"
"289","ENSG00000267481.1",-0.401436746338323,1.15616697311139e-05,0.815913699218562,0.0055,1," (0.844-1.2)",0,0.951,"CTC-559E9.5"
"290","ENSG00000267519.3",-0.021589687336617,0.868331160570959,0.19146210722833,0.15,1.2," (0.945-1.43)",2.01,0.156,"CTD-3252C9.4"
"291","ENSG00000267523.1",-1.39656806245094,3.44975133193551e-23,0.0440106473845373,0.18,1.2," (1.02-1.42)",4.9,0.0268,"CTD-2537I9.12"
"292","ENSG00000267896.1",-1.29872172213506,9.50013663294015e-30,0.0693392609141054,0.16,1.2," (0.984-1.39)",3.15,0.0761,"AC018766.4"
"293","ENSG00000268001.1",0.286091960489232,0.00116711150968499,0.173590199351674,-0.2,0.82," (0.649-1.03)",2.99,0.0838,"CARD8-AS1"
"294","ENSG00000268006.1",-0.32656303077624,0.000201940847311857,0.842751319516219,0.025,1," (0.664-1.58)",0.01,0.909,"PTOV1-AS1"
"295","ENSG00000268087.1",-1.59310307468776,3.47879257327549e-38,0.18919142017716,-0.054,0.95," (0.795-1.13)",0.37,0.544,"CTC-429P9.2"
"296","ENSG00000268205.1",-0.044241336849709,0.66620643470265,0.0736303665287178,0.12,1.1," (0.852-1.48)",0.68,0.411,"CTC-444N24.11"
"297","ENSG00000268471.4",-0.483594110568108,1.77469989996294e-07,0.8922811802861,0.082,1.1," (0.827-1.42)",0.35,0.553,"DKFZP434I0714"
"298","ENSG00000268516.2",0.201263913356905,0.018383717588954,0.974823207534509,-0.024,0.98," (0.73-1.31)",0.03,0.872,"CTD-3138B18.5"
"299","ENSG00000268713.1",-0.337531142078635,0.000198957518203965,0.0307717068322968,0.29,1.3," (0.991-1.78)",3.62,0.0572,"CTC-444N24.8"
"300","ENSG00000268858.2",0.740911190215819,1.10234149283357e-16,0.018946604653751,0.26,1.3," (0.985-1.72)",3.44,0.0635,"RP4-591C20.9"
"301","ENSG00000269044.2",-1.29276458018717,1.09539881486585e-37,0.463538420936023,0.092,1.1," (0.794-1.51)",0.31,0.577,"CTC-429P9.3"
"302","ENSG00000269176.2",-0.354613048508447,2.37032226599427e-05,0.752414858469448,-0.011,0.99," (0.751-1.3)",0.01,0.936,"RP11-727F15.12"
"303","ENSG00000269186.1",-2.93356691347661,9.31404056325645e-41,0.423080360808499,-0.037,0.96," (0.904-1.03)",1.31,0.252,"LINC01082"
"304","ENSG00000269293.2",-1.2710617822391,7.02843418924529e-32,0.265093681074838,0.18,1.2," (0.906-1.58)",1.59,0.207,"ZSCAN16-AS1"
"305","ENSG00000269352.1",-1.53648290516947,1.25931166124428e-32,0.130568216207594,0.21,1.2," (0.98-1.56)",3.19,0.074,"PTOV1-AS2"
"306","ENSG00000269680.1",-0.504959580942425,6.85856552174122e-06,0.0333461074761051,0.34,1.4," (1.1-1.79)",7.51,0.00614,"CTD-3128G10.6"
"307","ENSG00000269867.1",0.736746527442185,4.12700902192768e-13,0.159719360100034,0.091,1.1," (0.862-1.39)",0.55,0.456,"CTD-2583A14.8"
"308","ENSG00000269888.1",-0.326373990219723,0.038821532692159,0.251796703887596,-0.0055,0.99," (0.888-1.11)",0.01,0.924,"RP11-3P17.5"
"309","ENSG00000269899.1",1.55374177111742,4.94913614875912e-10,0.439463484866672,-0.063,0.94," (0.822-1.07)",0.86,0.355,"RP11-589N15.2"
"310","ENSG00000269910.1",-0.817217389691099,4.93051492508297e-15,0.0276530284902914,0.0067,1," (0.875-1.16)",0.01,0.925,"RP11-73M18.10"
"311","ENSG00000269936.3",-5.74575764324853,4.48639092552811e-115,0.045596281285142,0.11,1.1," (0.974-1.28)",2.5,0.114,"RP11-394O4.5"
"312","ENSG00000269940.1",-0.515297395381213,2.02374193711341e-08,0.308044470463902,0.017,1," (0.925-1.12)",0.12,0.731,"RP11-73M18.7"
"313","ENSG00000269958.1",-0.51605037871541,9.68715065859811e-08,0.958643423486592,0.034,1," (0.732-1.46)",0.04,0.847,"RP11-73M18.8"
"314","ENSG00000270010.1",0.948731994295244,1.69496646295533e-10,0.432467414765538,0.052,1.1," (0.9-1.23)",0.42,0.517,"CTD-2132N18.4"
"315","ENSG00000270015.1",-0.988559777614735,1.36764924339401e-22,0.0663411917021641,0.33,1.4," (1.05-1.85)",5.23,0.0222,"RP11-540B6.6"
"316","ENSG00000270039.1",-0.51541541926073,6.24604586563051e-09,0.704244587230704,0.002,1," (0.854-1.18)",0,0.981,"RP11-571M6.17"
"317","ENSG00000270069.1",-0.206460532463591,0.0954878577166382,0.0705398922160698,0.13,1.1," (0.964-1.35)",2.33,0.127,"MIR222HG"
"318","ENSG00000270157.1",0.00847445477243525,0.933096167489048,0.691348849050288,0.049,1," (0.885-1.25)",0.31,0.577,"RP5-894A10.6"
"319","ENSG00000270189.1",-1.03503103356733,8.55541924943298e-19,0.332808766131141,0.12,1.1," (0.937-1.35)",1.59,0.207,"RP11-258C19.7"
"320","ENSG00000270673.1",0.371577165535235,5.54918077312716e-05,0.454998982176079,0.045,1," (0.863-1.27)",0.21,0.644,"YTHDF3-AS1"
"321","ENSG00000270696.1",0.548192633444823,3.97600150277674e-11,0.6272218183067,-0.013,0.99," (0.743-1.31)",0.01,0.928,"RP11-342K6.1"
"322","ENSG00000270761.1",1.54814906800382,8.09204744127625e-16,0.10689317125709,0.075,1.1," (0.869-1.34)",0.47,0.493,"RP11-385F7.1"
"323","ENSG00000270933.1",1.51876729755557,9.2020681280891e-16,0.321972006351028,0.061,1.1," (0.922-1.23)",0.71,0.4,"CTD-2227E11.1"
"324","ENSG00000271020.1",1.73755195852983,1.78544564095033e-26,0.462265572622571,-0.019,0.98," (0.868-1.11)",0.09,0.763,"RP11-10C24.1"
"325","ENSG00000271122.1",-0.0204323962072697,0.817793831592778,0.399093687668213,0.14,1.1," (0.862-1.52)",0.87,0.35,"RP11-379H18.1"
"326","ENSG00000271430.1",-0.688293742580159,3.79686845541299e-10,0.892226808882065,0.064,1.1," (0.905-1.26)",0.59,0.443,"RP3-368A4.5"
"327","ENSG00000271533.1",-1.15224646559827,1.0638225217358e-19,0.730284661934583,0.022,1," (0.882-1.18)",0.08,0.772,"RP3-368A4.6"
"328","ENSG00000271643.1",1.32680146720038,1.13371400706407e-28,0.441340718818987,-0.12,0.89," (0.687-1.16)",0.75,0.386,"RP11-10C24.3"
"329","ENSG00000271737.1",0.161802935322864,0.117742662786284,0.448869290014216,-0.078,0.92," (0.779-1.1)",0.81,0.369,"CTB-113I20.2"
"330","ENSG00000271780.1",-0.266930796425163,0.00299019982706318,0.450306013546815,0.19,1.2," (0.939-1.57)",2.19,0.139,"RP11-1017G21.5"
"331","ENSG00000271824.1",1.023450589287,0.00118849104514187,0.788460174152469,0.0084,1," (0.94-1.08)",0.05,0.815,"AC009014.3"
"332","ENSG00000271869.1",0.108187797748492,0.315435850179822,0.405180702132876,-0.045,0.96," (0.838-1.09)",0.46,0.498,"RP11-51J9.5"
"333","ENSG00000271870.1",-0.976451041875581,2.18964207952701e-18,0.181312192394715,0.14,1.2," (0.924-1.43)",1.57,0.211,"RP11-97C16.1"
"334","ENSG00000271895.2",-2.22749231863945,2.45572719727199e-63,0.63197347970925,0.033,1," (0.859-1.25)",0.12,0.725,"RP4-635E18.8"
"335","ENSG00000271971.1",-0.444467928015645,3.39781605010919e-05,0.104825178718297,0.026,1," (0.857-1.23)",0.08,0.778,"CTD-2006H14.2"
"336","ENSG00000271976.1",-0.000324668858053934,0.996921465169805,0.795521828700151,-0.06,0.94," (0.681-1.3)",0.13,0.718,"RP11-884K10.7"
"337","ENSG00000272009.1",1.20827771664542,1.85838077554283e-31,0.746166264899995,0.16,1.2," (0.878-1.56)",1.15,0.283,"RP1-313I6.12"
"338","ENSG00000272010.1",-0.317188658101591,0.00456339274936557,0.8780497327384,-0.034,0.97," (0.882-1.06)",0.52,0.472,"CTD-3025N20.3"
"339","ENSG00000272079.2",2.20152180802766,2.32333889158212e-23,0.496970178307737,-0.044,0.96," (0.822-1.12)",0.31,0.576,"LA16c-380H5.5"
"340","ENSG00000272086.1",-0.268507484033851,0.00687158251932349,0.276095937181377,0.02,1," (0.818-1.27)",0.03,0.861,"CTD-2186M15.3"
"341","ENSG00000272106.1",-1.30631585907578,5.15140431641177e-43,0.538875784951111,0.085,1.1," (0.782-1.52)",0.25,0.616,"RP11-345P4.9"
"342","ENSG00000272141.1",2.93306006889818,4.14710978184422e-20,0.881940386280529,0.075,1.1," (0.911-1.28)",0.77,0.381,"RP11-465B22.8"
"343","ENSG00000272153.1",-1.32657967250795,2.52023975045528e-33,0.639185596593929,0.11,1.1," (0.919-1.35)",1.22,0.27,"RP1-286D6.5"
"344","ENSG00000272189.1",4.53820121536098,1.96235292266168e-73,0.931050897832813,-0.076,0.93," (0.716-1.2)",0.34,0.562,"RP3-325F22.5"
"345","ENSG00000272221.1",-1.25027352263844,3.70791446349689e-26,0.242550175587358,-0.081,0.92," (0.795-1.07)",1.16,0.282,"XXbac-BPG181B23.7"
"346","ENSG00000272301.1",0.354573524658808,0.0144769581770482,0.232036716059923,0.05,1.1," (0.936-1.18)",0.7,0.401,"RP11-111M22.4"
"347","ENSG00000272335.1",-0.0859885632810755,0.356168135200729,0.383375346174349,0.077,1.1," (0.849-1.38)",0.39,0.531,"RP11-53O19.3"
"348","ENSG00000272338.2",-0.453458895021293,2.46836339609212e-06,0.512230317573407,0.022,1," (0.887-1.18)",0.09,0.765,"RP11-722E23.2"
"349","ENSG00000272405.1",4.54751513695911,7.42095223584923e-88,0.313805496375064,0.028,1," (0.846-1.25)",0.08,0.775,"RP11-284F21.10"
"350","ENSG00000272449.1",0.161296444872947,0.196039730780554,0.198317960151645,0.2,1.2," (0.995-1.51)",3.64,0.0563,"RP3-395M20.12"
"351","ENSG00000272455.1",-0.374411106106002,0.000198339811575363,0.551203652850509,0.16,1.2," (0.903-1.51)",1.42,0.234,"RP4-758J18.13"
"352","ENSG00000272502.1",3.49947837008825,5.75864930038506e-115,0.131884977400559,0.084,1.1," (0.941-1.26)",1.29,0.256,"RP11-713M15.2"
"353","ENSG00000272523.1",-0.479081262191129,6.45196401984723e-06,0.0172595180156677,0.15,1.2," (0.943-1.43)",1.97,0.16,"LINC01023"
"354","ENSG00000272556.1",0.520516130243149,8.59333910857082e-06,0.288369909282198,0.13,1.1," (0.993-1.3)",3.44,0.0638,"RP11-638I8.1"
"355","ENSG00000272579.1",-0.416490160846679,5.27564358626255e-05,0.205620499650998,0.0041,1," (0.849-1.19)",0,0.962,"RP11-101E13.5"
"356","ENSG00000272599.2",0.572205886308332,1.26924172489559e-08,0.844681608675749,0.13,1.1," (0.922-1.41)",1.47,0.225,"RP11-152N13.16"
"357","ENSG00000272644.1",0.0953440179170661,0.378422940033759,0.629507734614181,-0.052,0.95," (0.747-1.21)",0.18,0.668,"RP11-33O4.1"
"358","ENSG00000272645.2",-0.694455662296223,5.57361603531697e-10,0.0626437323417612,0.21,1.2," (1-1.51)",4.01,0.0451,"RP11-504P24.8"
"359","ENSG00000272667.1",-0.777406785051901,1.23099371214479e-16,0.24118214894447,0.29,1.3," (0.994-1.79)",3.69,0.0547,"RP11-395A13.2"
"360","ENSG00000272669.1",-0.907984546544399,2.41608073808178e-15,0.180741827831628,0.19,1.2," (0.991-1.48)",3.49,0.0617,"RP3-508I15.21"
"361","ENSG00000272686.1",-0.296303169215704,0.000992843124134625,0.810626030759513,-0.013,0.99," (0.75-1.3)",0.01,0.927,"RP11-390E23.6"
"362","ENSG00000272720.1",-0.67498290249166,1.69826046978195e-08,0.483145420466918,0.14,1.1," (0.951-1.38)",2.06,0.152,"CTA-228A9.3"
"363","ENSG00000272760.1",-0.808628664778422,2.21699193258386e-17,0.69575468132344,0.015,1," (0.826-1.25)",0.02,0.887,"RP11-5C23.1"
"364","ENSG00000272763.1",4.72367413222256,2.27748706282593e-45,0.447789243174941,-0.037,0.96," (0.841-1.1)",0.29,0.591,"RP11-357H14.17"
"365","ENSG00000272821.1",-0.0521444115441589,0.616989444547029,0.434793363804893,0.22,1.2," (0.96-1.62)",2.74,0.0978,"CTA-384D8.36"
"366","ENSG00000272842.1",-0.580388698719092,3.04350122018108e-08,0.86836026426917,0.019,1," (0.918-1.13)",0.12,0.724,"RP11-513M16.7"
"367","ENSG00000272849.1",-1.95924235055722,1.04830442360269e-45,0.116263020498166,0.19,1.2," (0.999-1.47)",3.8,0.0511,"RP11-347I19.8"
"368","ENSG00000272913.1",-0.231855190614459,0.152230914732729,0.197128805901474,0.087,1.1," (0.996-1.2)",3.53,0.0603,"RP11-440D17.3"
"369","ENSG00000272990.1",-1.36584961631183,4.02466783836774e-32,0.394057059750382,0.048,1," (0.915-1.2)",0.48,0.491,"RP11-305K5.1"
"370","ENSG00000273014.1",0.429607062580062,9.85009803073773e-06,0.317819848551877,0.017,1," (0.877-1.18)",0.05,0.82,"RP11-225B17.2"
"371","ENSG00000273015.2",-0.756048764728551,3.20551967238451e-19,0.403310449727691,0.13,1.1," (0.807-1.6)",0.53,0.466,"RP11-352M15.2"
"372","ENSG00000273055.1",-1.89024362683696,1.70648470548656e-43,0.277733695984516,0.14,1.1," (0.968-1.36)",2.51,0.113,"CTB-13F3.1"
"373","ENSG00000273058.2",-1.09268933169988,6.307377463866e-27,0.0154439801638373,0.15,1.2," (0.908-1.5)",1.45,0.229,"RP11-385F5.5"
"374","ENSG00000273084.1",0.885579728341383,1.83999845975263e-21,0.630726483178264,0.069,1.1," (0.877-1.31)",0.45,0.501,"RP11-1275H24.3"
"375","ENSG00000273137.1",-2.11466131256377,4.97186394328758e-49,0.049051767305723,0.22,1.2," (1.03-1.51)",4.89,0.027,"RP3-402G11.28"
"376","ENSG00000273142.1",-0.604277888651564,5.14314540517685e-08,0.0277529885789484,0.22,1.3," (1.03-1.52)",5.07,0.0243,"RP11-458F8.4"
"377","ENSG00000273145.1",0.61510266240767,2.65067820311664e-11,0.539533557320869,0.052,1.1," (0.8-1.39)",0.14,0.713,"CITF22-92A6.1"
"378","ENSG00000273151.1",-0.338955179068689,0.00209976455760546,0.0468690485967154,0.2,1.2," (1.02-1.46)",4.92,0.0265,"RP11-449P15.2"
"379","ENSG00000273179.1",-1.81420534581407,3.0735218546388e-30,0.515951710899665,0.16,1.2," (1-1.39)",3.87,0.0491,"RP11-20I20.4"
"380","ENSG00000273226.1",-0.357829763740551,0.000186900296704057,0.563454790640386,0.049,1," (0.868-1.27)",0.25,0.617,"RP11-513M16.8"
"381","ENSG00000273271.1",-0.790727985879597,1.07186507798106e-16,0.50867179308486,0.056,1.1," (0.885-1.26)",0.38,0.539,"AP000254.8"
"382","ENSG00000273314.1",0.680539799297494,5.97429578493407e-17,0.182312792974559,0.21,1.2," (0.903-1.68)",1.74,0.188,"RP5-1136G13.2"
"383","ENSG00000273344.1",0.0939361725775982,0.335176431280678,0.268736185062761,0.25,1.3," (0.962-1.72)",2.89,0.089,"PAXIP1-AS1"
"384","ENSG00000273373.1",-1.28991307690147,2.12924055418329e-26,0.209615888220024,0.11,1.1," (0.942-1.33)",1.64,0.201,"RP5-1074L1.4"
"385","ENSG00000273437.1",-1.33324204444803,2.60213533943893e-24,0.00909397088301929,0.19,1.2," (0.974-1.51)",2.99,0.0837,"RP11-434H6.7"
"386","ENSG00000273456.1",-0.692892638114858,2.9326083935978e-11,0.464337470582404,0.27,1.3," (1.03-1.66)",4.91,0.0267,"RP11-686O6.2"
"387","ENSG00000273478.1",0.355773003117489,0.00160475059741651,0.166500499800434,0.12,1.1," (0.883-1.44)",0.92,0.337,"RP11-465N4.5"
"388","ENSG00000273568.1",2.0846825841889,5.13193386677011e-34,0.307747724893721,0.017,1," (0.829-1.25)",0.03,0.87,"RP11-417L19.6"
"389","ENSG00000273576.1",-1.00297663436621,5.17353477818728e-20,0.167555008735827,0.19,1.2," (0.978-1.49)",3.07,0.0799,"RP11-390P24.1"
"390","ENSG00000273619.1",0.314532549156519,0.00162634218700153,0.120068572967496,0.12,1.1," (0.931-1.36)",1.5,0.221,"RP5-908M14.9"
"391","ENSG00000273723.1",-0.00929387175792525,0.940559675784166,0.193865085345013,0.085,1.1," (0.918-1.29)",0.95,0.33,"RP11-93H24.3"
"392","ENSG00000273759.1",-0.236655082302676,0.0437834004376801,0.324609398581644,0.028,1," (0.904-1.17)",0.18,0.671,"RP4-563E14.1"
"393","ENSG00000273893.1",0.414122651630781,1.92618966264641e-05,0.971820531994164,-0.052,0.95," (0.809-1.12)",0.4,0.528,"RP1-101A2.1"
"394","ENSG00000274104.1",-0.0265184390088595,0.791600826344901,0.6574547044885,0.041,1," (0.836-1.3)",0.13,0.715,"CTD-2553L13.10"
"395","ENSG00000274173.1",4.85246194264053,5.21506644752345e-51,0.89262417641664,0.0066,1," (0.852-1.19)",0.01,0.938,"RP4-568C11.4"
"396","ENSG00000274213.1",1.08403984231959,2.2587133713994e-12,0.517263592757762,0.025,1," (0.877-1.2)",0.1,0.755,"RP11-670E13.6"
"397","ENSG00000274272.1",-1.25435516723816,1.66417092992701e-28,0.00961159076541463,0.44,1.5," (1.19-2.01)",10.5,0.00122,"RP11-44M6.7"
"398","ENSG00000274383.1",-0.48798632823925,0.000608607384957717,0.0190405241417102,0.11,1.1," (0.987-1.27)",3.11,0.0778,"CTD-2017F17.2"
"399","ENSG00000274561.1",-1.06399501569607,5.53799716105326e-25,0.65837610576748,0.026,1," (0.889-1.18)",0.13,0.722,"RP11-147L13.12"
"400","ENSG00000274605.1",1.29617743010484,5.59860302084983e-32,0.609955879907197,-0.058,0.94," (0.735-1.21)",0.2,0.651,"RP11-12G12.7"
"401","ENSG00000274828.1",-1.22376384040557,1.39212797594332e-37,0.415738775153817,0.017,1," (0.767-1.35)",0.01,0.904,"RP11-567M16.6"
"402","ENSG00000274993.1",1.03994397194533,0.000273857360034682,0.672409686567958,-0.03,0.97," (0.864-1.09)",0.25,0.619,"RP11-395B7.2"
"403","ENSG00000275180.1",-1.54226252373703,1.40658726279454e-29,0.178377106181776,0.099,1.1," (0.939-1.3)",1.43,0.232,"RP11-631N16.4"
"404","ENSG00000275202.1",0.819571598959549,6.49129997624896e-19,0.0816624016906872,-0.038,0.96," (0.783-1.18)",0.13,0.717,"RP11-156K23.3"
"405","ENSG00000275234.1",3.2067737835096,6.40065637484446e-40,0.8165636540352,0.042,1," (0.771-1.41)",0.07,0.786,"CTD-2396E7.11"
"406","ENSG00000275494.1",-1.51265241021129,6.44779405272773e-42,0.164167422087404,0.057,1.1," (0.877-1.28)",0.35,0.554,"RP11-266L9.8"
"407","ENSG00000275560.1",0.106809771379707,0.37698618529289,0.512252454025966,0.028,1," (0.884-1.2)",0.13,0.72,"RP11-180M15.7"
"408","ENSG00000275580.1",-0.27312428460193,0.00412950937258437,0.297606207099061,0.059,1.1," (0.9-1.25)",0.49,0.483,"RP11-295H24.4"
"409","ENSG00000275632.1",0.564360684401032,6.34143544260871e-09,0.549387605168119,0.054,1.1," (0.913-1.22)",0.54,0.464,"RP5-967N21.11"
"410","ENSG00000275764.1",-0.807581031018852,1.51521401337885e-17,0.509498280444349,0.021,1," (0.815-1.28)",0.03,0.857,"RP11-582E3.6"
"411","ENSG00000275888.1",-2.20764642065357,2.75745215578739e-52,0.00573560405367602,0.2,1.2," (1.01-1.48)",4.45,0.0348,"RP13-516M14.10"
"412","ENSG00000275964.1",0.395116508465759,9.56038139155846e-05,0.952447760190963,0.13,1.1," (0.922-1.41)",1.48,0.223,"RP11-61K9.3"
"413","ENSG00000276529.1",0.137554037572255,0.207881465492602,0.0368446696057202,0.33,1.4," (1.09-1.76)",7.13,0.00758,"AP001505.10"
"414","ENSG00000276718.1",-1.11186411013338,1.44352119294316e-25,0.118336156357834,0.08,1.1," (0.89-1.32)",0.63,0.426,"RP1-102E24.10"
"415","ENSG00000276855.1",-2.10329557365935,6.31978921624036e-53,0.204092824368664,-0.031,0.97," (0.871-1.08)",0.33,0.563,"CTD-3157E16.2"
"416","ENSG00000276952.1",-1.18333170751428,3.47968549882331e-17,0.258958632671948,-0.0077,0.99," (0.898-1.1)",0.02,0.879,"RP5-965G21.6"
"417","ENSG00000277283.1",-0.14409545143814,0.0911603310396917,0.427032604689589,-0.0052,0.99," (0.735-1.35)",0,0.973,"RP1-267D11.6"
"418","ENSG00000277496.1",1.02070728691203,4.28563067978757e-19,0.649540464098707,0.012,1," (0.834-1.23)",0.01,0.904,"RP11-93B14.9"
"419","ENSG00000277639.1",2.6997271983335,2.08810605268868e-34,0.162182990899997,0.011,1," (0.91-1.12)",0.05,0.832,"RP11-295M3.4"
"420","ENSG00000277782.1",-0.0487032901405179,0.676674830412693,0.0775862945727438,0.12,1.1," (0.941-1.35)",1.7,0.193,"RP11-775C24.5"
"421","ENSG00000277879.1",-0.193161460647286,0.0758046003751746,0.0200633394691064,-0.16,0.85," (0.709-1.03)",2.82,0.0932,"RP11-129M16.4"
"422","ENSG00000277969.1",-0.00351908865098854,0.967466975264344,0.680437989648199,0.067,1.1," (0.789-1.45)",0.18,0.668,"CTB-58E17.1"
"423","ENSG00000277978.1",0.329631698547096,0.00401660044413688,0.724408599989987,0.1,1.1," (0.901-1.36)",0.93,0.335,"RP11-403P17.6"
"424","ENSG00000278133.1",-0.372400523417084,0.000197627997629594,0.182695735017699,0.15,1.2," (0.801-1.7)",0.65,0.421,"RP11-196G11.5"
"425","ENSG00000278192.1",3.57850064386826,2.62498935618808e-50,0.124806811843241,0.18,1.2," (0.993-1.43)",3.54,0.0598,"RP5-1056H1.2"
"426","ENSG00000278600.1",-1.26539884079011,1.91819470288974e-35,0.203010398441744,0.26,1.3," (1.02-1.64)",4.38,0.0363,"RP11-81A1.6"
"427","ENSG00000278730.1",-0.300882911993696,0.00142940640674207,0.240825682736076,-0.14,0.87," (0.64-1.17)",0.87,0.352,"RP11-147L13.11"
"428","ENSG00000278768.1",-0.905504868998631,1.01465399097187e-18,0.0447838050742378,0.23,1.3," (0.925-1.71)",2.14,0.143,"BACE1-AS"
"429","ENSG00000278784.1",-1.53460608497092,2.77064964523398e-50,0.192933167104092,0.19,1.2," (0.88-1.65)",1.35,0.246,"RP11-468E2.11"
"430","ENSG00000278834.1",0.225332826831551,0.00871857314197454,0.547111154852083,0.036,1," (0.791-1.36)",0.07,0.796,"RP11-458J1.1"
"431","ENSG00000278876.1",0.253764766142213,0.27844651350857,0.126488074676709,0.068,1.1," (0.945-1.21)",1.15,0.283,"RP11-498C9.4"
"432","ENSG00000278922.1",-0.500596340559001,1.63675427943653e-08,0.225183648087809,0.24,1.3," (0.965-1.67)",2.91,0.0882,"AC002310.14"
"433","ENSG00000278970.1",-0.628292717820564,3.37465991115473e-10,0.0971124873778148,0.25,1.3," (0.867-1.91)",1.56,0.211,"HEIH"
"434","ENSG00000278974.1",0.266302531068169,0.0125723372187929,0.313420103257284,0.0072,1," (0.91-1.11)",0.02,0.889,"RP11-756P10.6"
"435","ENSG00000278978.1",1.01803714497372,1.14394804845701e-14,0.502311326777208,-0.13,0.87," (0.66-1.16)",0.87,0.35,"RP11-164P12.5"
"436","ENSG00000279059.1",-0.784668458491134,4.26889588286596e-16,0.50757094043789,0.068,1.1," (0.803-1.43)",0.21,0.643,"RP11-257O5.2"
"437","ENSG00000279088.1",-1.46176991450353,1.70306538814921e-35,0.658593849345116,0.12,1.1," (0.839-1.51)",0.61,0.434,"RP11-574K11.24"
"438","ENSG00000279095.1",0.683005774792858,1.48140350906856e-14,0.72621714222618,0.1,1.1," (0.821-1.49)",0.45,0.503,"AC092066.1"
"439","ENSG00000279117.1",-1.32125179721707,5.63296438212764e-34,0.147993051301384,-0.17,0.84," (0.662-1.07)",1.97,0.161,"CTD-2562J17.6"
"440","ENSG00000279207.1",-0.320786467852609,0.000418541226272552,0.760703501647078,-0.066,0.94," (0.722-1.21)",0.24,0.621,"RP11-159D12.8"
"441","ENSG00000279253.1",-0.971710233786499,1.44095818610999e-20,0.0801404601721646,0.17,1.2," (0.961-1.46)",2.52,0.112,"RP4-614O4.13"
"442","ENSG00000279265.1",-0.237684581046768,0.0185196201213375,0.648693420524343,-0.013,0.99," (0.876-1.11)",0.05,0.832,"AC000123.3"
"443","ENSG00000279332.1",-0.154178833854534,0.187776016857502,0.720004642687932,-0.0069,0.99," (0.909-1.08)",0.02,0.879,"RP11-799B12.1"
"444","ENSG00000279382.1",-0.918214240266266,1.96196111350749e-15,0.793056278265225,0.05,1.1," (0.896-1.23)",0.38,0.538,"RP11-449J21.3"
"445","ENSG00000279427.1",3.94538628641596,1.58679604195816e-44,0.572845327007804,0.024,1," (0.908-1.16)",0.15,0.697,"RP11-132F7.2"
"446","ENSG00000279453.1",-1.41591907643889,5.19307592844286e-37,0.404678631556118,0.12,1.1," (0.889-1.43)",0.99,0.319,"RP3-425C14.4"
"447","ENSG00000279528.1",0.292574302175131,0.00303156241616893,0.205793567484971,-0.045,0.96," (0.727-1.26)",0.11,0.745,"RP11-1148L6.8"
"448","ENSG00000279672.1",-0.577285175049303,7.64541836727279e-07,0.213180392468396,0.19,1.2," (0.998-1.47)",3.75,0.0527,"CMB9-55F22.1"
"449","ENSG00000280088.1",-0.449151641000797,1.25799238269992e-07,0.854663902681155,0.055,1.1," (0.766-1.46)",0.11,0.736,"RP11-135F9.3"
"450","ENSG00000280099.1",-1.95116354273908,3.85851401738793e-44,0.83768241440471,-0.0046,1," (0.801-1.24)",0,0.967,"RP11-33E12.2"
"451","ENSG00000280120.1",-0.613652156610727,5.62695719693171e-11,0.303820826617865,0.0028,1," (0.8-1.26)",0,0.981,"RP11-546D6.3"
"452","ENSG00000280128.1",-0.970481706850773,3.35906420569732e-22,0.0294197604303938,0.17,1.2," (0.933-1.52)",1.97,0.161,"XXbac-BPG283O16.9"
"453","ENSG00000280202.1",1.45726621995148,8.06663521952466e-23,0.506460134770729,-0.023,0.98," (0.845-1.13)",0.1,0.752,"RP5-1180D12.1"
"454","ENSG00000280206.1",0.683537017968031,4.30066717163148e-10,0.622448065883137,0.031,1," (0.747-1.42)",0.03,0.852,"CTB-193M12.5"
"455","ENSG00000280798.1",-1.54304642865724,2.47253901896331e-53,0.456662128490927,0.25,1.3," (0.888-1.87)",1.79,0.181,"LINC00294"
"456","ENSG00000281332.1",-0.354785457792828,0.000116401969403935,0.312157215168372,0.16,1.2," (0.915-1.51)",1.59,0.207,"LINC00997"
"457","ENSG00000281404.1",-1.46023973784728,3.87939290850131e-26,0.869631620642596,0.12,1.1," (0.958-1.32)",2.04,0.153,"LINC01176"
"458","ENSG00000281468.1",0.0617555251529291,0.607411948294323,0.835443101088493,0.079,1.1," (0.955-1.23)",1.53,0.217,"CTC-459F4.9"
"459","ENSG00000281649.1",0.487806623890043,3.48029819461874e-07,0.455711319439006,0.034,1," (0.724-1.48)",0.03,0.853,"EBLN3"
