"","group","RP5.1021I20.1","RP11.440D17.3","MIR210HG","LINC00261","AC113189.5","CTB.25B13.12","AC114730.3"
"GTEX.WQUQ.2526.SM.4MVNO","NonTumor",2.1766,0.8883,2.4198,2.1213,4.8817,2.5163,1.125
"TCGA.D5.6929.01","Tumor",-1.2142,2.6647,4.1676,-0.2159,2.8936,2.3732,1.0293
"TCGA.AA.3511.01","Tumor",0.7321,3.0163,0.8961,2.183,2.0111,2.1213,1.6281
"GTEX.13G51.2126.SM.5IJD9","NonTumor",1.3901,0.7233,1.2576,-6.5064,4.1376,3.1095,-9.9658
"TCGA.QG.A5YX.01","Tumor",-0.9971,2.0465,3.0056,0.6608,1.2875,2.1378,4.0601
"GTEX.1122O.1526.SM.5N9CL","NonTumor",1.3283,0.8568,5.6023,2.3106,2.8641,3.0619,3.2988
"TCGA.F4.6704.11","NonTumor",-0.0277,0.4865,1.9415,4.1539,2.4359,1.7229,3.3293
"GTEX.UPIC.1726.SM.4IHKG","NonTumor",1.5514,0.7233,3.0515,1.9034,3.4907,2.8341,1.8242
"TCGA.CM.6164.01","Tumor",-0.2498,0.6699,1.7912,-0.6193,1.692,2.4332,3.0671
"TCGA.A6.A567.01","Tumor",-0.0574,2.8442,-0.4131,1.3511,2.3308,1.8957,2.1734
"TCGA.AA.3516.11","NonTumor",2.3394,0.2522,3.4556,0.4016,2.5213,2.8562,1.8201
"TCGA.G4.6320.01","Tumor",0.03,-9.9658,3.4398,4.3335,3.8218,3.8401,3.5047
"GTEX.146FH.2426.SM.5Q5EW","NonTumor",1.177,0.9642,0.517,-1.3921,4.5161,2.7993,-0.0425
"GTEX.ZTSS.1126.SM.5985O","NonTumor",0.4657,0.679,3.1813,0.6608,3.0893,2.5263,2.753
"GTEX.13N2G.2226.SM.5IJCU","NonTumor",0.7999,0.2154,1.4547,-6.5064,4.0756,2.7657,-9.9658
"TCGA.AY.A69D.01","Tumor",-2.5479,-3.458,1.6093,2.004,1.595,1.6466,2.9432
"TCGA.AY.A8YK.01","Tumor",-0.8599,1.4174,2.5263,2.0535,2.9875,3.2722,2.8582
"GTEX.ZYFC.2626.SM.5NQ6S","NonTumor",0.9191,0.4761,1.0573,-2.6349,3.3264,2.6918,-0.5973
"TCGA.F4.6806.01","Tumor",0.0014,-0.2159,2.4279,3.3278,2.9052,1.3397,3.0411
"TCGA.5M.AAT4.01","Tumor",-0.2845,-2.2447,4.309,1.7489,2.183,4.0216,0.4967
"TCGA.CM.6167.01","Tumor",2.3019,0.7832,0.6239,1.9712,3.0127,2.0979,1.7617
"GTEX.ZDYS.2326.SM.4WKG6","NonTumor",0.4657,0.8568,3.9947,2.4805,2.676,2.4934,2.4332
"TCGA.AZ.6603.01","Tumor",-0.1993,2.4597,2.3019,0.9568,2.9839,2.4571,1.1316
"GTEX.ZAB5.1426.SM.5HL9D","NonTumor",0.03,0.4657,2.2573,-6.5064,4.6938,1.9601,-2.2447
"GTEX.12WSG.2426.SM.5EQLZ","NonTumor",2.05,-0.9132,1.9073,-5.0116,4.3385,2.9784,-2.7274
"TCGA.CM.6168.01","Tumor",-0.2498,-0.1504,2.296,1.9034,2.6348,2.328,-0.2159
"TCGA.G4.6314.01","Tumor",-0.5332,1.7097,3.2766,3.0163,2.6533,2.2391,-0.6873
"GTEX.ZTSS.1226.SM.51MSZ","NonTumor",0.8805,-0.6643,1.4011,-9.9658,4.4283,2.5585,-5.5735
"GTEX.13X6I.2726.SM.5Q5ET","NonTumor",1.5854,0.03,4.6177,-5.5735,4.3562,2.5972,-1.5522
"TCGA.F4.6808.01","Tumor",-0.2328,2.9375,2.1247,1.8762,2.3788,3.0671,2.6895
"TCGA.AZ.4615.01","Tumor",0.2998,-2.3147,3.3003,2.081,3.1604,2.6487,0.9642
"TCGA.AY.6386.01","Tumor",-1.1488,1.8282,3.9792,1.5854,2.2901,1.6875,2.0289
"TCGA.AZ.6598.01","Tumor",-0.6193,-3.3076,2.694,6.1725,4.1119,2.8096,-2.8262
"TCGA.A6.6653.01","Tumor",-1.0862,-2.3884,3.6393,4.3249,3.0706,2.7029,3.6566
"TCGA.NH.A50V.01","Tumor",-3.3076,-0.1828,2.409,1.8683,3.3163,2.7868,2.2663
"TCGA.AD.6899.01","Tumor",0.6517,3.2251,3.9728,0.9115,2.9071,2.5487,1.8484
"GTEX.WFG8.1726.SM.5CHTE","NonTumor",-9.9658,-9.9658,-9.9658,-9.9658,-9.9658,-9.9658,-9.9658
"TCGA.G4.6311.01","Tumor",0.1124,1.3283,2.5313,-0.6416,2.0147,2.8701,1.0779
"GTEX.13OW5.2626.SM.5MR3M","NonTumor",1.3511,0.4657,4.2103,0.6425,3.831,2.5213,0.24
"TCGA.A6.2683.11","NonTumor",1.9859,1.5216,2.3164,1.595,2.5313,2.8199,2.9525
"TCGA.DM.A280.01","Tumor",0.4125,0.1648,3.1112,0.3685,2.4908,2.8858,2.0465
"TCGA.NH.A6GC.01","Tumor",1.0779,0.5763,4.2111,5.8583,2.6805,3.2826,2.6918
"TCGA.F4.6570.01","Tumor",2.2663,-0.9686,2.5213,-1.5951,2.1378,3.1844,-3.1714
"TCGA.CM.6679.01","Tumor",0.8246,1.1833,1.6466,0.8164,1.7617,2.2237,1.2516
"TCGA.A6.4105.01","Tumor",0.5069,2.6043,2.3135,1.3225,2.4171,1.766,0.9343
"GTEX.WH7G.1426.SM.4LVMU","NonTumor",2.2663,1.4441,4.2951,2.4985,3.5086,2.5731,2.3704
"GTEX.WHWD.1226.SM.4OOS1","NonTumor",-0.1031,2.1894,4.9165,2.5876,3.0791,2.5087,2.9618
"TCGA.D5.5538.01","Tumor",-0.3022,2.8974,2.8422,-1.3183,3.6983,2.7029,1.3283
"GTEX.11ONC.2026.SM.5HL61","NonTumor",1.196,0.0158,2.118,-1.3921,3.5982,1.8282,-3.1714
"GTEX.ZE7O.2626.SM.51MSS","NonTumor",0.8488,0.7321,1.7273,-6.5064,3.7836,2.9413,-4.6082
"TCGA.NH.A50U.01","Tumor",0.2881,0.9115,4.0985,-0.8863,2.6738,2.9262,1.3225
"TCGA.D5.6924.01","Tumor",0.3115,2.6738,1.9264,0.8568,2.8014,1.8524,0.7058
"TCGA.D5.6931.01","Tumor",1.2023,-0.4325,3.074,2.8137,1.8078,1.9149,0.4865
"GTEX.11P82.1226.SM.5HL5P","NonTumor",0.9115,-0.1187,1.8762,-9.9658,2.824,1.5366,-1.3548
"TCGA.A6.5656.01","Tumor",0.864728668407,-3.4060791306,0.966664592075,0.0393568238621,1.39745050175,1.61085565697,1.11612773745
"TCGA.A6.6649.01","Tumor",0.24,3.3979,1.8524,3.4224,2.6464,2.6602,1.8323
"GTEX.Y3I4.1426.SM.4TT9C","NonTumor",1.0503,0.3796,1.4174,-3.3076,3.8837,2.2206,-3.1714
"GTEX.R55G.1226.SM.48FDC","NonTumor",0.5666,1.6466,5.8902,2.4701,3.453,2.5288,3.0446
"GTEX.1211K.1726.SM.5FQUJ","NonTumor",1.3454,0.9419,5.2169,2.0844,1.7403,3.0995,2.9375
"GTEX.11TT1.0926.SM.5GU5M","NonTumor",-1.2481,1.2271,-0.394,-2.9324,3.0533,0.517,-2.2447
"TCGA.AA.3518.11","NonTumor",1.334,1.7617,3.1344,0.8408,1.8762,3.1987,2.753
"GTEX.12ZZY.2726.SM.5EQ45","NonTumor",1.7009,0.7916,1.8119,-4.6082,3.7571,2.578,-1.9379
"GTEX.Y5V6.1626.SM.4VDT2","NonTumor",2.4306,1.6604,5.7043,3.2692,2.7951,2.3732,3.9204
"GTEX.13PVQ.2726.SM.5L3H7","NonTumor",2.004,-0.1665,1.46,-1.5522,3.8054,3.2267,-2.6349
"TCGA.DM.A0X9.01","Tumor",-2.114,-3.816,1.1117,1.6093,1.4808,1.0642,1.8762
"TCGA.DM.A28G.01","Tumor",0.1257,0.4761,2.727,3.5362,2.9469,1.9931,2.1047
"GTEX.PX3G.1426.SM.48U1J","NonTumor",2.2633,1.2455,3.4411,1.4962,3.7313,2.4597,2.0979
"TCGA.F4.6703.01","Tumor",-0.8084,1.0222,2.2633,-1.5522,2.5363,0.9789,-1.0862
"GTEX.WFON.1426.SM.5CHT1","NonTumor",-9.9658,-9.9658,-9.9658,-9.9658,-9.9658,-9.9658,-9.9658
"GTEX.11O72.2226.SM.5PNW2","NonTumor",2.971,0.2881,3.991,-4.035,3.3661,1.6512,-1.9942
"TCGA.AA.3492.01","Tumor",-0.1504,-2.1779,3.0944,0.8488,4.9336,2.9488,-0.1031
"TCGA.G4.6293.01","Tumor",-1.0862,-2.0529,2.4908,-0.2845,2.1734,2.0878,1.7786
"TCGA.AA.3531.11","NonTumor",0.2522,0.3796,2.872,1.6234,2.1766,2.9893,2.4623
"TCGA.DM.A28E.01","Tumor",-0.9406,0.605,0.6699,-0.1504,1.4962,1.8282,3.4752
"TCGA.CK.6747.01","Tumor",-1.1488,1.7273,3.5863,2.3871,2.3337,1.3623,1.4388
"TCGA.CK.4947.01","Tumor",-0.5973,-1.7809,1.4911,2.2113,1.8918,2.4171,1.3679
"TCGA.AD.6888.01","Tumor",0.3796,2.6556,4.3744,2.0844,2.4386,1.8363,3.5009
"TCGA.F4.6809.01","Tumor",2.2482,-0.5973,3.8002,2.9857,2.7073,3.0234,2.4701
"TCGA.CK.5914.01","Tumor",1.4494,3.4635,1.6093,2.7951,1.8801,1.4335,1.0007
"TCGA.AZ.4313.01","Tumor",0.537,-1.5951,3.2557,4.865,3.7507,1.7446,2.2783
"GTEX.ZV6S.1126.SM.57WE9","NonTumor",0.0854,-0.1828,2.0946,-5.5735,5.2529,3.2811,-2.5479
"GTEX.1211K.1826.SM.5EGJ2","NonTumor",2.0111,0.044,1.787,-1.8836,3.2049,2.5163,-1.5105
"GTEX.11NSD.1626.SM.5986U","NonTumor",2.4225,1.0222,2.4831,2.8916,3.7432,1.9675,2.7594
"TCGA.G4.6588.01","Tumor",-0.2328,-2.7274,2.9984,4.7192,1.7702,1.8762,1.9786
"GTEX.XMK1.1726.SM.4B64Z","NonTumor",0.2154,1.5661,3.9108,1.9749,2.5487,2.1957,2.676
"GTEX.13D11.0626.SM.5LZYY","NonTumor",2.0395,0.7664,0.3796,-4.035,4.1636,2.3898,-2.1779
"GTEX.11I78.1326.SM.5PNY9","NonTumor",0.1648,-0.9686,1.0293,-9.9658,3.1507,1.7575,-2.4659
"GTEX.13U4I.2626.SM.5SI9C","NonTumor",1.9564,0.8246,0.1903,-0.9686,3.6347,2.5263,-2.114
"GTEX.ZY6K.1226.SM.5GZYL","NonTumor",-2.3147,0.4761,3.2359,1.2636,3.1228,1.3454,2.4439
"GTEX.ZLV1.1326.SM.4WWER","NonTumor",2.9839,-0.3022,0.6517,-9.9658,4.2343,2.296,-2.4659
"GTEX.147JS.2526.SM.5S2Q8","NonTumor",2.4063,0.7407,2.4571,0.5955,3.5633,3.1588,-0.2328
"TCGA.G4.6309.01","Tumor",-0.6193,0.8883,2.8055,1.3454,3.5073,1.0222,2.2872
"TCGA.CM.5868.01","Tumor",0.099,-2.2447,2.945,2.3649,3.4034,2.2573,2.1047
"TCGA.F4.6855.01","Tumor",-0.7346,0.7058,1.5316,3.8187,2.8321,2.4035,2.1574
"GTEX.ZQG8.2426.SM.57WEE","NonTumor",2.7227,0.0014,2.1734,-3.6259,3.9099,2.0707,-1.2828
"GTEX.V955.1626.SM.4JBHJ","NonTumor",0.6425,0.517,2.4675,-1.1488,4.4739,2.328,-0.1187
"GTEX.ZTTD.2626.SM.57WEX","NonTumor",0.8246,0.4552,2.6395,-1.9942,3.7204,3.0927,-1.9379
"TCGA.AD.6964.01","Tumor",1.1184,0.8408,3.7667,3.7226,4.1748,1.6785,3.3105
"TCGA.G4.6295.01","Tumor",0.1257,3.4726,1.4704,1.0222,2.3048,2.3193,1.6649
"TCGA.D5.5539.01","Tumor",0.2881,2.6828,2.1378,4.7415,2.6805,2.5948,3.0199
"GTEX.13O3O.2526.SM.5L3DR","NonTumor",3.091,0.2277,0.517,-0.9406,3.027,2.3788,-0.2498
"GTEX.QDVN.1326.SM.48TZ3","NonTumor",-0.1187,0.7664,3.3759,3.0127,3.1195,2.1894,2.4753
"TCGA.AA.3506.01","Tumor",1.787,1.0007,2.0254,1.8683,2.9784,1.5415,1.2636
"TCGA.A6.5661.01","Tumor",-1.34251782063,-1.43053856368,2.95005437068,2.0348264429,1.97121848131,1.15120806062,-1.35477083193
"TCGA.RU.A8FL.01","Tumor",-0.6873,-9.9658,2.5413,-1.5522,2.6371,2.3222,2.7007
"TCGA.5M.AATE.01","Tumor",-3.6259,3.3787,-1.3921,-1.2481,2.2633,1.683,2.8442
"TCGA.AA.3712.11","NonTumor",0.346,1.6045,3.1908,4.4964,2.9013,2.7139,3.5274
"TCGA.A6.6648.01","Tumor",-0.9971,1.8524,0.5763,2.9432,1.4859,2.7487,2.6418
"GTEX.OXRL.1426.SM.3NM9E","NonTumor",2.0183,0.688,2.9488,-4.6082,4.5814,2.7636,-0.5125
"GTEX.R53T.1326.SM.48FCQ","NonTumor",-0.1031,2.0004,1.5563,3.2466,2.2901,2.2113,4.0073
"GTEX.ZVZP.2026.SM.57WB3","NonTumor",-0.8863,-1.7809,-0.8084,-9.9658,3.1669,1.9188,-9.9658
"TCGA.A6.5662.01","Tumor",-0.6416,2.8974,2.5536,2.3048,3.2692,2.6464,1.3846
"GTEX.QLQW.0426.SM.447A7","NonTumor",0.5955,1.3567,4.2616,0.9862,3.5779,2.753,3.002
"TCGA.DM.A1D8.01","Tumor",0.7407,1.9675,1.0293,1.5266,3.3393,2.6533,0.7579
"GTEX.P4QT.1426.SM.3NMCX","NonTumor",1.3167,1.2455,5.1555,1.5612,3.4984,2.9544,3.2251
"TCGA.D5.6539.01","Tumor",-0.7108,0.9862,3.5754,3.1294,2.4279,2.4675,1.6604
"TCGA.AZ.6599.01","Tumor",2.1313,-5.0116,2.6828,7.577,2.1378,2.4117,3.6006
"TCGA.G4.6299.01","Tumor",0.2642,2.7487,3.1062,3.0199,2.6783,3.623,2.8994
"TCGA.AZ.5403.01","Tumor",0.4233,0.6699,2.1114,0.9642,3.6195,2.1541,0.688
"TCGA.AD.5900.01","Tumor",0.0854,-1.9942,1.4962,-0.4325,3.9543,2.6579,-0.9132
"GTEX.SUCS.1026.SM.5CHTC","NonTumor",-9.9658,-9.9658,-9.9658,-9.9658,-9.9658,-9.9658,-9.9658
"GTEX.11I78.1226.SM.5A5K6","NonTumor",-0.394,0.9862,3.9524,3.1011,2.7401,2.4649,3.5559
"TCGA.D5.6898.01","Tumor",0.4233,0.6145,2.826,-1.1811,2.118,2.8936,2.9432
"TCGA.AA.3489.01","Tumor",0.688,0.8726,3.3689,-0.1504,2.1378,1.8643,0.8164
"TCGA.DM.A1D7.01","Tumor",2.1894,0.0014,1.4335,4.3604,2.6232,2.96,1.9415
"GTEX.13VXT.2026.SM.5L3EW","NonTumor",0.7321,0.2154,1.2516,-0.9406,4.2556,2.4597,-1.2828
"GTEX.S4Q7.0826.SM.4AD5E","NonTumor",-0.5973,0.4967,3.3563,3.8044,2.1411,2.7657,3.3689
"TCGA.AA.A02Y.01","Tumor",-0.5332,0.4125,0.1903,3.6748,2.4571,1.0363,2.971
"TCGA.CM.6676.01","Tumor",1.736,2.3106,2.9375,0.1903,2.2051,3.0533,0.7058
"TCGA.CA.5797.01","Tumor",-0.0574,1.5854,2.3732,-0.8863,2.3222,1.8323,-0.4921
"GTEX.111YS.1826.SM.5GIEP","NonTumor",1.6045,0.1388,0.6145,-9.9658,4.5778,2.2051,-3.0469
"TCGA.AA.3496.01","Tumor",1.4547,2.651,2.2391,0.547,1.4808,2.2237,1.8323
"GTEX.ZYFG.1826.SM.5GZWX","NonTumor",3.011,0.4447,0.8408,-3.1714,3.8541,2.7993,-2.3147
"GTEX.X5EB.1126.SM.46MVV","NonTumor",-0.5756,0.8488,4.8905,3.9838,2.3251,2.7007,3.7992
"TCGA.NH.A8F7.06","Tumor",-0.6873,3.4648,3.3633,-0.0725,2.2175,2.667,3.002
"TCGA.NH.A8F7.01","Tumor",-1.1811,3.3828,-1.4305,-1.8836,1.3051,2.7139,0.9862
"GTEX.ZF29.1726.SM.4WKFV","NonTumor",2.2113,-0.1504,1.7489,-6.5064,3.8847,2.4701,-2.0529
"GTEX.146FQ.1926.SM.5NQBY","NonTumor",0.1124,1.5465,3.3535,2.9637,2.9674,2.0254,3.6894
"TCGA.AA.3712.01","Tumor",-1.4305,2.7117,2.0076,2.4117,1.5902,1.884,1.3454
"TCGA.CM.4743.01","Tumor",-1.5951,-2.3884,4.5796,2.2175,4.8768,2.9984,-0.4325
"TCGA.AA.3662.01","Tumor",0.6517,2.7379,1.6695,0.5271,1.7995,1.7185,2.4701
"TCGA.A6.3809.01","Tumor",-3.92142870792,-9.9658,0.647061962531,1.30801419055,0.183935134075,-0.873008859291,-0.982820086718
"GTEX.11EQ9.1426.SM.5987G","NonTumor",2.409,-1.1488,2.004,-9.9658,3.1195,2.4332,-4.035
"GTEX.ZVT4.2626.SM.5N9GJ","NonTumor",1.0433,-0.1828,1.7053,-1.0862,3.6961,2.6114,-1.2142
"TCGA.CM.4747.01","Tumor",-0.3022,-2.3147,3.2707,2.2299,1.8036,2.3871,1.334
"TCGA.A6.5666.01","Tumor",1.8484,-1.1172,2.5061,-1.9942,1.7185,1.6374,2.7007
"GTEX.XBEW.1926.SM.4SOJO","NonTumor",-1.4699,1.2992,3.3979,1.4911,3.3192,2.6693,2.4035
"GTEX.YF7O.1626.SM.5IFII","NonTumor",2.4063,0.3685,-0.8084,-2.1779,3.6532,1.5316,-2.114
"TCGA.DM.A285.01","Tumor",0.5271,2.7292,2.59,0.4125,3.6497,3.2796,2.5852
"GTEX.13CF3.1326.SM.5LZXZ","NonTumor",1.0007,-0.5543,1.595,-9.9658,3.867,2.236,-3.816
"GTEX.131XG.1526.SM.5GCNQ","NonTumor",-0.6643,0.3573,0.9343,-2.9324,4.6136,2.299,-2.8262
"TCGA.CM.6171.01","Tumor",-1.7809,1.7744,1.2455,7.9886,3.8105,0.7146,-1.2828
"TCGA.D5.6538.01","Tumor",2.0946,-3.1714,2.7029,3.5971,1.2636,2.4727,1.2271
"GTEX.ZGAY.2126.SM.4YCFB","NonTumor",1.5366,0.4967,2.9562,0.7493,3.4237,2.3649,1.4704
"TCGA.AA.3511.11","NonTumor",2.0147,2.1766,2.5948,3.5706,2.6208,2.4831,3.5086
"TCGA.A6.2675.01","Tumor",0.7832,2.1345,1.8957,3.0978,2.5972,2.9013,2.2543
"TCGA.G4.6298.01","Tumor",1.1512,2.0707,3.0619,3.1588,1.7702,3.5362,-0.1828
"GTEX.11ZVC.2126.SM.5EGJ1","NonTumor",2.5313,0.9862,0.8568,-1.2142,3.5718,1.816,-1.6394
"GTEX.12WSL.1826.SM.5LZW9","NonTumor",1.4652,-0.3383,2.3394,-2.0529,4.026,2.3451,-5.0116
"GTEX.11DXY.2026.SM.5N9CZ","NonTumor",1.6187,0.2642,3.1162,-5.0116,4.3597,3.38,-2.6349
"GTEX.ZAB4.2426.SM.5HL8A","NonTumor",3.7248,0.7579,4.7253,-9.9658,3.8621,2.4465,-1.7809
"GTEX.ZPIC.2626.SM.57WE2","NonTumor",1.3623,0.346,1.5758,-5.0116,3.6382,2.3048,-1.5522
"TCGA.A6.6650.01","Tumor",-2.31476410407,-0.718692671658,2.26632349414,1.86565089225,1.24346520155,2.89354789281,2.84749967908
"TCGA.AM.5820.01","Tumor",1.0293,2.5487,-0.1993,-2.4659,2.4883,1.2576,-3.6259
"TCGA.AA.3663.01","Tumor",1.7912,-2.1779,3.5287,4.8304,4.4615,1.949,-0.7108
"GTEX.Y114.1526.SM.4TT79","NonTumor",0.688,-0.2328,1.5902,-3.3076,4.2227,2.8482,-1.8314
"GTEX.13OVG.1426.SM.5K7VP","NonTumor",0.9493,0.2881,1.1833,-0.7346,3.4034,1.6649,-0.8599
"GTEX.Y3IK.1826.SM.4WWDS","NonTumor",0.537,0.9115,3.1604,2.5188,2.8582,2.7615,3.1062
"GTEX.11P81.1126.SM.5GU5G","NonTumor",2.6278,1.4441,1.6187,-6.5064,4.1828,2.3843,-4.035
"GTEX.11TUW.2026.SM.5EQL8","NonTumor",1.105,-0.8084,3.6242,-6.5064,3.2796,2.4359,-9.9658
"TCGA.A6.6654.01","Tumor",-1.1488,2.1734,2.6962,1.6512,2.0535,2.5388,2.8178
"GTEX.148VJ.2426.SM.5NQ9Y","NonTumor",2.1411,-0.394,3.6646,-3.0469,2.9356,2.9581,-1.5951
"GTEX.11DXX.1926.SM.5EGJK","NonTumor",0.4125,0.346,0.7321,-9.9658,4.1923,2.3019,-4.2934
"TCGA.CM.5349.01","Tumor",1.0293,0.9191,2.874,2.5188,2.6962,2.9692,0.2154
"GTEX.ZZ64.0826.SM.5E449","NonTumor",0.5859,-1.4305,1.3511,-1.5951,3.7475,2.2268,0.3573
"TCGA.AZ.6599.11","NonTumor",0.7058,1.7828,2.8994,2.5462,3.0481,2.8381,3.074
"GTEX.ZAJG.2626.SM.5S2NU","NonTumor",0.3346,0.8164,0.547,-6.5064,4.6312,2.4883,-1.4699
"GTEX.ZG7Y.1826.SM.4WWD3","NonTumor",2.7636,0.3685,2.1047,-1.3183,4.4797,2.6114,-1.1488
"TCGA.A6.2686.11","NonTumor",2.1766,1.5806,2.9525,1.334,2.7444,3.1011,2.609
"TCGA.AZ.6600.01","Tumor",-0.6873,2.5634,2.4727,2.2513,2.4985,3.1733,1.0642
"GTEX.11ONC.1926.SM.5GU75","NonTumor",1.2696,0.547,3.869,0.4233,3.3842,2.5487,1.1897
"TCGA.AA.3509.01","Tumor",-0.1031,-0.8339,2.9729,2.4623,1.7702,2.1606,-0.4131
"GTEX.13S86.1626.SM.5Q5C5","NonTumor",-9.9658,1.6045,2.2842,2.6984,3.5436,2.5213,3.5399
"TCGA.AZ.6606.01","Tumor",1.2636,1.3225,1.8643,2.7401,2.5828,2.9052,1.8918
"TCGA.WS.AB45.01","Tumor",-0.4521,0.0718,-0.1665,4.6201,2.5263,2.4225,-0.3201
"GTEX.ZYFD.2226.SM.5E43P","NonTumor",-0.6873,-1.1488,0.2277,-5.0116,3.2766,0.537,-2.7274
"TCGA.AD.6548.01","Tumor",-0.3383,-1.3921,3.47,0.5859,1.949,1.9601,1.642
"GTEX.YECK.2826.SM.5IFHF","NonTumor",2.0912,0.1257,1.5366,-3.816,4.0969,3.0481,-2.2447
"GTEX.ZF28.2526.SM.57WFH","NonTumor",0.2881,0.605,2.3816,-4.035,4.3639,2.4035,-1.9942
"GTEX.13X6K.2726.SM.5O9DG","NonTumor",2.4753,0.8883,1.674,-3.3076,3.29,2.676,-3.458
"GTEX.139T6.1326.SM.5IFFO","NonTumor",2.6114,1.0079,3.867,2.1509,2.8622,2.004,2.6962
"GTEX.XXEK.1926.SM.4BRVD","NonTumor",3.0323,0.8327,0.8726,-6.5064,3.907,1.8996,-1.8836
"TCGA.D5.6926.01","Tumor",-0.5543,-0.1828,3.6894,0.0854,2.5996,2.0111,-1.4305
"GTEX.111CU.1426.SM.5GZYP","NonTumor",-0.3383,0.3907,3.8075,2.9013,2.167,2.6138,2.8622
"TCGA.AZ.6598.11","NonTumor",1.3511,1.1512,2.0946,0.9191,2.96,2.9375,2.6114
"GTEX.145LS.2726.SM.5Q5D8","NonTumor",3.8401,1.0007,1.5998,-6.5064,3.6838,1.8801,-3.3076
"GTEX.ZZ64.0726.SM.5GZX4","NonTumor",1.5661,0.03,2.5263,0.537,3.6382,2.2603,1.4808
"TCGA.A6.6138.01","Tumor",-0.1828,2.5852,2.2299,2.081,1.5115,2.6805,-0.3383
"TCGA.AZ.4616.01","Tumor",-0.8084,2.3898,3.7741,1.7995,3.0252,2.7095,-0.4325
"TCGA.A6.5659.11","NonTumor",1.8363,1.4011,2.8158,0.9862,2.3193,2.4252,2.2693
"GTEX.Y5LM.1426.SM.5RQJL","NonTumor",0.9038,0.4967,2.8661,1.6875,4.1579,2.4412,1.5612
"GTEX.ZT9W.1726.SM.51MS3","NonTumor",0.9568,-0.1187,0.7233,-6.5064,4.4061,2.6556,-1.7809
"TCGA.AA.A02K.01","Tumor",-0.1665,1.3623,3.1669,-0.7108,1.0847,3.6838,2.8522
"TCGA.A6.2685.01","Tumor",0.03,1.0007,2.6302,2.5996,3.1179,2.2082,0.9862
"GTEX.ZLFU.1426.SM.4WWEU","NonTumor",0.044,-0.013,0.2522,-9.9658,4.2548,2.5163,-3.458
"TCGA.AZ.6601.11","NonTumor",0.2277,0.1903,1.7532,2.96,2.3592,2.3536,3.87
"TCGA.DM.A1HA.01","Tumor",1.5415,-5.5735,1.1316,-6.5064,2.1047,2.8321,0.7493
"GTEX.131YS.2926.SM.5EGKI","NonTumor",2.0776,0.3796,2.1798,-2.9324,3.9487,2.7508,-3.1714
"GTEX.117YW.1826.SM.5PNY5","NonTumor",1.6512,-0.4325,0.9568,0.547,1.8524,-0.1187,2.5972
"TCGA.AA.3713.01","Tumor",0.6239,-0.1345,2.8199,5.2987,2.5238,3.4726,1.9749
"TCGA.G4.6627.01","Tumor",1.934,0.0718,1.4859,2.6647,2.694,2.3193,1.5514
"GTEX.PWCY.1026.SM.48TD4","NonTumor",-0.9132,1.0779,2.4985,1.7316,2.6602,2.5112,2.4518
"GTEX.XUZC.1326.SM.4BRV2","NonTumor",0.4657,0.7058,4.0436,2.376,3.0602,2.4198,3.3478
"GTEX.147JS.2626.SM.5S2UX","NonTumor",2.4985,0.3685,1.6045,-9.9658,4.0198,2.9338,-1.7322
"TCGA.AA.3502.01","Tumor",1.2696,3.0498,2.8562,7.1824,3.0463,2.7763,0.9191
"GTEX.13W3W.2126.SM.5K7UX","NonTumor",2.5238,1.4808,1.4228,-6.5064,3.6451,1.8242,-0.9406
"GTEX.ZVT3.2826.SM.5GU6A","NonTumor",2.6464,0.9568,1.6649,-2.9324,4.2173,3.4331,-3.6259
"TCGA.AA.A01X.01","Tumor",1.2455,2.0395,1.4859,1.7097,3.0428,2.8381,2.6161
"GTEX.WOFM.1926.SM.4OOSP","NonTumor",2.7139,1.4808,4.7231,3.2405,2.5487,3.0498,3.1145
"TCGA.CK.5913.01","Tumor",-0.9686,-2.3884,3.417,3.9487,2.5511,2.0912,1.1641
"TCGA.4N.A93T.01","Tumor",0.5859,3.2374,4.0884,1.2992,2.5363,2.3816,2.3953
"GTEX.PWN1.1426.SM.48TDF","NonTumor",0.537,0.058,5.2161,3.871,3.2251,2.9071,3.3577
"TCGA.AZ.6603.11","NonTumor",1.9564,0.6425,2.0535,4.4693,3.5411,2.6647,1.4756
"TCGA.QG.A5YV.01","Tumor",-1.6394,-3.6259,3.7919,2.0004,2.3164,2.3222,2.3222
"TCGA.AZ.6607.01","Tumor",2.2513,2.3953,2.9618,0.9191,1.7954,2.2268,-0.3566
"TCGA.G4.6321.01","Tumor",0.3685,-1.7809,2.3451,3.0995,2.1114,3.4687,2.561
"GTEX.TKQ2.1326.SM.4DXT9","NonTumor",1.0363,1.4011,4.4595,0.6425,3.2481,2.7073,2.7095
"GTEX.XUJ4.2026.SM.4BOOW","NonTumor",0.7999,1.4011,3.9031,3.6125,3.0515,2.8994,3.0723
"GTEX.SE5C.1526.SM.4BRWU","NonTumor",2.5683,1.0847,3.8177,2.0254,4.1852,2.6962,3.3235
"TCGA.D5.6536.01","Tumor",-0.9406,2.7073,3.6172,4.4183,3.1781,2.6019,3.0038
"TCGA.A6.6140.01","Tumor",-0.2159,1.692,3.7182,1.1641,1.884,2.1541,-1.3548
"TCGA.A6.2682.11","NonTumor",2.496,1.7229,2.3394,3.4224,2.4063,3.0978,2.7292
"TCGA.A6.A566.01","Tumor",0.4125,-0.5756,3.136,-4.2934,2.7508,2.5313,2.328
"TCGA.AD.6963.01","Tumor",-0.5973,1.9895,-0.013,-0.7588,2.1862,2.2603,2.0673
"GTEX.WHSB.0926.SM.4M1XJ","NonTumor",-1.1172,1.9111,3.4398,2.8361,2.8916,1.6695,3.1523
"TCGA.D5.5541.01","Tumor",0.5859,2.8158,2.8819,-0.4719,2.0254,2.0289,-4.2934
"TCGA.AM.5821.01","Tumor",-0.5332,-1.9379,1.2455,-0.8863,2.3704,0.3573,-4.2934
"TCGA.A6.6652.01","Tumor",-0.6416,1.7009,0.1648,0.03,1.9226,1.5064,2.9167
"TCGA.DM.A282.01","Tumor",-0.5543,2.0979,1.5709,1.5366,2.3871,2.1509,2.4279
"TCGA.AD.6901.01","Tumor",0.4552,2.1574,5.0427,2.6325,2.9692,2.4279,2.0147
"TCGA.CM.6161.01","Tumor",1.2271,-2.1779,0.4967,1.1184,2.362,1.5013,3.0706
"GTEX.S4P3.1226.SM.4AD4Y","NonTumor",0.9115,0.9419,3.7919,2.6395,3.38,1.9786,3.6148
"GTEX.111VG.2226.SM.5N9DU","NonTumor",1.9638,0.4967,1.2696,-0.1665,3.3134,2.4597,-1.685
"TCGA.5M.AAT5.01","Tumor",0.8961,2.1213,2.8076,2.328,2.0776,2.2753,1.3956
"GTEX.13FHO.2726.SM.5K7VG","NonTumor",2.6019,0.9268,4.9355,-3.6259,3.5633,2.874,-4.2934
"TCGA.CK.6748.01","Tumor",1.2934,1.2333,2.3077,2.6395,2.0878,1.2085,1.1316
"GTEX.O5YW.1426.SM.3MJHF","NonTumor",2.3308,1.46,3.2944,2.7594,3.9232,2.7763,2.6873
"TCGA.A6.5665.11","NonTumor",-0.3201,0.5859,3.4569,1.177,2.2421,2.5948,2.2019
"GTEX.OHPM.1426.SM.3TW8Y","NonTumor",1.0711,1.5612,4.437,1.3791,3.695,2.3366,2.2299
"GTEX.Z93S.2426.SM.5HL8N","NonTumor",2.9581,0.537,-1.1488,-9.9658,3.9108,2.5852,-3.6259
"GTEX.XGQ4.1726.SM.4RH4G","NonTumor",1.4859,1.4962,0.8327,-0.394,3.0446,1.7446,-9.9658
"GTEX.11P7K.1826.SM.5HL5A","NonTumor",0.9568,0.058,0.4657,-6.5064,3.97,1.8078,-3.0469
"TCGA.AZ.4684.01","Tumor",0.1257,-1.2142,3.0671,1.3225,2.2663,2.6418,-0.0574
"GTEX.13FH7.1526.SM.5J2N6","NonTumor",1.0007,0.2277,3.3177,-5.5735,3.8075,2.2573,-4.035
"TCGA.AA.3517.11","NonTumor",0.2881,1.5806,2.3649,1.5366,2.3222,2.93,2.7951
"GTEX.TKQ1.0626.SM.4DXTS","NonTumor",1.1184,0.2277,0.537,-5.0116,4.1604,2.6556,-4.035
"TCGA.G4.6302.01","Tumor",0.1124,0.3115,2.2901,-0.7834,3.5337,2.6278,0.8327
"TCGA.AU.6004.01","Tumor",0.434,-1.9942,4.1244,-2.3884,3.8876,3.034,2.609
"GTEX.ZDTS.2726.SM.5L3E2","NonTumor",1.6281,0.0718,1.9895,-6.5064,3.8095,1.787,-9.9658
"GTEX.145ME.0826.SM.5O9AF","NonTumor",2.004,0.058,0.605,-5.0116,4.3068,2.5876,-1.5522
"TCGA.G4.6310.01","Tumor",0.5955,3.0944,0.9642,-0.1504,3.1987,3.3017,1.7995
"GTEX.ZP4G.1726.SM.4WWCM","NonTumor",0.3685,0.9642,3.1637,1.5216,3.9327,2.5756,2.9802
"GTEX.YEC3.2426.SM.5IFJR","NonTumor",1.0293,0.679,2.7073,1.9564,4.4719,2.3135,2.5487
"GTEX.13OVI.2126.SM.5KM3U","NonTumor",1.3567,0.1257,0.7058,-6.5064,3.741,2.7763,-3.6259
"TCGA.CA.5255.01","Tumor",-0.1665,1.3454,3.7291,1.8078,2.7051,2.6302,1.5998
"TCGA.NH.A6GA.01","Tumor",1.5514,3.1604,0.9115,0.9642,1.6875,3.4102,0.7493
"TCGA.AA.3655.01","Tumor",1.0151,0.4552,3.3591,1.4756,2.6984,2.9413,1.9749
"GTEX.XV7Q.2226.SM.4BRVY","NonTumor",2.0465,1.1382,2.0569,-5.5735,4.4634,2.233,-3.458
"TCGA.A6.2678.11","NonTumor",0.9642,1.9264,3.0825,2.7314,2.3898,3.1733,3.154
"TCGA.CM.5863.01","Tumor",-0.0425,2.9469,1.9452,4.0584,2.8522,2.3451,0.4657
"GTEX.12696.1926.SM.5EGJT","NonTumor",1.0007,0.6239,1.2875,-5.5735,3.9012,2.6918,-1.5105
"TCGA.G4.6304.01","Tumor",0.9642,-5.0116,2.7183,-0.2159,4.4823,3.4739,2.828
"TCGA.CM.6678.01","Tumor",0.8408,-2.9324,1.7489,1.3679,3.0038,2.4412,2.7422
"GTEX.WYJK.2326.SM.4ONDN","NonTumor",2.7161,1.3051,4.178,2.4831,3.8085,3.2343,3.3032
"TCGA.A6.5657.01","Tumor",-0.1504,0.7832,1.8604,1.2815,2.043,3.1045,0.3231
"TCGA.A6.2672.01","Tumor",-1.93783368149,-3.4579515442,2.83513293969,-1.70840698098,0.949358619452,2.1987755544,1.00070040815
"TCGA.D5.6930.01","Tumor",-0.4719,-1.9379,3.1228,5.7453,3.637,3.1701,2.9655
"TCGA.F4.6805.01","Tumor",-1.0559,2.0535,2.4805,2.8858,2.3135,1.6875,0.2762
"GTEX.YEC3.2026.SM.4WWFL","NonTumor",1.4335,0.6517,2.7249,-1.5522,4.1636,2.3019,-3.816
"TCGA.DM.A28M.01","Tumor",2.6895,2.081,2.2299,0.044,2.2019,1.177,0.8164
"GTEX.14C38.2626.SM.5RQI4","NonTumor",0.6425,-2.5479,0.688,-2.9324,3.8561,1.0007,0.2029
"TCGA.QL.A97D.01","Tumor",0.2522,0.517,-0.0277,0.547,1.1706,3.2944,2.1606
"GTEX.ZYT6.2826.SM.5GICX","NonTumor",1.5013,1.3109,0.4552,-4.035,3.9166,2.9167,-9.9658
"GTEX.ZQUD.1026.SM.4YCEZ","NonTumor",0.6145,1.3051,4.4417,1.5902,2.9243,2.7465,3.47
"GTEX.ZVZQ.2626.SM.59HLB","NonTumor",0.9642,-0.9406,1.5709,-1.5105,2.7029,2.6114,-9.9658
"TCGA.3L.AA1B.01","Tumor",-1.0862,3.3828,1.8484,1.5709,0.9343,2.3048,2.7401
"TCGA.CM.5860.01","Tumor",-0.2671,-0.1187,0.517,1.2992,2.3423,2.2753,-1.5522
"GTEX.ZPU1.1726.SM.4WWFV","NonTumor",1.1316,0.8805,2.6624,-9.9658,4.5964,2.8858,-1.5522
"TCGA.A6.2684.11","NonTumor",0.24,1.4547,3.1426,0.537,2.9893,2.9338,1.3283
"GTEX.XAJ8.0426.SM.47JYJ","NonTumor",-3.3076,0.1257,1.5563,-6.5064,4.0357,1.595,-3.3076
"TCGA.AA.3534.11","NonTumor",2.4063,1.9786,2.9205,1.9895,2.753,3.154,2.6232
"TCGA.A6.2679.11","NonTumor",2.036,1.5806,2.6962,0.8408,2.5061,2.6302,2.667
"TCGA.SS.A7HO.01","Tumor",-1.5951,2.8117,0.7748,1.884,0.9862,1.334,1.3397
"GTEX.YJ8A.1726.SM.5P9IQ","NonTumor",0.1776,0.4967,1.2147,3.1079,3.2766,2.5462,1.7786
"GTEX.T6MO.0826.SM.4DM51","NonTumor",1.9452,0.346,1.9968,-0.9971,4.449,2.2753,-0.8339
"TCGA.D5.6537.01","Tumor",-0.9686,2.4985,2.4908,-1.5105,1.692,1.8722,2.0111
"TCGA.AA.3495.01","Tumor",0.7407,0.5859,3.6219,0.2277,2.7889,2.0111,1.2636
"TCGA.CA.5254.01","Tumor",-1.2828,-2.3147,4.2973,-0.7346,1.9377,2.9262,-1.5522
"TCGA.AD.A5EK.01","Tumor",0.6145,-4.2934,-0.3566,1.2815,2.0979,3.1278,-1.3548
"TCGA.CK.6746.01","Tumor",1.5266,-2.114,2.1313,4.7214,3.1844,3.0825,-1.5105
"TCGA.CA.6718.01","Tumor",-0.5125,-1.6394,2.409,-2.2447,5.2048,2.1047,1.6695
"TCGA.AY.5543.01","Tumor",-0.7108,-0.9406,2.8622,1.6093,1.412,2.0183,2.128
"GTEX.Y114.1626.SM.4TT7I","NonTumor",0.7999,0.24,3.0774,-9.9658,4.5028,2.5263,-1.9379
"TCGA.CK.4952.01","Tumor",-1.3548,-3.6259,2.05,6.87,2.6647,2.9224,2.1862
"TCGA.F4.6807.01","Tumor",0.5859,0.5955,1.8564,1.5806,2.036,2.0535,1.3454
"GTEX.NFK9.2026.SM.3LK5K","NonTumor",0.9716,0.346,3.573,0.099,3.0893,2.8838,2.1411
"GTEX.12C56.0626.SM.5EGGC","NonTumor",2.0325,1.6234,4.1103,3.0056,2.362,2.9319,3.3061
"TCGA.CK.5915.01","Tumor",1.2333,1.3283,1.949,1.7912,2.4727,1.6327,1.5998
"GTEX.ZVP2.1526.SM.5NQ82","NonTumor",-0.7346,0.7999,3.1604,2.081,2.2901,1.9149,2.1988
"TCGA.A6.6781.01","Tumor",-0.50567645566,1.30898048068,3.54280564699,2.65938224223,2.72850384464,2.30770774878,-0.296274645743
"TCGA.AZ.6605.11","NonTumor",0.8246,1.0573,0.4233,-1.7322,3.9774,2.0707,-0.1345
"TCGA.AU.3779.01","Tumor",1.4174,1.9564,2.2237,-0.394,3.162,1.4388,1.5165
"TCGA.DM.A1D4.01","Tumor",0.2881,-5.5735,4.4693,2.2482,1.2516,2.4332,3.0305
"GTEX.13PVR.1726.SM.5Q5EC","NonTumor",1.7954,-0.0725,1.0363,-9.9658,3.7259,2.1574,-9.9658
"TCGA.DM.A1D0.01","Tumor",0.24,1.614,1.4808,-1.3548,0.7916,3.5073,2.5213
"GTEX.T5JW.1126.SM.4DM5V","NonTumor",-0.6643,1.1706,3.6428,3.5149,2.6302,2.5487,3.6543
"GTEX.13OW6.2226.SM.5N9FL","NonTumor",3.1245,0.7664,1.4652,-4.035,3.9431,2.9052,-0.9406
"GTEX.13U4I.2426.SM.5LU34","NonTumor",2.1957,1.0983,0.1776,-3.0469,3.7614,2.8779,-2.2447
"TCGA.A6.2671.11","NonTumor",2.7805,1.1382,2.4779,2.7073,2.9148,3.4583,2.874
"TCGA.CM.6675.01","Tumor",0.5568,-2.7274,4.6012,-1.2828,2.5238,2.0604,-3.816
"GTEX.11PRG.2026.SM.5GU5F","NonTumor",1.125,0.2154,1.5316,-6.5064,3.6497,2.59,-2.9324
"TCGA.AY.6197.01","Tumor",-1.685,-1.1811,4.2419,-1.8314,3.1669,2.5137,-0.8339
"GTEX.12BJ1.2026.SM.5FQUH","NonTumor",0.7664,-0.0574,0.6699,-6.5064,4.0807,2.5658,-2.8262
"GTEX.11ZU8.1126.SM.5EQ5K","NonTumor",2.9747,0.9419,1.9188,-6.5064,3.755,2.0638,-5.0116
"GTEX.YF7O.1726.SM.5IFJ9","NonTumor",1.9111,1.7489,3.4007,4.4074,2.7139,2.1734,3.5073
"TCGA.DM.A28K.01","Tumor",-0.7834,2.4883,4.7345,6.6668,3.1278,2.2113,2.9581
"GTEX.WY7C.1926.SM.4ONCI","NonTumor",1.9149,0.7664,0.6517,-5.5735,5.1607,2.4857,-3.816
"GTEX.145MO.2626.SM.5QGPD","NonTumor",1.949,0.2642,1.0642,-9.9658,4.6341,2.9167,-3.3076
"GTEX.12BJ1.2126.SM.5BC5O","NonTumor",0.7058,1.1316,3.4437,2.6255,2.5585,3.0859,3.1377
"TCGA.G4.6307.01","Tumor",1.595,-0.5332,3.3364,0.9038,3.335,3.4517,2.7205
"GTEX.145MN.1726.SM.5SIA6","NonTumor",0.9568,1.8119,4.1161,2.4439,2.5804,3.0791,2.8381
"GTEX.11EI6.2626.SM.5PNVT","NonTumor",3.1588,0.8488,0.7999,-6.5064,4.8793,3.055,-5.0116
"GTEX.132NY.2726.SM.5PNY2","NonTumor",1.9226,0.7916,2.2268,-9.9658,4.1612,2.5061,-2.6349
"GTEX.TML8.1326.SM.4DXTO","NonTumor",-0.4325,1.5064,4.402,4.0756,3.1797,2.8462,3.6486
"GTEX.148VJ.2626.SM.5QGPI","NonTumor",2.3536,0.1388,2.3898,-2.8262,3.3619,3.0217,-1.3183
"TCGA.CM.5861.01","Tumor",0.7579,1.0293,2.7117,4.2001,3.7804,2.5585,1.9415
"GTEX.XXEK.1826.SM.4BRVC","NonTumor",2.8681,0.2522,2.7161,-2.8262,2.9338,1.9786,-5.0116
"TCGA.CA.5796.01","Tumor",0.688,-0.3566,2.828,5.0339,2.0844,1.7229,2.2723
"TCGA.AZ.4323.01","Tumor",-0.9971,3.1011,1.4174,0.9935,2.4252,2.7487,2.3077
"TCGA.DM.A1DA.01","Tumor",-0.8339,3.1733,2.6441,2.2573,5.8097,3.8521,1.2815
"TCGA.D5.6928.01","Tumor",0.6608,0.03,0.7999,1.6281,3.8054,2.004,0.5763
"TCGA.AA.3685.01","Tumor",0.2762,1.2333,1.4859,1.3397,3.3619,2.3077,1.7316
"GTEX.ZF2S.1926.SM.4WWAN","NonTumor",0.6425,1.4388,4.0619,2.1957,2.4727,2.7742,3.1939
"GTEX.OXRK.1726.SM.3NB16","NonTumor",1.9073,1.595,4.1867,4.0322,2.9911,2.496,3.6657
"GTEX.PLZ5.1126.SM.3P613","NonTumor",0.0854,1.7532,4.0445,2.2391,3.0038,2.8858,2.9911
"GTEX.Z93S.2626.SM.57WBX","NonTumor",3.6474,0.7748,1.2992,-3.816,4.1804,3.7593,-5.0116
"GTEX.145MH.2726.SM.5QGQ6","NonTumor",1.5758,0.5666,1.2516,-6.5064,4.1652,3.7193,-1.0559
"TCGA.A6.5664.01","Tumor",-0.6643,0.8082,2.2633,4.1277,2.2573,1.9749,1.9786
"TCGA.AZ.5407.01","Tumor",-0.2328,-2.2447,2.3308,2.8034,3.3703,3.5136,1.1577
"TCGA.AA.3522.11","NonTumor",1.0573,2.1013,3.3925,1.2147,2.5948,2.7931,2.8158
"GTEX.1339X.1726.SM.5P9J9","NonTumor",2.2299,0.3573,1.1706,-6.5064,3.8915,2.8117,-3.1714
"TCGA.AA.3496.11","NonTumor",2.7847,1.0007,2.5087,1.4335,4.1119,2.2237,1.2756
"GTEX.11P7K.1526.SM.5EGI7","NonTumor",1.0079,1.1316,3.2374,1.5165,2.727,2.0638,2.8442
"TCGA.AY.6196.01","Tumor",0.6239,2.0979,3.7646,4.1244,3.5535,2.2543,-2.1779
"GTEX.11DXZ.1626.SM.5GIDI","NonTumor",0.2762,0.3346,2.3106,-9.9658,3.8944,2.5288,-9.9658
"TCGA.D5.6920.01","Tumor",-0.3752,0.5955,3.3952,2.0673,2.362,1.0711,2.362
"TCGA.F4.6461.01","Tumor",0.679,-0.3752,3.7083,4.0082,2.8014,2.5112,-0.6643
"GTEX.Y8LW.1226.SM.4WWDP","NonTumor",1.6964,0.2522,3.0585,-0.7834,4.3807,2.0325,-0.394
"GTEX.14BMU.1326.SM.5RQIH","NonTumor",0.7579,0.4233,1.6374,-4.2934,3.7919,2.004,-0.9406
"TCGA.A6.5667.11","NonTumor",-0.1504,1.0573,3.1245,3.1228,2.791,2.8178,3.6872
"TCGA.D5.6540.01","Tumor",-0.2328,-2.0529,5.1408,3.7688,3.2313,3.3661,-1.4305
"GTEX.12WSJ.1426.SM.5GCON","NonTumor",-0.4325,0.03,1.3623,-5.5735,3.7421,2.0604,-2.2447
"GTEX.X4EO.2726.SM.4E3HS","NonTumor",3.794,-0.0877,0.7748,-2.9324,3.5994,2.7487,-1.9942
"TCGA.G4.6297.01","Tumor",2.1988,2.5511,2.7763,0.7832,2.4934,2.1766,-0.6416
"GTEX.XQ8I.2126.SM.4BOOM","NonTumor",3.1749,1.4859,3.8759,1.6558,3.2587,1.2756,3.0859
"TCGA.A6.2686.01","Tumor",2.0254,-2.1779,4.0383,-2.1779,4.4861,1.5998,2.5852
"TCGA.DM.A28F.01","Tumor",0.7664,3.1409,4.4183,0.7832,2.5413,2.6161,1.8957
"GTEX.WY7C.1626.SM.4ONC8","NonTumor",0.4552,0.7748,1.2992,-4.6082,4.8243,1.3901,-9.9658
"GTEX.VJYA.2026.SM.4KL1K","NonTumor",0.7579,0.3685,3.8944,1.46,3.8964,2.7826,3.3856
"TCGA.CA.5256.01","Tumor",-0.6643,-0.7834,3.0723,0.1776,4.0799,0.6239,1.0642
"TCGA.A6.6142.01","Tumor",0.537,1.9302,2.5213,-1.3183,3.5815,2.1734,0.605
"GTEX.13113.1426.SM.5EGHU","NonTumor",2.7951,1.177,4.4263,2.2452,3.3773,2.5388,3.3264
"GTEX.ZPU1.1926.SM.57WDT","NonTumor",-1.0559,1.0711,2.1047,2.982,2.7657,2.77,3.3814
"GTEX.S341.1426.SM.4AD6U","NonTumor",2.233,0.1257,2.2543,-6.5064,4.6713,2.77,-1.7809
"TCGA.AZ.6608.01","Tumor",-0.1665,3.1045,4.5079,-0.3752,3.1908,3.6566,2.1013
"GTEX.145ME.1126.SM.5SIAT","NonTumor",1.5709,-0.2328,1.412,-5.5735,4.0366,2.5462,-1.9379
"GTEX.111YS.1626.SM.5GZZ9","NonTumor",0.9038,0.2762,0.7233,-6.5064,4.3435,2.4008,-5.0116
"GTEX.14C39.1626.SM.5S2P4","NonTumor",1.0293,0.099,3.0074,-0.7108,3.9374,2.3019,-1.685
"GTEX.RM2N.0926.SM.48FD1","NonTumor",2.3048,1.5216,3.7656,1.6466,2.7889,2.8117,2.2663
"GTEX.117YX.0826.SM.5H11J","NonTumor",-1.4305,0.0014,0.7832,-6.5064,4.5934,1.7828,-1.7322
"GTEX.11DXZ.1726.SM.5H12M","NonTumor",0.679,0.9716,4.8294,1.5514,2.6395,2.727,2.8562
"TCGA.A6.6141.01","Tumor",0.2998,1.3901,3.7389,5.1363,2.7847,0.6425,3.3605
"TCGA.G4.6306.01","Tumor",1.6093,2.167,2.2603,-0.6643,1.674,3.6277,2.0535
"TCGA.AA.3525.11","NonTumor",2.0183,1.0433,2.4701,1.9895,2.9507,2.8462,2.9637
"TCGA.D5.6922.01","Tumor",0.5568,2.2603,3.4648,-0.3201,2.7379,2.0673,0.6699
"GTEX.Q734.1126.SM.48TZY","NonTumor",0.7493,1.614,4.5186,2.7951,3.1685,2.3843,3.1876
"GTEX.QDVJ.1326.SM.48U1X","NonTumor",1.7617,0.1124,3.4129,0.24,3.2112,1.7575,1.4911
"TCGA.DM.A288.01","Tumor",-1.9942,-5.5735,4.5976,-0.8599,2.4727,2.6114,1.5064
"TCGA.AZ.6600.11","NonTumor",-3.816,0.9038,0.9038,2.8301,2.4306,2.8858,3.1228
"GTEX.145LT.0926.SM.5LU9C","NonTumor",1.3623,2.0254,3.4102,2.5213,2.8137,3.3407,3.7204
"GTEX.OIZH.1426.SM.3NB1O","NonTumor",0.2642,1.4281,4.0756,1.1833,3.8177,2.5996,2.1798
"GTEX.XV7Q.2126.SM.4BRVX","NonTumor",-0.7834,1.9931,4.2389,1.9264,2.8462,2.3106,2.9875
"GTEX.11P81.1426.SM.5P9JN","NonTumor",2.971,0.9789,1.5115,-9.9658,3.9599,2.685,-5.5735
"GTEX.WEY5.1426.SM.4LMJ3","NonTumor",1.1641,-0.4921,1.2875,-5.5735,4.0233,2.0535,-2.7274
"GTEX.W5WG.2426.SM.4LMI6","NonTumor",0.346,1.0222,3.5803,2.3649,2.6805,2.5561,3.0602
"TCGA.DM.A1HB.01","Tumor",-0.9132,-3.816,4.4855,2.578,2.753,2.5137,1.2147
"GTEX.13OVJ.1826.SM.5KM2D","NonTumor",1.8323,-0.1504,3.6066,-3.0469,2.7972,2.8779,-2.1779
"GTEX.RU1J.1326.SM.46MUL","NonTumor",0.8164,0.7832,3.6961,1.6604,4.2563,2.5536,2.5437
"GTEX.R55D.1826.SM.48FEF","NonTumor",1.0983,2.1378,4.2189,0.7664,2.7205,2.826,2.8137
"GTEX.X3Y1.1726.SM.4PQZL","NonTumor",0.044,1.3567,2.5756,3.5187,3.0825,2.6302,2.2237
"GTEX.12WSJ.1526.SM.5GCNI","NonTumor",0.688,0.3231,1.1833,-4.6082,3.3661,2.1925,-1.5105
"GTEX.14E6E.1526.SM.5RQIG","NonTumor",1.7229,0.4865,4.764,1.8683,2.8178,2.6715,2.876
"TCGA.A6.2682.01","Tumor",2.3649,1.8201,4.7986,0.2029,2.6602,2.4857,0.8408
"GTEX.X15G.1526.SM.4PQZM","NonTumor",3.3925,0.7748,2.4412,-5.0116,4.9547,2.7007,-4.6082
"GTEX.PWOO.1326.SM.48TCJ","NonTumor",-2.3147,1.8078,3.4251,4.3321,3.2282,1.9675,2.5948
"TCGA.CK.4951.01","Tumor",-0.1031,2.2237,2.0076,0.1776,2.7444,2.0254,2.5852
"TCGA.CK.4948.01","Tumor",1.1706,-0.4131,1.7229,0.4761,2.874,2.0878,1.8996
"GTEX.13FH7.1626.SM.5J2O9","NonTumor",1.334,0.5271,2.1957,-9.9658,4.4588,2.4198,-9.9658
"GTEX.ZVT2.1726.SM.51MRO","NonTumor",1.0007,-0.3566,2.362,-6.5064,4.4932,2.4306,-3.1714
"GTEX.13QBU.1826.SM.5IJG3","NonTumor",1.3109,1.3051,3.7356,2.7401,2.496,2.5437,2.6624
"GTEX.QEL4.1926.SM.4R1JI","NonTumor",2.043,1.5854,3.9617,1.2696,3.6254,2.4675,2.6487
"TCGA.F4.6856.01","Tumor",-0.4521,-2.6349,3.3883,4.0037,4.1086,2.8137,3.0145
"TCGA.F4.6569.01","Tumor",0.434,-0.3752,2.4279,-1.1172,2.753,2.299,1.3397
"TCGA.CM.6163.01","Tumor",0.4657,2.2931,0.8568,2.1213,1.7995,3.0825,1.46
"TCGA.D5.6535.01","Tumor",1.4388,2.2051,4.0109,1.6695,1.9527,1.9749,1.9931
"GTEX.P78B.1726.SM.3P5ZV","NonTumor",2.328,0.9862,2.0673,1.2696,3.2722,1.7954,1.6649
"GTEX.14A5H.1626.SM.5SIAN","NonTumor",1.1316,-1.9379,1.2992,-5.5735,2.9432,2.5972,-3.3076
"TCGA.5M.AAT6.01","Tumor",0.1648,1.177,2.4465,2.4171,4.0046,3.421,-1.5522
"TCGA.A6.5662.11","NonTumor",0.9191,0.688,2.3337,1.787,3.0498,2.791,2.5338
"TCGA.AA.3526.01","Tumor",-1.5522,-1.8314,3.4061,2.6783,3.0671,0.5568,1.6187
"GTEX.UJHI.1126.SM.4IHLN","NonTumor",-0.0877,0.8327,4.8694,3.4933,3.3549,3.1765,3.483
"TCGA.AA.3514.11","NonTumor",-0.4921,0.6969,2.3251,0.517,0.9568,2.3898,1.7617
"TCGA.AD.6895.01","Tumor",-0.3022,1.5366,2.4908,2.9839,2.9356,2.6302,0.8568
"TCGA.G4.6586.01","Tumor",0.2881,-5.0116,4.81,1.2271,2.5511,3.1045,1.8363
"GTEX.13O61.1526.SM.5KM3P","NonTumor",0.2642,-0.3566,0.0014,-4.6082,4.0926,2.1574,-3.458
"TCGA.NH.A8F8.01","Tumor",-0.9132,2.6984,2.8562,1.334,2.676,2.1213,2.108
"TCGA.D5.6529.01","Tumor",0.7748,-0.6873,1.8918,0.1388,2.3926,1.9377,2.9729
"TCGA.DM.A0XF.01","Tumor",-0.1031,2.5683,2.4063,2.4332,3.0961,3.0074,2.9839
"GTEX.XBED.1526.SM.4AT5W","NonTumor",0.4657,0.8408,4.0383,3.0376,3.2587,2.4571,2.3251
"TCGA.A6.5667.01","Tumor",-0.5332,0.0854,1.9302,-0.2328,2.2391,2.9375,0.3573
"GTEX.UJMC.1326.SM.4IHLS","NonTumor",0.3115,1.6604,4.862,2.1411,3.6089,2.8681,3.5535
"GTEX.11TUW.2326.SM.5EQMO","NonTumor",1.0642,-1.0862,4.309,-6.5064,3.5449,2.9432,-3.3076
"GTEX.139YR.2126.SM.5KM11","NonTumor",-0.2328,1.8078,4.1228,2.6487,2.9071,2.0604,3.2328
"GTEX.Y8E4.2426.SM.4WWDN","NonTumor",1.3956,1.412,2.6067,1.2696,3.603,1.9452,2.3508
"TCGA.CM.6169.01","Tumor",-2.8262,2.3077,1.1447,-0.5125,2.3732,1.766,-1.2481
"GTEX.Q2AH.1226.SM.48TZL","NonTumor",-0.013,1.0079,5.0653,2.6278,2.9984,2.1702,3.1228
"GTEX.WQUQ.2626.SM.4MVNP","NonTumor",2.3337,0.9642,1.3397,1.1706,4.5255,2.4117,0.7321
"GTEX.12ZZX.2726.SM.5N9FT","NonTumor",2.3649,0.8568,0.3346,-5.5735,3.5669,3.5136,-3.458
"TCGA.CA.6719.01","Tumor",-1.0559,2.826,3.1781,0.547,2.0844,2.5561,2.0004
"GTEX.11ZTT.1626.SM.5EQKR","NonTumor",2.1444,0.2998,1.0915,-6.5064,3.4687,1.8119,-0.9971
"TCGA.D5.7000.01","Tumor",0.5271,-2.114,3.794,2.5413,2.376,2.7205,2.5061
"TCGA.G4.6625.01","Tumor",0.2029,1.8201,1.9415,2.0004,2.9432,2.4675,1.8363
"TCGA.CM.6680.01","Tumor",2.5363,2.8442,4.3709,4.981,3.0428,2.824,4.3965
"GTEX.YEC3.2026.SM.5CVLQ","NonTumor",0.7999,-0.0425,2.3394,-3.3076,3.9365,2.1894,-3.816
"GTEX.11ZTS.1526.SM.5N9G7","NonTumor",2.6895,-0.0725,2.5924,-3.816,3.8054,2.9875,-1.5522
"GTEX.XUW1.1926.SM.4BOP1","NonTumor",0.044,0.6969,2.2082,1.8722,3.3379,2.578,2.3704
"GTEX.QMRM.1226.SM.447C6","NonTumor",-0.5125,0.7916,3.2002,2.9413,3.483,2.0946,2.3337
"GTEX.WFG7.1526.SM.4LVMG","NonTumor",0.9343,1.5465,3.7783,2.8402,3.0305,2.5263,2.9765
"GTEX.WH7G.1326.SM.4LVMS","NonTumor",2.1988,1.0983,3.3938,2.9413,3.6089,2.7615,1.9264
"TCGA.CM.6166.01","Tumor",-0.6416,3.1195,-0.1504,0.2762,2.299,3.1245,3.2313
"GTEX.Y3I4.1126.SM.4TT7Y","NonTumor",1.5514,-0.1031,1.3735,-6.5064,4.1019,2.2482,-2.0529
"GTEX.12WSL.1626.SM.5GCMU","NonTumor",2.1476,0.5568,1.0503,-3.0469,4.4033,2.6138,-3.0469
"GTEX.W5WG.2026.SM.4LMIB","NonTumor",0.4865,1.1316,4.6571,3.3828,2.233,2.409,3.7138
"TCGA.NH.A6GB.01","Tumor",-0.7346,-2.7274,4.1668,-1.4699,1.5064,2.561,-0.3201
"TCGA.D5.6923.01","Tumor",1.5316,1.7489,1.7532,-0.7346,0.9419,2.3164,1.8524
"TCGA.AZ.4614.01","Tumor",0.9493,2.1638,2.6715,2.6302,2.4934,3.2435,-0.9406
"TCGA.CM.5864.01","Tumor",-0.0277,2.8974,-2.9324,0.058,1.9377,2.3251,-1.8314
"GTEX.147F3.1926.SM.5SIB9","NonTumor",2.0707,1.3791,3.6894,3.6838,3.0199,2.828,3.7919
"GTEX.11EQ8.2626.SM.5N9BO","NonTumor",-2.3147,0.7407,2.1213,-6.5064,3.5249,2.8955,-0.9686
"GTEX.111CU.1226.SM.5EGIN","NonTumor",0.4967,0.0718,3.0498,-5.5735,3.6532,2.909,-3.0469
"TCGA.AA.3655.11","NonTumor",1.5612,1.9564,2.4386,3.1955,3.8075,2.6918,2.8838
"TCGA.CK.5912.01","Tumor",0.7146,3.4224,1.6875,-0.7108,3.795,1.6512,1.3735
"TCGA.D5.6927.01","Tumor",-1.8836,1.0151,4.576,0.0014,3.8198,1.3956,1.4962
"GTEX.ZV7C.1526.SM.5NQ72","NonTumor",0.3573,1.2333,4.8334,2.609,3.1195,2.874,3.3307
"TCGA.QG.A5YW.01","Tumor",0.1776,-3.0469,3.8401,3.2282,1.9564,2.7357,3.3293
"GTEX.11TTK.2426.SM.5PNYO","NonTumor",2.4465,0.7999,2.6043,-5.0116,4.2624,2.971,-3.816
"GTEX.ZY6K.1326.SM.5GZWP","NonTumor",-0.0877,0.099,1.7097,-6.5064,3.991,1.9302,-2.0529
"TCGA.D5.6532.01","Tumor",-1.3921,1.4911,2.299,-0.5332,2.2872,2.4465,2.1147
"TCGA.CM.6172.01","Tumor",-0.0277,0.4967,1.177,2.5413,2.9544,2.4908,3.2856
"GTEX.13CF2.1826.SM.5N9GK","NonTumor",2.4412,0.9716,2.6533,-0.5973,4.1563,2.6715,-1.3548
"TCGA.D5.6533.01","Tumor",-1.4699,-2.2447,2.1013,-0.7588,2.3871,2.0535,-1.3183
"GTEX.13PL7.2526.SM.5IFGR","NonTumor",0.0718,0.7832,4.1684,1.7702,2.0776,2.7095,2.8321
"TCGA.AA.3697.11","NonTumor",0.058,0.8647,2.3048,3.0305,3.0163,2.1247,1.6374
"TCGA.DM.A28H.01","Tumor",-0.3022,2.2421,0.6517,-0.9686,2.6783,2.5413,0.6608
"TCGA.F4.6460.01","Tumor",0.2881,3.7846,3.5337,2.8916,3.7345,3.3206,1.1117
"TCGA.D5.5540.01","Tumor",0.2154,2.5658,2.128,3.1426,2.5137,1.7009,-1.1811
"TCGA.A6.5660.01","Tumor",0.3573,1.2147,2.5756,1.2992,2.1411,2.5948,3.2143
"TCGA.F4.6463.01","Tumor",-1.3548,1.8119,1.8564,2.9488,2.982,1.642,1.0433
"GTEX.133LE.1526.SM.5IFEN","NonTumor",0.099,1.412,3.9737,4.3499,1.7053,2.4544,3.4318
"TCGA.CM.6170.01","Tumor",-2.3147,-1.5951,2.3788,1.949,1.6785,1.9712,1.5514
"GTEX.1399R.2226.SM.5P9JB","NonTumor",0.1903,1.4011,4.1153,1.7954,3.0498,3.2856,3.9403
"TCGA.AA.3662.11","NonTumor",1.2455,2.3451,3.2944,4.5946,2.9469,2.9747,3.1011
"TCGA.QG.A5Z2.01","Tumor",0.8726,-1.5105,3.9289,6.097,2.9338,2.9052,2.8014
"TCGA.A6.2675.11","NonTumor",1.7786,1.0433,1.7828,2.108,3.0568,2.1345,3.055
"GTEX.Y5LM.1526.SM.4VDTA","NonTumor",0.9343,1.3283,4.5934,2.7227,2.9525,2.9356,2.6533
"GTEX.WFG8.1526.SM.5CHSI","NonTumor",-9.9658,-9.9658,-9.9658,-9.9658,-9.9658,-9.9658,-9.9658
"GTEX.1212Z.1826.SM.5FQSH","NonTumor",1.6045,0.2998,1.0915,-2.5479,4.3133,2.7615,-0.2671
"GTEX.ZXES.1626.SM.5NQ7L","NonTumor",1.3956,-0.3022,0.434,-5.0116,3.0358,2.118,-2.6349
"GTEX.13111.0726.SM.5DUVE","NonTumor",1.1117,0.8327,4.0348,2.0325,2.7931,2.9984,3.5547
"GTEX.131XE.1026.SM.5EGKE","NonTumor",1.2023,0.517,1.105,-9.9658,4.2795,2.2693,-2.0529
"GTEX.ZEX8.1926.SM.4WKFR","NonTumor",1.1577,0.9568,4.5205,2.1378,2.7763,2.236,3.1311
"TCGA.G4.6294.01","Tumor",3.1892,3.6474,-0.2845,-0.5756,3.1749,2.3479,2.8402
"GTEX.13OW8.2726.SM.5L3FZ","NonTumor",2.77,0.4016,0.7058,-9.9658,3.863,3.0287,-2.5479
"GTEX.11ILO.2026.SM.5N9CQ","NonTumor",0.7832,1.4388,2.5288,0.4761,3.2002,1.642,-0.9971
"TCGA.D5.6530.01","Tumor",2.2633,-0.5973,3.3993,4.352,3.0074,2.909,3.3177
"GTEX.145LS.2926.SM.5O99G","NonTumor",4.178,0.9115,1.6785,-5.5735,4.1875,2.9167,-3.0469
"GTEX.145MO.2426.SM.5NQ9W","NonTumor",1.8484,0.3231,0.9343,-3.0469,4.2173,2.8582,-2.5479
"TCGA.G4.6315.01","Tumor",2.1378,1.692,2.9784,2.2299,1.8282,2.0325,1.5115
"TCGA.AA.A01P.01","Tumor",-0.8339,-1.3183,2.9692,-0.4719,3.2647,2.7029,-1.6394
"TCGA.G4.6303.01","Tumor",1.3167,-2.4659,2.685,0.4552,1.7828,2.7805,-1.2142
"GTEX.13FHP.2426.SM.5KLZ5","NonTumor",2.2543,0.8488,0.8082,-0.8339,4.018,2.3106,-1.3548
"GTEX.13O21.2426.SM.5MR4A","NonTumor",2.5437,1.7316,4.9383,2.7357,2.8838,2.3366,3.5274
"GTEX.132AR.2726.SM.5PNVN","NonTumor",-0.8084,2.1345,3.3869,1.8524,2.4779,2.1213,3.2127
"TCGA.AZ.4682.01","Tumor",2.1894,-2.114,2.4359,2.3222,1.4756,1.9786,2.3871
"TCGA.AA.3527.11","NonTumor",2.2051,1.4065,2.0325,1.6695,2.5413,2.5561,2.4934
"TCGA.AD.6890.01","Tumor",-0.0574,1.8996,3.5461,1.9264,2.7572,1.9527,3.506
"GTEX.XAJ8.0726.SM.47JY5","NonTumor",-0.9971,-0.7834,2.5087,-0.9406,3.9534,1.7954,-0.9132
"GTEX.ZYWO.1626.SM.5E44H","NonTumor",-1.1488,1.2085,3.832,1.736,2.9488,1.0151,2.1988
"TCGA.AD.6889.01","Tumor",-0.3752,-3.816,3.4971,1.9895,4.3569,2.5924,1.4228
"GTEX.147GR.2826.SM.5RQK8","NonTumor",3.3264,0.7321,0.7999,-3.816,3.2856,3.1442,-4.035
"GTEX.XUW1.1826.SM.4BOQD","NonTumor",0.03,-0.0574,1.4281,-2.6349,4.2173,2.5756,-2.9324
"GTEX.11DXX.1826.SM.5H126","NonTumor",0.1776,0.7832,4.9132,2.3394,2.7465,2.6918,3.2002
"TCGA.CK.4950.01","Tumor",1.1316,2.2175,1.4808,2.7029,2.4412,2.3222,1.5366
"TCGA.CM.5344.01","Tumor",-1.2142,1.5316,2.3732,3.6928,3.29,2.9655,-0.6643
"TCGA.QG.A5Z1.01","Tumor",0.537,0.7146,3.6759,-0.8863,2.3308,2.676,1.8722
"GTEX.1122O.1426.SM.5H11R","NonTumor",0.4967,-0.5543,0.9038,-3.3076,4.4823,2.685,-4.2934
"GTEX.ZAB4.2226.SM.5HL97","NonTumor",3.242,1.0642,4.0401,-1.6394,3.208,1.8484,0.3796
"TCGA.G4.6628.01","Tumor",1.0779,-2.3147,0.6332,5.4793,3.1212,3.5047,-3.458
"TCGA.D5.6534.01","Tumor",-0.0725,0.0014,0.6517,0.3796,2.5413,2.8442,1.9786
"GTEX.12WSM.1426.SM.5GCPA","NonTumor",0.6969,-0.0277,0.1648,-1.8314,3.7857,2.9128,-3.816
"GTEX.WXYG.1726.SM.4ONCU","NonTumor",0.6145,-0.0725,2.2901,-6.5064,4.2056,2.6693,-5.0116
"TCGA.AA.3663.11","NonTumor",2.3164,1.614,2.2573,0.6969,3.0092,2.5288,2.0465
"TCGA.A6.5659.01","Tumor",0.560069731623,2.52463570621,2.25230291305,0.827263158932,1.6770010975,2.12135982868,0.56329368239
"GTEX.11EMC.1426.SM.5N9E4","NonTumor",0.9493,0.6969,1.4911,-2.4659,3.3828,2.7249,-2.6349
"GTEX.U3ZM.1126.SM.4DXUB","NonTumor",2.7227,1.4065,4.7285,1.4652,3.4971,2.685,3.3787
"TCGA.CM.5862.01","Tumor",1.0363,3.011,0.537,0.6425,2.1638,2.8701,-1.4305
"GTEX.131XE.0826.SM.5HL9W","NonTumor",-0.1187,1.46,3.3993,2.1798,3.2662,2.7336,3.7389
"TCGA.AA.3697.01","Tumor",-0.7588,0.1257,2.9224,1.5064,1.3901,2.128,-0.6643
"TCGA.F4.6704.01","Tumor",0.6145,0.1648,1.8404,5.9267,4.2699,2.676,0.2881
"GTEX.ZA64.1426.SM.5CVMC","NonTumor",2.6302,-1.3183,0.6969,-9.9658,2.8442,2.5683,-4.2934
"TCGA.CK.6751.01","Tumor",0.1776,0.8805,2.3451,2.6278,2.3366,2.4597,2.1574
"GTEX.13111.1926.SM.5GCOL","NonTumor",1.8119,0.5568,0.0854,-6.5064,4.0523,2.7422,-1.9379
"TCGA.AD.A5EJ.01","Tumor",-0.6643,-2.7274,4.4283,5.9791,3.2915,3.0463,2.4465
"TCGA.T9.A92H.01","Tumor",-1.9379,3.3647,3.7138,1.7617,2.8858,1.884,2.5238
"TCGA.AA.3713.11","NonTumor",2.6918,1.6695,1.0915,2.1798,3.5535,2.0465,1.2516
"TCGA.CA.6716.01","Tumor",-0.4921,-2.3147,2.0254,1.8879,2.7742,2.3222,3.492
"TCGA.AA.3660.11","NonTumor",0.9862,2.0979,3.091,3.4856,2.9784,2.6208,2.3898
"TCGA.AA.3489.11","NonTumor",1.3901,1.0079,2.4439,2.7972,3.6242,1.3956,1.5415
"GTEX.13W3W.2226.SM.5LU4M","NonTumor",2.7073,1.3109,2.651,2.4035,2.5363,2.1734,3.3647
"TCGA.AA.A01Z.01","Tumor",-1.1811,2.6602,2.8994,1.6964,2.4571,2.2452,1.7316
"GTEX.13SLW.2826.SM.5Q5ES","NonTumor",2.3308,0.5666,2.4544,-6.5064,4.6059,2.8096,-2.9324
"GTEX.1128S.1626.SM.5H12O","NonTumor",2.9747,1.4335,4.4183,1.0433,3.4237,2.9338,2.3193
"GTEX.14AS3.1126.SM.5Q5CR","NonTumor",2.3704,0.8327,0.7579,-3.3076,3.9459,2.081,-4.2934
"GTEX.Q2AI.0926.SM.48U1F","NonTumor",-0.1187,1.7446,3.8075,2.167,2.8858,2.5731,3.2374
"TCGA.D5.5537.01","Tumor",-0.6643,2.9375,2.9674,0.1388,2.1509,1.816,3.1162
"GTEX.SNOS.1226.SM.4DM5H","NonTumor",0.24,0.5859,3.7269,2.0076,3.8818,2.3451,3.0358
"GTEX.YB5E.1626.SM.5IFIQ","NonTumor",0.0014,0.3346,3.9617,2.7249,2.5924,2.7314,2.8014
"TCGA.D5.6531.01","Tumor",-0.9686,-3.0469,3.29,-1.5105,1.1382,2.8034,-0.7108
"TCGA.G4.6317.02","Tumor",0.0854,2.8522,2.7826,0.2881,2.8877,2.2082,0.9862
"TCGA.DM.A1D9.01","Tumor",-0.2498,-3.6259,-0.1504,3.7302,1.6695,3.0515,2.8055
"TCGA.DM.A1DB.01","Tumor",1.683,2.8402,1.4547,-0.5332,2.9205,3.4102,2.1541
"TCGA.A6.A5ZU.01","Tumor",-0.4719,3.4264,3.2885,-0.8339,2.826,2.4279,-1.5105
"TCGA.NH.A5IV.01","Tumor",0.0014,-4.035,2.6962,2.7805,3.9289,3.4804,3.8218
"TCGA.A6.6651.01","Tumor",0.5568,2.9071,-0.6416,0.1124,3.0323,2.4306,1.6045
"TCGA.CA.6715.01","Tumor",-1.7809,3.5047,3.5742,-0.9686,2.4701,1.4065,1.5415
"GTEX.117XS.2226.SM.5GIE1","NonTumor",1.6785,0.6969,2.3394,-9.9658,3.9421,2.8661,-9.9658
"GTEX.WYVS.1126.SM.4SOJX","NonTumor",2.0111,0.9716,1.0847,-9.9658,4.1425,1.9302,-5.0116
"TCGA.CM.6674.01","Tumor",0.4761,-0.1993,2.376,5.2442,3.0252,2.2421,-0.394
"GTEX.XYKS.2226.SM.4E3IU","NonTumor",-0.3566,1.2875,3.7773,1.46,2.8916,2.5238,2.6873
"TCGA.D5.6932.01","Tumor",2.1702,2.7205,3.603,2.2633,2.4117,3.7215,3.1228
"TCGA.A6.2685.11","NonTumor",-0.7834,0.1257,2.4439,2.9186,2.5061,2.6624,3.2328
"TCGA.A6.6137.01","Tumor",-0.6193,2.4857,3.5682,0.24,1.9822,2.9394,1.8484
"GTEX.117YX.0526.SM.5EGJH","NonTumor",0.2277,0.4865,1.614,-2.0529,4.6317,2.2633,-2.5479
"GTEX.12KS4.2426.SM.5LU8P","NonTumor",1.7403,1.0779,4.232,2.2452,3.2481,1.6785,1.787
"TCGA.CK.5916.01","Tumor",-1.5105,-2.0529,1.5902,-3.1714,2.5731,2.3479,-1.1172
"GTEX.QLQ7.1126.SM.4R1KN","NonTumor",-0.3201,0.7999,1.4547,-5.5735,3.9421,1.7828,-4.6082
"GTEX.ZF2S.1826.SM.4WKFF","NonTumor",0.4865,1.196,1.642,-1.9942,3.7432,1.9712,-1.7322
"TCGA.F4.6459.01","Tumor",-0.3383,2.4883,3.335,-0.5543,3.7961,2.3871,0.1388
"GTEX.ZYFG.1926.SM.5GID5","NonTumor",3.1813,0.517,1.334,-5.0116,3.9289,2.5263,-9.9658
"TCGA.CM.6165.01","Tumor",0.3115,-0.8084,2.5536,2.4035,2.3337,1.6234,2.7721
"TCGA.A6.3810.01","Tumor",-1.6393510898,-2.82623709847,0.903795842718,0.39615183881,1.17695417564,1.32249787217,0.470965956031
"GTEX.14DAR.1526.SM.5RQIX","NonTumor",0.7916,1.5266,4.6,2.4279,1.8918,3.1955,2.8622
"TCGA.A6.6780.01","Tumor",-0.89523763154,-0.0325999698568,2.64564126857,-3.56774477139,1.40287551948,1.41376904659,1.50472680758
"GTEX.14A5I.2426.SM.5Q5CP","NonTumor",1.8957,0.547,2.8562,-3.458,4.1136,2.8799,-2.114
"GTEX.ZF29.1826.SM.4WKG8","NonTumor",2.7742,0.0158,2.7117,-0.5973,3.9099,3.0428,1.4388
"GTEX.ZYVF.2826.SM.5GIDK","NonTumor",1.125,0.4233,3.8993,-3.816,2.6395,1.5216,-2.114
"GTEX.1399S.1926.SM.5J2M5","NonTumor",2.0979,0.7664,4.7458,2.5112,2.3337,2.9784,3.5863
"GTEX.13CF3.1426.SM.5K7YY","NonTumor",-0.5543,-1.2142,0.4016,-6.5064,3.154,1.5216,-2.1779
"TCGA.CM.6677.01","Tumor",0.8082,-2.8262,2.183,-0.013,2.2753,1.8996,1.7273
"GTEX.13O61.1626.SM.5KM3T","NonTumor",1.0573,-0.4719,0.2029,-4.035,3.9223,2.183,-2.9324
"TCGA.G4.6322.01","Tumor",0.2642,-3.0469,4.5693,7.0356,4.2766,3.4156,2.6302
"TCGA.F4.6854.01","Tumor",-0.7588,1.0433,0.5271,2.2573,2.3135,2.376,1.4962
"TCGA.A6.A565.01","Tumor",-0.0277,0.099,4.429,4.6294,2.5011,2.3337,1.3679
"GTEX.ZE9C.2126.SM.4WKGY","NonTumor",3.4291,0.4657,1.6875,-3.3076,4.1748,2.9356,-4.6082
"GTEX.XGQ4.1226.SM.4AT67","NonTumor",1.8683,0.517,2.982,1.0363,3.5596,2.1247,2.0946
"TCGA.A6.A56B.01","Tumor",-0.1031,-2.0529,3.0533,1.5854,0.9343,3.4075,2.4306
"GTEX.WFG8.1726.SM.4LVM6","NonTumor",1.5902,-0.0425,0.7999,-2.7274,4.4771,2.8178,-2.7274
"TCGA.AY.A54L.01","Tumor",-0.8863,0.7407,2.8542,1.5612,3.7518,1.9415,0.9642
"TCGA.A6.5665.01","Tumor",-1.37954376768,-3.12865296087,4.11750520129,2.84148897844,2.70288236127,1.37353652713,0.898685445676
"TCGA.A6.2677.01","Tumor",0.872599650449,-2.54795793376,2.42655185417,-2.87828765659,-0.0649147034874,0.953085096707,0.50184090759
"TCGA.CM.6162.01","Tumor",-0.8084,-0.013,2.3732,3.8208,2.4386,1.3283,2.0465
"GTEX.144GM.1226.SM.5LU52","NonTumor",-0.3566,0.5955,3.1011,3.0234,2.0604,2.1606,1.105
"GTEX.WI4N.2226.SM.4OOS9","NonTumor",1.9073,-0.7346,4.9561,-2.2447,3.637,2.5413,-2.8262
"TCGA.D5.6541.01","Tumor",0.688,1.2576,1.1382,-0.394,2.1702,1.9859,1.2992
"TCGA.CM.5348.01","Tumor",0.7146,2.9432,2.8542,-0.4719,2.9148,3.0978,1.4228
"GTEX.11GSP.1626.SM.5986N","NonTumor",1.334,-0.3752,2.5707,-5.5735,3.4971,2.5828,-3.1714
"TCGA.4T.AA8H.01","Tumor",-0.9132,1.9073,2.5087,2.685,3.2811,3.5766,2.6302
"GTEX.13D11.0826.SM.5KLZJ","NonTumor",1.125,1.2394,4.5405,1.5661,2.7594,2.791,2.753
"TCGA.5M.AATA.01","Tumor",0.2522,-2.9324,0.6145,2.3788,2.3732,2.8178,3.0808
"TCGA.AY.A71X.01","Tumor",1.0363,-0.3201,4.026,5.3855,2.9052,2.59,3.1955
"TCGA.NH.A50T.01","Tumor",-2.2447,-3.6259,3.3478,-1.4699,2.6208,1.9111,2.6395
"TCGA.AA.3520.11","NonTumor",-0.3752,1.2636,2.4279,1.8078,2.1894,3.0038,3.1955
"TCGA.DM.A28C.01","Tumor",0.1903,3.0619,-0.2845,-0.8599,2.6418,1.3109,2.7205
"GTEX.1399R.2126.SM.5K7WZ","NonTumor",1.0779,1.1184,0.6239,-1.9379,3.837,2.3077,-3.816
"GTEX.WOFM.2026.SM.4OOSQ","NonTumor",2.6533,1.4065,4.5485,2.4701,2.8199,2.8877,3.0181
"TCGA.AD.6965.01","Tumor",0.7058,2.2421,3.2096,3.0808,2.3337,2.7117,2.3164
"TCGA.DM.A0XD.01","Tumor",-0.3022,-2.5479,3.4971,-2.114,1.7009,2.4727,2.1345
"GTEX.YEC4.1926.SM.5IFHJ","NonTumor",2.7636,0.044,1.3679,-4.035,3.8857,3.0671,-1.3921
"GTEX.WHWD.1526.SM.4OORV","NonTumor",0.8883,0.8568,1.5612,-4.2934,4.449,2.3732,-2.6349
"GTEX.S7SF.1926.SM.4AT5B","NonTumor",0.5069,1.5854,4.3779,1.7185,3.2944,2.5683,2.4332
"GTEX.QCQG.1626.SM.48U26","NonTumor",0.3685,1.3956,4.7788,3.6532,2.9432,2.7993,3.1507
"GTEX.QV31.0826.SM.4R1KR","NonTumor",0.7916,1.0293,3.1458,3.242,2.7972,2.362,3.2929
"TCGA.CA.6717.01","Tumor",-1.5522,0.4447,3.3773,2.4144,2.8321,1.6875,1.1833
"TCGA.A6.6782.01","Tumor",0.547,1.8524,2.8701,0.0718,2.5876,1.6604,1.5902
"TCGA.A6.2674.01","Tumor",-2.17783243357,-1.88361912239,2.44781166436,3.86749062973,1.93206106347,1.63041445194,0.0786174311048
"GTEX.ZP4G.1526.SM.57WE5","NonTumor",1.0847,0.3573,1.3623,-6.5064,4.9878,2.2753,-2.5479
"TCGA.G4.6626.01","Tumor",0.1257,4.1027,3.1892,1.692,2.8681,3.6737,1.8801
"GTEX.132AR.2826.SM.5IJFV","NonTumor",-1.4305,1.3397,-0.5125,-3.6259,4.1376,1.196,-2.3884
"GTEX.WHPG.1626.SM.4M1ZL","NonTumor",3.1653,1.1641,2.2144,-9.9658,4.3492,2.4883,-5.0116
"GTEX.13O1R.2426.SM.5KLZZ","NonTumor",1.8404,-0.2498,3.2343,-9.9658,3.4116,2.4412,-1.1811
"GTEX.11GS4.1826.SM.5HL4T","NonTumor",1.4808,0.4016,0.2522,-6.5064,3.8719,2.7551,-3.0469
"TCGA.CM.4744.01","Tumor",-0.2159,-2.5479,3.1588,-1.9942,3.6928,2.1047,-1.4305
"TCGA.AZ.6605.01","Tumor",0.2998,2.0776,1.4065,1.787,2.6371,2.4727,0.0718
"TCGA.A6.2680.11","NonTumor",0.8488,0.24,2.5876,1.5064,2.6185,3.242,-2.1779
"GTEX.WRHK.1126.SM.4MVOJ","NonTumor",0.8246,-0.4131,1.9786,1.4962,4.1244,2.8661,-0.013
"GTEX.11EQ9.1526.SM.5PNY7","NonTumor",1.7828,0.1776,3.4843,1.4441,3.5645,2.3592,1.0847
"TCGA.AZ.6601.01","Tumor",0.4016,-1.4305,2.9581,0.7579,2.5263,2.4623,-0.0877
"GTEX.XUJ4.2126.SM.4BOOX","NonTumor",2.0604,-0.1665,1.6875,-5.5735,4.5473,2.6738,-9.9658
"GTEX.WFON.1426.SM.4LVMT","NonTumor",2.9893,2.1378,3.9983,1.3051,2.9224,3.1112,3.1717
"GTEX.11P82.1026.SM.5BC5J","NonTumor",1.0779,1.4652,2.4144,1.9034,1.595,1.8444,2.1734
"TCGA.A6.2684.01","Tumor",-1.31832138889,1.40832873384,2.83681089596,-0.97804088033,1.66493144509,1.14902326314,-0.978045506701
"GTEX.ZLV1.1226.SM.4WWBX","NonTumor",2.296,1.6604,3.8013,1.766,2.59,2.5338,3.2049
"TCGA.AZ.4315.01","Tumor",0.4967,2.828,1.7229,-2.6349,4.1748,1.3735,1.334
"TCGA.CM.4751.01","Tumor",1.7489,-0.9132,3.9118,1.9712,1.8242,2.6873,2.167
"TCGA.AA.3675.01","Tumor",-0.013,2.8034,2.6738,-0.5125,3.0323,1.8918,1.4335
"GTEX.X15G.1326.SM.4PQZJ","NonTumor",2.1345,1.0503,4.8069,1.5115,2.9262,2.3337,2.5238
"TCGA.G4.6317.01","Tumor",1.6327,2.4675,1.0151,1.0642,2.7551,3.2466,2.0465
"TCGA.DM.A28A.01","Tumor",-0.1993,2.0325,4.2609,2.296,2.9581,2.9544,0.058
"TCGA.AA.3660.01","Tumor",-0.3383,2.6805,2.6579,2.561,2.5061,1.6695,1.4911
